Time(sec),Force(g),Displacement(mm),Angle(deg),Target_Force(g)
0.003,0.000,0.000,-0.10,0.00
0.005,0.000,0.000,-0.10,0.00
0.010,0.000,0.000,-0.06,0.00
0.013,0.000,0.000,-0.06,0.00
0.025,0.000,0.000,-0.06,0.00
0.030,0.000,0.000,-0.06,0.00
0.034,0.000,0.000,-0.05,0.00
0.035,0.000,0.000,-0.05,0.00
0.036,0.000,0.000,-0.05,0.00
0.037,0.000,0.000,-0.05,0.00
0.042,0.000,0.000,-0.04,0.00
0.047,0.000,0.000,-0.04,0.00
0.048,0.000,0.000,-0.04,0.00
0.049,0.000,0.000,-0.04,0.00
0.050,0.000,0.000,-0.03,0.00
0.054,0.000,0.000,-0.03,0.00
0.064,0.000,0.000,-0.04,0.00
0.066,0.000,0.000,-0.04,0.00
0.067,0.000,0.000,-0.04,0.00
0.071,0.000,0.000,-0.04,0.00
0.085,0.000,0.000,-0.05,0.00
0.093,0.000,0.000,-0.05,0.00
0.099,0.000,0.000,-0.05,0.00
0.099,0.000,0.000,-0.05,0.00
0.120,0.000,0.000,-0.08,0.00
0.121,0.000,0.000,-0.08,0.00
0.121,0.000,0.000,-0.09,0.00
0.126,0.000,0.000,-0.09,0.00
0.129,0.000,0.000,-0.09,0.00
0.130,0.000,0.000,-0.09,0.00
0.135,0.000,0.000,-0.13,0.00
0.136,0.000,0.000,-0.13,0.00
0.138,0.000,0.000,-0.19,0.00
0.141,0.000,0.000,-0.19,0.00
0.144,0.000,0.000,-0.19,0.00
0.145,0.000,0.000,-0.19,0.00
0.147,0.000,0.000,-0.25,0.00
0.151,0.000,0.000,-0.25,0.00
0.159,0.000,0.000,-0.25,0.00
0.166,0.000,0.000,-0.25,0.00
0.180,0.000,0.000,-0.36,0.00
0.184,0.000,0.000,-0.36,0.00
0.184,0.000,0.000,-0.36,0.00
0.185,0.000,0.000,-0.36,0.00
0.201,0.000,0.000,-0.48,0.00
0.203,0.000,0.000,-0.48,0.00
0.205,0.000,0.000,-0.61,0.00
0.210,0.000,0.000,-0.61,0.00
0.211,0.000,0.000,-0.61,0.00
0.211,0.000,0.000,-0.61,0.00
0.213,0.000,0.000,-0.75,0.00
0.214,0.000,0.000,-0.75,0.00
0.214,0.000,0.000,-0.75,0.00
0.215,0.000,0.000,-0.75,0.00
0.245,0.000,0.000,-0.87,0.00
0.247,0.000,0.000,-0.87,0.00
0.255,0.000,0.000,-0.95,0.00
0.256,0.000,0.000,-0.95,0.00
0.262,0.000,0.000,-0.96,0.00
0.263,0.000,0.000,-0.96,0.00
0.268,0.000,0.000,-0.96,0.00
0.269,0.000,0.000,-0.96,0.00
0.286,0.000,0.000,-0.90,0.00
0.287,0.000,0.000,-0.90,0.00
0.319,0.000,0.000,-0.90,0.00
0.320,0.000,0.000,-0.90,0.00
0.322,0.000,0.000,-0.78,0.00
0.326,0.000,0.000,-0.78,0.00
0.327,0.000,0.000,-0.78,0.00
0.328,0.000,0.000,-0.78,0.00
0.335,0.000,0.000,-0.57,0.00
0.336,0.000,0.000,-0.57,0.00
0.338,0.000,0.000,-0.57,0.00
0.341,0.000,0.000,-0.57,0.00
0.344,0.000,0.000,-0.28,0.00
0.345,0.000,0.000,-0.28,0.00
0.345,0.000,0.000,-0.28,0.00
0.346,0.000,0.000,-0.28,0.00
0.347,0.000,0.000,0.19,0.00
0.351,0.000,0.000,0.19,0.00
0.352,0.000,0.000,0.19,0.00
0.352,0.000,0.000,0.19,0.00
0.354,0.000,0.000,0.89,0.00
0.355,0.000,0.000,0.89,0.00
0.357,0.000,0.000,0.89,0.00
0.362,0.000,0.000,0.89,0.00
0.396,0.000,0.000,1.62,0.00
0.397,0.000,0.000,1.62,0.00
0.399,0.000,0.000,1.99,0.00
0.403,0.000,0.000,1.99,0.00
0.406,0.000,0.000,2.36,0.00
0.409,0.000,0.000,2.36,0.00
0.436,0.000,0.000,2.71,0.00
0.437,0.000,0.000,2.71,0.00
0.438,0.000,0.000,2.71,0.00
0.438,0.000,0.000,2.71,0.00
0.442,0.000,0.000,2.98,0.00
0.452,0.000,0.000,2.98,0.00
0.453,0.000,0.000,3.28,0.00
0.454,0.000,0.000,3.28,0.00
0.512,0.000,0.000,3.56,0.00
0.520,0.000,0.000,3.56,0.00
0.521,0.000,0.000,3.83,0.00
0.528,0.000,0.000,3.83,0.00
0.536,0.000,0.000,4.03,0.00
0.537,0.000,0.000,4.03,0.00
0.542,0.000,0.000,4.03,0.00
0.547,0.000,0.000,4.03,0.00
0.551,0.000,0.000,4.19,0.00
0.552,0.000,0.000,4.19,0.00
0.553,0.000,0.000,4.19,0.00
0.553,0.000,0.000,4.19,0.00
0.554,0.000,0.000,4.33,0.00
0.561,0.000,0.000,4.33,0.00
0.564,0.000,0.000,4.33,0.00
0.565,0.000,0.000,4.33,0.00
0.569,0.000,0.000,4.41,0.00
0.570,0.000,0.000,4.41,0.00
0.577,0.000,0.000,4.41,0.00
0.586,0.000,0.000,4.41,0.00
0.587,0.000,0.000,4.41,0.00
0.590,0.000,0.000,4.41,0.00
0.603,0.000,0.000,4.36,0.00
0.604,0.000,0.000,4.36,0.00
0.613,0.000,0.000,4.25,0.00
0.614,0.000,0.000,4.25,0.00
0.615,0.000,0.000,4.25,0.00
0.620,0.000,0.000,4.25,0.00
0.641,0.000,0.000,4.12,0.00
0.647,0.000,0.000,4.12,0.00
0.648,0.000,0.000,4.12,0.00
0.649,0.000,0.000,4.12,0.00
0.650,0.000,0.000,3.91,0.00
0.655,0.000,0.000,3.91,0.00
0.662,0.000,0.000,3.67,0.00
0.664,0.000,0.000,3.67,0.00
0.668,0.000,0.000,3.43,0.00
0.669,0.000,0.000,3.43,0.00
0.670,0.000,0.000,3.43,0.00
0.680,0.000,0.000,3.43,0.00
0.684,0.000,0.000,3.16,0.00
0.685,0.000,0.000,3.16,0.00
0.704,0.000,0.000,2.90,0.00
0.709,0.000,0.000,2.90,0.00
0.719,0.000,0.000,2.90,0.00
0.735,0.000,0.000,2.90,0.00
0.751,0.000,0.000,2.63,0.00
0.752,0.000,0.000,2.63,0.00
0.753,0.000,0.000,2.63,0.00
0.754,0.000,0.000,2.63,0.00
0.760,0.000,0.000,2.35,0.00
0.768,0.000,0.000,2.35,0.00
0.770,0.000,0.000,2.11,0.00
0.778,0.000,0.000,2.11,0.00
0.785,0.000,0.000,1.83,0.00
0.786,0.000,0.000,1.83,0.00
0.787,0.000,0.000,1.54,0.00
0.794,0.000,0.000,1.54,0.00
0.801,0.000,0.000,1.31,0.00
0.802,0.000,0.000,1.31,0.00
0.819,0.000,0.000,1.07,0.00
0.820,0.000,0.000,1.07,0.00
0.840,0.000,0.000,0.87,0.00
0.843,0.000,0.000,0.87,0.00
0.847,0.000,0.000,0.70,0.00
0.851,0.000,0.000,0.70,0.00
0.854,0.000,0.000,0.44,0.00
0.863,0.000,0.000,0.44,0.00
0.864,0.000,0.000,0.44,0.00
0.865,0.000,0.000,0.44,0.00
0.869,0.000,0.000,0.19,0.00
0.871,0.000,0.000,0.19,0.00
0.878,0.000,0.000,0.19,0.00
0.879,0.000,0.000,0.19,0.00
0.898,0.000,0.000,-0.07,0.00
0.898,0.000,0.000,-0.07,0.00
0.899,0.000,0.000,-0.07,0.00
0.900,0.000,0.000,-0.07,0.00
0.921,0.000,0.000,-0.28,0.00
0.928,0.000,0.000,-0.28,0.00
0.930,0.000,0.000,-0.28,0.00
0.931,0.000,0.000,-0.28,0.00
0.936,0.000,0.000,-0.47,0.00
0.937,0.000,0.000,-0.47,0.00
0.944,0.000,0.000,-0.47,0.00
0.951,0.000,0.000,-0.47,0.00
0.954,0.000,0.000,-0.59,0.00
0.962,0.000,0.000,-0.59,0.00
0.968,0.000,0.000,-0.59,0.00
0.969,0.000,0.000,-0.59,0.00
0.970,0.000,0.000,-0.64,0.00
0.971,0.000,0.000,-0.64,0.00
0.977,0.000,0.000,-0.61,0.00
0.985,0.000,0.000,-0.61,0.00
0.986,0.000,0.000,-0.61,0.00
0.987,0.000,0.000,-0.61,0.00
1.014,0.000,0.000,-0.46,0.00
1.015,0.000,0.000,-0.46,0.00
1.016,0.000,0.000,-0.25,0.00
1.021,0.000,0.000,-0.25,0.00
1.043,0.000,0.000,-0.03,0.00
1.044,0.000,0.000,-0.03,0.00
1.049,0.000,0.000,0.11,0.00
1.052,0.000,0.000,0.11,0.00
1.062,0.000,0.000,0.21,0.00
1.067,0.000,0.000,0.21,0.00
1.069,0.000,0.000,0.38,0.00
1.070,0.000,0.000,0.38,0.00
1.090,0.000,0.000,0.70,0.00
1.096,0.000,0.000,0.70,0.00
1.097,0.000,0.000,0.70,0.00
1.103,0.000,0.000,0.70,0.00
1.128,0.000,0.000,1.20,0.00
1.132,0.000,0.000,1.20,0.00
1.135,0.000,0.000,1.20,0.00
1.137,0.000,0.000,1.20,0.00
1.138,0.000,0.000,1.66,0.00
1.147,0.000,0.000,1.66,0.00
1.153,0.000,0.000,1.66,0.00
1.154,0.000,0.000,1.66,0.00
1.168,0.000,0.000,1.87,0.00
1.169,0.000,0.000,1.87,0.00
1.200,0.000,0.000,2.14,0.00
1.213,0.000,0.000,2.14,0.00
1.215,0.000,0.000,2.53,0.00
1.218,0.000,0.000,2.53,0.00
1.219,0.000,0.000,2.79,0.00
1.219,0.000,0.000,2.79,0.00
1.220,0.000,0.000,2.79,0.00
1.228,0.000,0.000,2.79,0.00
1.235,0.000,0.000,3.07,0.00
1.236,0.000,0.000,3.07,0.00
1.237,0.000,0.000,3.07,0.00
1.246,0.000,0.000,3.07,0.00
1.253,0.000,0.000,3.28,0.00
1.254,0.000,0.000,3.28,0.00
1.262,0.000,0.000,3.28,0.00
1.267,0.000,0.000,3.28,0.00
1.269,0.000,0.000,3.53,0.00
1.270,0.000,0.000,3.53,0.00
1.286,0.000,0.000,3.74,0.00
1.287,0.000,0.000,3.74,0.00
1.290,0.000,0.000,3.97,0.00
1.296,0.000,0.000,3.97,0.00
1.302,0.000,0.000,4.16,0.00
1.302,0.000,0.000,4.16,0.00
1.329,0.000,0.000,4.18,0.00
1.333,0.000,0.000,4.18,0.00
1.334,0.000,0.000,4.14,0.00
1.344,0.000,0.000,4.14,0.00
1.345,0.000,0.000,4.14,0.00
1.346,0.000,0.000,4.14,0.00
1.347,0.000,0.000,4.04,0.00
1.352,0.000,0.000,4.04,0.00
1.354,0.000,0.000,3.89,0.00
1.358,0.000,0.000,3.89,0.00
1.360,0.000,0.000,3.89,0.00
1.361,0.000,0.000,3.89,0.00
1.362,0.000,0.000,3.72,0.00
1.363,0.000,0.000,3.72,0.00
1.364,0.000,0.000,3.72,0.00
1.368,0.000,0.000,3.72,0.00
1.370,0.000,0.000,3.46,0.00
1.371,0.000,0.000,3.46,0.00
1.371,0.000,0.000,3.46,0.00
1.378,0.000,0.000,3.46,0.00
1.388,0.000,0.000,3.18,0.00
1.397,0.000,0.000,3.18,0.00
1.418,0.000,0.000,2.81,0.00
1.418,0.000,0.000,2.81,0.00
1.419,0.000,0.000,2.81,0.00
1.420,0.000,0.000,2.81,0.00
1.423,0.000,0.000,2.38,0.00
1.428,0.000,0.000,2.38,0.00
1.430,0.000,0.000,1.91,0.00
1.431,0.000,0.000,1.91,0.00
1.435,0.000,0.000,1.91,0.00
1.435,0.000,0.000,1.91,0.00
1.477,0.000,0.000,1.49,0.00
1.489,0.000,0.000,1.49,0.00
1.492,0.000,0.000,1.14,0.00
1.493,0.000,0.000,1.14,0.00
1.498,0.000,0.000,1.14,0.00
1.501,0.000,0.000,1.14,0.00
1.503,0.000,0.000,0.84,0.00
1.504,0.000,0.000,0.84,0.00
1.505,0.000,0.000,0.84,0.00
1.509,0.000,0.000,0.84,0.00
1.510,0.000,0.000,0.56,0.00
1.511,0.000,0.000,0.56,0.00
1.512,0.000,0.000,0.56,0.00
1.513,0.000,0.000,0.56,0.00
1.517,0.000,0.000,0.23,0.00
1.518,0.000,0.000,0.23,0.00
1.534,0.000,0.000,0.02,0.00
1.536,0.000,0.000,0.02,0.00
1.536,0.000,0.000,0.02,0.00
1.538,0.000,0.000,0.02,0.00
1.559,0.000,0.000,0.01,0.00
1.560,0.000,0.000,0.01,0.00
1.561,0.000,0.000,0.01,0.00
1.564,0.000,0.000,0.01,0.00
1.569,0.000,0.000,0.02,0.00
1.570,0.000,0.000,0.02,0.00
1.575,0.000,0.000,0.02,0.00
1.577,0.000,0.000,0.02,0.00
1.578,0.000,0.000,0.10,0.00
1.579,0.000,0.000,0.10,0.00
1.580,0.000,0.000,0.10,0.00
1.584,0.000,0.000,0.10,0.00
1.586,0.000,0.000,0.15,0.00
1.587,0.000,0.000,0.15,0.00
1.588,0.000,0.000,0.15,0.00
1.589,0.000,0.000,0.15,0.00
1.618,0.000,0.000,0.16,0.00
1.619,0.000,0.000,0.16,0.00
1.635,0.000,0.000,0.16,0.00
1.635,0.000,0.000,0.16,0.00
1.636,0.000,0.000,0.16,0.00
1.637,0.000,0.000,0.16,0.00
1.638,0.000,0.000,0.12,0.00
1.639,0.000,0.000,0.12,0.00
1.671,0.000,0.000,0.02,0.00
1.674,0.000,0.000,0.02,0.00
1.677,0.000,0.000,0.05,0.00
1.677,0.000,0.000,0.05,0.00
1.684,0.000,0.000,0.26,0.00
1.685,0.000,0.000,0.26,0.00
1.718,0.000,0.000,0.58,0.00
1.719,0.000,0.000,0.58,0.00
1.721,0.000,0.000,0.93,0.00
1.726,0.000,0.000,0.93,0.00
1.728,0.000,0.000,0.93,0.00
1.729,0.000,0.000,0.93,0.00
1.730,0.000,0.000,1.28,0.00
1.735,0.000,0.000,1.28,0.00
1.736,0.000,0.000,1.28,0.00
1.736,0.000,0.000,1.28,0.00
1.763,0.000,0.000,1.63,0.00
1.768,0.000,0.000,1.63,0.00
1.772,0.000,0.000,2.03,0.00
1.777,0.000,0.000,2.03,0.00
1.779,0.000,0.000,2.53,0.00
1.780,0.000,0.000,2.53,0.00
1.786,0.000,0.000,2.53,0.00
1.795,0.000,0.000,2.53,0.00
1.812,0.000,0.000,3.02,0.00
1.813,0.000,0.000,3.02,0.00
1.817,0.000,0.000,3.02,0.00
1.818,0.000,0.000,3.02,0.00
1.836,0.000,0.000,3.47,0.00
1.837,0.000,0.000,3.47,0.00
1.838,0.000,0.000,3.99,0.00
1.841,0.000,0.000,3.99,0.00
1.843,0.000,0.000,3.99,0.00
1.844,0.000,0.000,3.99,0.00
1.847,0.000,0.000,4.57,0.00
1.851,0.000,0.000,4.57,0.00
1.852,0.000,0.000,4.57,0.00
1.853,0.000,0.000,4.57,0.00
1.869,0.000,0.000,5.15,0.00
1.870,0.000,0.000,5.15,0.00
1.894,0.000,0.000,5.79,0.00
1.895,0.000,0.000,5.79,0.00
1.897,0.000,0.000,5.79,0.00
1.898,0.000,0.000,5.79,0.00
1.902,0.000,0.000,6.43,0.00
1.903,0.000,0.000,6.43,0.00
1.907,0.000,0.000,7.06,0.00
1.909,0.000,0.000,7.06,0.00
1.931,0.000,0.000,7.72,0.00
1.932,0.000,0.000,7.72,0.00
1.933,0.000,0.000,7.72,0.00
1.937,0.000,0.000,7.72,0.00
1.948,0.000,0.000,8.35,0.00
1.952,0.000,0.000,8.35,0.00
1.953,0.000,0.000,8.35,0.00
1.953,0.000,0.000,8.35,0.00
1.957,0.000,0.000,8.94,0.00
1.968,0.000,0.000,8.94,0.00
1.969,0.000,0.000,8.94,0.00
1.971,0.000,0.000,8.94,0.00
1.986,0.000,0.000,9.59,0.00
1.987,0.000,0.000,9.59,0.00
1.988,0.000,0.000,9.59,0.00
1.988,0.000,0.000,9.59,0.00
2.007,0.000,0.000,10.23,2.56
2.010,0.000,0.000,10.23,4.60
2.011,0.000,0.000,10.84,6.39
2.013,0.000,0.000,10.84,7.82
2.014,0.000,0.000,10.84,8.96
2.015,0.000,0.000,10.84,9.87
2.021,0.000,0.000,11.53,10.76
2.023,0.000,0.000,11.53,11.47
2.027,0.000,0.000,11.53,12.04
2.028,0.000,0.000,11.53,12.49
2.061,0.000,0.000,12.15,13.00
2.068,0.000,0.000,12.15,13.41
2.069,0.000,0.000,12.15,13.74
2.070,0.000,0.000,12.15,14.00
2.070,0.000,0.000,12.82,14.38
2.074,0.000,0.000,12.82,14.68
2.077,0.000,0.000,13.50,15.03
2.080,0.000,0.000,13.50,15.31
2.085,0.000,0.000,14.17,15.71
2.086,0.000,0.000,14.17,16.03
2.118,0.000,0.000,14.90,16.46
2.119,0.000,0.000,14.90,16.81
2.122,0.000,0.000,15.52,17.22
2.129,0.000,0.000,15.52,17.56
2.131,0.000,0.000,16.20,17.91
2.134,0.000,0.000,16.20,18.18
2.138,0.000,0.000,16.20,18.40
2.143,0.000,0.000,16.20,18.58
2.156,0.000,0.000,16.90,18.89
2.159,0.000,0.000,16.90,19.14
2.160,0.000,0.000,16.90,19.34
2.163,0.000,0.000,16.90,19.50
2.177,0.000,0.000,17.56,19.77
2.180,0.000,0.000,17.56,19.99
2.184,0.000,0.000,18.33,20.29
2.185,0.000,0.000,18.33,20.53
2.219,0.000,0.000,19.00,20.83
2.220,0.000,0.000,19.00,21.08
2.221,0.000,0.000,19.00,21.27
2.222,0.000,0.000,19.00,21.43
2.230,0.000,0.000,19.64,21.80
2.234,0.000,0.000,19.64,22.09
2.235,0.000,0.000,20.29,22.42
2.236,0.000,0.000,20.29,22.68
2.237,0.000,0.000,20.29,22.89
2.238,0.000,0.000,20.29,23.06
2.244,0.000,0.000,20.94,23.30
2.245,0.000,0.000,20.94,23.49
2.246,0.000,0.000,20.94,23.64
2.247,0.000,0.000,20.94,23.76
2.282,0.000,0.000,21.61,24.03
2.283,0.000,0.000,21.61,24.25
2.293,0.000,0.000,22.24,24.57
2.294,0.000,0.000,22.24,24.82
2.296,0.000,0.000,22.84,25.09
2.297,0.000,0.000,22.84,25.31
2.301,0.000,0.000,22.84,25.49
2.308,0.000,0.000,22.84,25.63
2.325,0.000,0.000,23.43,25.93
2.326,0.000,0.000,23.43,26.17
2.328,0.000,0.000,23.43,23.62
2.330,0.000,0.000,23.43,21.58
2.344,0.000,0.000,24.02,20.00
2.345,0.000,0.000,24.02,18.74
2.347,0.000,0.000,24.61,17.79
2.351,0.000,0.000,24.61,17.02
2.352,0.000,0.000,24.61,16.41
2.354,0.000,0.000,24.61,15.92
2.359,0.000,0.000,25.21,15.59
2.360,0.000,0.000,25.21,15.32
2.361,0.000,0.000,25.21,15.10
2.362,0.000,0.000,25.21,14.93
2.405,0.000,0.000,25.79,14.84
2.406,0.000,0.000,25.79,17.81
2.407,0.000,0.000,26.35,20.31
2.408,0.000,0.000,26.35,19.19
2.412,0.000,0.000,26.35,18.30
2.413,0.000,0.000,26.35,17.59
2.419,0.000,0.000,26.94,17.06
2.421,0.000,0.000,26.94,16.65
2.425,0.000,0.000,26.94,19.44
2.427,0.000,0.000,26.94,21.68
2.428,0.000,0.000,27.51,20.39
2.429,0.000,0.000,27.51,19.35
2.448,0.000,0.000,28.10,18.57
2.451,0.000,0.000,28.10,17.95
2.469,0.000,0.000,28.10,17.45
2.470,0.000,0.000,28.10,17.05
2.485,0.000,0.000,28.71,16.78
2.486,0.000,0.000,28.71,16.56
2.487,0.000,0.000,29.28,16.43
2.488,0.000,0.000,29.28,16.32
2.491,0.000,0.000,29.89,16.29
2.493,0.000,0.000,29.89,16.26
2.498,0.000,0.000,29.89,16.23
2.502,0.000,0.000,29.89,16.22
2.504,0.000,0.000,30.50,16.25
2.505,0.000,0.000,30.50,19.62
2.540,0.000,0.000,31.13,22.49
2.542,0.000,0.000,31.13,24.78
2.546,0.000,0.000,31.77,26.65
2.549,0.000,0.000,31.77,28.15
2.550,0.000,0.000,31.77,29.34
2.553,0.000,0.000,31.77,30.30
2.559,0.000,0.000,32.47,31.10
2.561,0.000,0.000,32.47,31.75
2.561,0.000,0.000,32.47,32.26
2.562,0.000,0.000,32.47,32.68
2.564,0.000,0.000,33.17,33.09
2.568,0.000,0.000,33.17,33.43
2.602,0.000,0.000,33.89,33.76
2.602,0.000,0.000,33.89,34.03
2.604,0.000,0.000,34.60,34.25
2.606,0.000,0.000,34.60,34.42
2.610,0.000,0.000,34.60,34.56
2.611,0.000,0.000,34.60,34.67
2.617,0.000,0.000,35.27,34.83
2.619,0.000,0.000,35.27,34.96
2.621,0.000,0.000,35.27,35.07
2.622,0.000,0.000,35.27,35.15
2.637,0.000,0.000,35.93,35.31
2.638,0.000,0.000,35.93,35.43
2.645,0.000,0.000,35.93,35.53
2.646,0.000,0.000,35.93,35.60
2.664,0.000,0.000,36.68,35.73
2.667,0.000,0.000,36.68,35.82
2.668,0.000,0.000,36.68,35.90
2.669,0.000,0.000,36.68,35.96
2.676,0.000,0.000,37.37,36.14
2.678,0.000,0.000,37.37,36.28
2.680,0.000,0.000,38.12,36.28
2.685,0.000,0.000,38.12,36.27
2.686,0.000,0.000,38.12,36.27
2.687,0.000,0.000,38.12,36.26
2.702,0.000,0.000,38.85,36.32
2.703,0.000,0.000,38.85,36.36
2.704,0.000,0.000,38.85,36.39
2.706,0.000,0.000,38.85,36.42
2.728,0.000,0.000,39.59,36.47
2.730,0.000,0.000,39.59,36.51
2.736,0.000,0.000,39.59,36.54
2.737,0.000,0.000,39.59,36.56
2.742,0.000,0.000,40.26,36.67
2.746,0.000,0.000,40.26,36.75
2.751,0.000,0.000,40.26,36.81
2.752,0.000,0.000,40.26,36.87
2.753,0.000,0.000,41.00,36.86
2.754,0.000,0.000,41.00,36.86
2.755,0.000,0.000,41.00,36.86
2.758,0.000,0.000,41.00,36.86
2.761,0.000,0.000,41.77,37.10
2.761,0.000,0.000,41.77,37.30
2.762,0.000,0.000,41.77,37.46
2.764,0.000,0.000,41.77,37.59
2.779,0.000,0.000,42.59,37.70
2.781,0.000,0.000,42.59,37.78
2.802,0.000,0.000,42.59,37.85
2.803,0.000,0.000,42.59,37.91
2.804,0.000,0.000,43.36,37.98
2.805,0.000,0.000,43.36,38.04
2.811,0.000,0.000,43.36,38.09
2.812,0.000,0.000,43.36,38.13
2.818,0.000,0.000,44.12,38.18
2.819,0.000,0.000,44.12,38.22
2.820,0.000,0.000,44.90,38.31
2.821,0.000,0.000,44.90,38.38
2.845,0.000,0.000,45.69,38.41
2.849,0.000,0.000,45.69,38.43
2.852,0.000,0.000,46.51,38.46
2.854,0.000,0.000,46.51,38.48
2.862,0.000,0.000,46.51,38.50
2.868,0.000,0.000,46.51,38.51
2.869,0.000,0.000,47.32,38.55
2.870,0.000,0.000,47.32,38.58
2.922,0.000,0.000,48.08,38.60
2.927,0.000,0.000,48.08,38.62
2.936,0.000,0.000,48.82,38.64
2.937,0.000,0.000,48.82,38.65
2.938,0.000,0.000,49.64,38.67
2.943,0.000,0.000,49.64,38.68
2.944,0.000,0.000,49.64,38.70
2.945,0.000,0.000,49.64,38.71
2.946,0.000,0.000,50.38,38.76
2.947,0.000,0.000,50.38,38.81
2.952,0.000,0.000,51.19,38.84
2.953,0.000,0.000,51.19,38.87
2.997,0.000,0.000,52.01,38.82
3.000,0.000,0.000,52.01,38.78
3.005,0.000,0.000,52.01,38.75
3.005,0.000,0.000,52.01,38.72
3.009,0.000,0.000,52.85,38.74
3.010,0.000,0.000,52.85,38.75
3.014,0.000,0.000,53.69,38.68
3.018,0.000,0.000,53.69,38.63
3.019,0.000,0.000,53.69,38.59
3.020,0.000,0.000,53.69,38.56
3.023,0.000,0.000,54.44,38.50
3.027,0.000,0.000,54.44,38.46
3.028,0.000,0.000,54.44,38.42
3.029,0.000,0.000,54.44,38.39
3.034,0.000,0.000,55.15,38.39
3.038,0.000,0.000,55.15,38.38
3.046,0.000,0.000,55.15,38.38
3.047,0.000,0.000,55.15,38.38
3.061,0.000,0.000,55.91,38.43
3.063,0.000,0.000,55.91,38.48
3.063,0.000,0.000,55.91,38.51
3.068,0.000,0.000,55.91,38.54
3.083,0.000,0.000,56.73,38.49
3.084,0.000,0.000,56.73,38.45
3.085,0.000,0.000,56.73,38.42
3.085,0.000,0.000,56.73,38.40
3.089,0.000,0.000,57.54,38.52
3.090,0.000,0.000,57.54,38.62
3.095,0.000,0.000,58.34,38.66
3.096,0.000,0.000,58.34,38.69
3.097,0.000,0.000,58.34,38.72
3.101,0.000,0.000,58.34,38.74
3.144,0.000,0.000,59.11,38.78
3.145,0.000,0.000,59.11,38.81
3.151,0.000,0.000,59.91,38.81
3.152,0.000,0.000,59.91,38.81
3.155,0.000,0.000,60.65,38.82
3.158,0.000,0.000,60.65,38.83
3.161,0.000,0.000,61.40,38.82
3.161,0.000,0.000,61.40,38.82
3.186,0.000,0.000,62.03,39.00
3.187,0.000,0.000,62.03,39.14
3.188,0.000,0.000,62.85,39.06
3.196,0.000,0.000,62.85,38.99
3.204,0.000,0.000,62.85,38.94
3.209,0.000,0.000,62.85,38.90
3.211,0.000,0.000,63.60,38.91
3.212,0.000,0.000,63.60,38.92
3.218,0.000,0.000,64.38,38.89
3.219,0.000,0.000,64.38,38.87
3.221,0.000,0.000,64.38,38.85
3.221,0.000,0.000,64.38,38.84
3.242,0.000,0.000,65.16,38.82
3.243,0.000,0.000,65.16,38.81
3.251,0.000,0.000,65.73,38.77
3.252,0.000,0.000,65.73,38.73
3.255,0.000,0.000,65.73,38.70
3.262,0.000,0.000,65.73,38.68
3.267,0.000,0.000,66.45,38.82
3.268,0.000,0.000,66.45,38.94
3.269,0.000,0.000,66.45,39.03
3.271,0.000,0.000,66.45,39.11
3.303,0.000,0.000,67.15,39.17
3.303,0.000,0.000,67.15,39.22
3.305,0.000,0.000,67.15,39.27
3.307,0.000,0.000,67.15,39.30
3.312,0.000,0.000,67.94,39.37
3.313,0.000,0.000,67.94,39.43
3.317,0.000,0.000,68.68,39.49
3.319,0.000,0.000,68.68,39.53
3.320,0.000,0.000,68.68,39.57
3.321,0.000,0.000,68.68,39.60
3.343,0.000,0.000,69.38,39.57
3.348,0.000,0.000,69.38,39.55
3.353,0.000,0.000,69.38,39.54
3.354,0.000,0.000,69.38,39.53
3.363,0.000,0.000,70.13,39.50
3.368,0.000,0.000,70.13,39.48
3.369,0.000,0.000,70.13,39.47
3.370,0.000,0.000,70.13,39.45
3.378,0.000,0.000,70.81,39.45
3.379,0.000,0.000,70.81,39.44
3.380,0.000,0.000,70.81,39.43
3.384,0.000,0.000,70.81,39.43
3.386,0.000,0.000,71.56,39.48
3.387,0.000,0.000,71.56,39.52
3.387,0.000,0.000,71.56,39.55
3.388,0.000,0.000,71.56,39.58
3.401,0.000,0.000,72.32,39.51
3.402,0.000,0.000,72.32,39.46
3.418,0.000,0.000,72.32,39.42
3.419,0.000,0.000,72.32,39.38
3.434,0.000,0.000,73.02,39.35
3.435,0.000,0.000,73.02,39.31
3.436,0.000,0.000,73.02,39.29
3.443,0.000,0.000,73.02,39.27
3.447,0.000,0.000,73.67,39.37
3.452,0.000,0.000,73.67,39.45
3.453,0.000,0.000,74.29,39.47
3.453,0.000,0.000,74.29,39.49
3.456,0.000,0.000,74.71,39.59
3.458,0.000,0.000,74.71,39.67
3.468,0.000,0.000,74.71,39.74
3.470,0.000,0.000,74.71,39.79
3.487,0.000,0.000,75.24,40.04
3.497,0.000,0.000,75.24,40.24
3.501,0.000,0.000,75.94,40.41
3.502,0.000,0.000,75.94,40.55
3.504,0.000,0.000,76.51,40.61
3.518,0.000,0.000,76.51,40.67
3.536,0.000,0.000,76.51,40.71
3.537,0.000,0.000,76.51,40.74
3.538,0.000,0.000,77.02,40.90
3.544,0.000,0.000,77.02,41.03
3.545,0.000,0.000,77.02,41.13
3.546,0.000,0.000,77.02,41.21
3.561,0.000,0.000,77.30,41.36
3.563,0.000,0.000,77.30,41.48
3.563,0.000,0.000,77.30,41.58
3.568,0.000,0.000,77.30,41.65
3.571,0.000,0.000,77.64,41.84
3.572,0.000,0.000,77.64,41.99
3.577,0.000,0.000,77.92,42.29
3.578,0.000,0.000,77.92,42.53
3.604,0.000,0.000,78.11,42.97
3.605,0.000,0.000,78.11,43.33
3.606,0.000,0.000,78.20,43.85
3.612,0.000,0.000,78.20,44.27
3.618,0.000,0.000,78.12,44.84
3.619,0.000,0.000,78.12,45.30
3.652,0.000,0.000,77.89,45.98
3.653,0.000,0.000,77.89,46.53
3.654,0.000,0.000,77.89,46.97
3.657,0.000,0.000,77.89,47.32
3.668,0.000,0.000,77.56,48.03
3.669,0.000,0.000,77.56,48.59
3.670,0.000,0.000,77.13,49.62
3.675,0.000,0.000,77.13,50.44
3.678,0.000,0.000,77.13,51.10
3.679,0.000,0.000,77.13,51.63
3.680,0.000,0.000,76.59,52.55
3.684,0.000,0.000,76.59,53.29
3.685,0.000,0.000,76.59,53.88
3.686,0.000,0.000,76.59,54.36
3.713,0.000,0.000,75.93,55.14
3.715,0.000,0.000,75.93,55.76
3.719,0.000,0.000,75.21,56.78
3.720,0.000,0.000,75.21,57.59
3.728,0.000,0.000,75.21,58.24
3.731,0.000,0.000,75.21,58.76
3.734,0.000,0.000,74.39,59.73
3.734,0.000,0.000,74.39,60.51
3.735,0.000,0.000,74.39,61.13
3.744,0.000,0.000,74.39,61.63
3.763,0.000,0.000,73.49,62.37
3.769,0.000,0.000,73.49,62.96
3.770,0.000,0.000,73.49,63.43
3.770,0.000,0.000,73.49,63.80
3.786,0.000,0.000,72.55,64.49
3.787,0.000,0.000,72.55,65.03
3.788,0.000,0.000,72.55,65.47
3.790,0.000,0.000,72.55,65.82
3.794,0.000,0.000,71.51,66.39
3.795,0.000,0.000,71.51,66.85
3.801,0.000,0.000,70.42,67.79
3.802,0.000,0.000,70.42,68.54
3.803,0.000,0.000,70.42,69.13
3.804,0.000,0.000,70.42,69.61
3.821,0.000,0.000,69.25,70.36
3.831,0.000,0.000,69.25,70.95
3.835,0.000,0.000,69.25,71.43
3.836,0.000,0.000,69.25,71.81
3.854,0.000,0.000,67.95,72.48
3.855,0.000,0.000,67.95,73.01
3.860,0.000,0.000,67.95,73.44
3.862,0.000,0.000,67.95,73.78
3.863,0.000,0.000,66.58,74.12
3.864,0.000,0.000,66.58,74.40
3.868,0.000,0.000,65.17,76.45
3.869,0.000,0.000,65.17,78.10
3.870,0.000,0.000,65.17,79.42
3.871,0.000,0.000,65.17,80.47
3.874,0.000,0.000,63.70,81.34
3.875,0.000,0.000,63.70,82.03
3.905,0.000,0.000,62.23,82.91
3.911,0.000,0.000,62.23,83.63
3.912,0.000,0.000,62.23,84.20
3.912,0.000,0.000,62.23,84.65
3.915,0.000,0.000,60.69,85.19
3.916,0.000,0.000,60.69,85.62
3.951,0.000,0.000,59.12,86.88
3.952,0.000,0.000,59.12,87.89
3.962,0.000,0.000,57.55,87.52
3.967,0.000,0.000,57.55,87.22
3.970,0.000,0.000,55.93,87.30
3.971,0.000,0.000,55.93,87.36
3.977,0.000,0.000,54.31,87.60
3.985,0.000,0.000,54.31,87.79
3.986,0.000,0.000,52.64,87.98
3.987,0.000,0.000,52.64,88.12
4.022,0.000,0.000,51.00,88.30
4.029,0.000,0.000,51.00,88.44
4.033,0.000,0.000,49.37,88.96
4.034,0.000,0.000,49.37,89.38
4.043,0.000,0.000,47.74,89.48
4.047,0.000,0.000,47.74,89.56
4.081,0.000,0.000,46.12,89.77
4.105,0.000,0.000,46.12,89.93
4.126,0.000,0.000,44.52,90.07
4.129,0.000,0.000,44.52,90.19
4.130,0.000,0.000,44.52,90.28
4.131,0.000,0.000,44.52,90.36
4.133,0.000,0.000,42.93,90.24
4.134,0.000,0.000,42.93,90.15
4.135,0.000,0.000,42.93,90.08
4.138,0.000,0.000,42.93,90.02
4.141,0.000,0.000,41.29,89.51
4.142,0.000,0.000,41.29,89.09
4.143,0.000,0.000,41.29,88.76
4.144,0.000,0.000,41.29,88.50
4.144,0.000,0.000,39.68,88.04
4.145,0.000,0.000,39.68,87.68
4.152,0.000,0.000,38.16,86.63
4.153,0.000,0.000,38.16,85.79
4.154,0.000,0.000,36.65,84.87
4.155,0.000,0.000,36.65,84.14
4.158,0.000,0.000,36.65,83.56
4.160,0.000,0.000,36.65,83.09
4.161,0.000,0.000,35.09,82.21
4.163,0.000,0.000,35.09,81.51
4.163,0.000,0.000,35.09,80.95
4.176,0.000,0.000,35.09,80.50
4.195,0.000,0.000,33.60,79.20
4.197,0.000,0.000,33.60,78.16
4.213,0.000,0.000,32.12,77.46
4.217,0.000,0.000,32.12,76.90
4.219,0.000,0.000,32.12,76.45
4.220,0.000,0.000,32.12,76.10
4.221,0.000,0.000,30.70,75.49
4.223,0.000,0.000,30.70,75.00
4.230,0.000,0.000,30.70,74.61
4.231,0.000,0.000,30.70,74.30
4.231,0.000,0.000,29.31,73.36
4.236,0.000,0.000,29.31,72.62
4.237,0.000,0.000,29.31,72.02
4.238,0.000,0.000,29.31,71.54
4.243,0.000,0.000,27.96,70.37
4.244,0.000,0.000,27.96,69.43
4.246,0.000,0.000,27.96,68.69
4.248,0.000,0.000,27.96,68.09
4.285,0.000,0.000,26.63,67.06
4.286,0.000,0.000,26.63,66.23
4.287,0.000,0.000,26.63,65.57
4.287,0.000,0.000,26.63,65.04
4.288,0.000,0.000,25.38,63.89
4.290,0.000,0.000,25.38,62.98
4.291,0.000,0.000,25.38,62.24
4.293,0.000,0.000,25.38,61.65
4.297,0.000,0.000,24.21,60.49
4.301,0.000,0.000,24.21,59.56
4.302,0.000,0.000,24.21,58.82
4.303,0.000,0.000,24.21,58.22
4.305,0.000,0.000,23.01,57.11
4.314,0.000,0.000,23.01,56.22
4.318,0.000,0.000,23.01,55.51
4.319,0.000,0.000,23.01,54.94
4.337,0.000,0.000,21.93,53.96
4.341,0.000,0.000,21.93,53.17
4.344,0.000,0.000,21.93,52.54
4.346,0.000,0.000,21.93,52.04
4.361,0.000,0.000,20.91,51.17
4.362,0.000,0.000,20.91,50.48
4.362,0.000,0.000,19.96,49.11
4.363,0.000,0.000,19.96,48.02
4.365,0.000,0.000,19.96,47.14
4.369,0.000,0.000,19.96,46.44
4.372,0.000,0.000,18.92,45.38
4.376,0.000,0.000,18.92,44.53
4.377,0.000,0.000,18.92,43.85
4.378,0.000,0.000,18.92,43.30
4.408,0.000,0.000,17.96,42.26
4.412,0.000,0.000,17.96,41.42
4.413,0.000,0.000,17.05,40.31
4.414,0.000,0.000,17.05,39.42
4.417,0.000,0.000,17.05,38.70
4.421,0.000,0.000,17.05,38.13
4.422,0.000,0.000,16.29,37.34
4.425,0.000,0.000,16.29,36.70
4.457,0.000,0.000,15.47,35.71
4.468,0.000,0.000,15.47,34.92
4.473,0.000,0.000,14.69,33.91
4.476,0.000,0.000,14.69,33.10
4.477,0.000,0.000,13.94,32.23
4.478,0.000,0.000,13.94,31.54
4.480,0.000,0.000,13.94,30.98
4.485,0.000,0.000,13.94,30.54
4.487,0.000,0.000,13.22,29.83
4.488,0.000,0.000,13.22,29.26
4.491,0.000,0.000,13.22,28.81
4.492,0.000,0.000,13.22,28.44
4.502,0.000,0.000,12.57,27.83
4.503,0.000,0.000,12.57,27.35
4.519,0.000,0.000,12.57,26.96
4.520,0.000,0.000,12.57,26.65
4.521,0.000,0.000,11.93,26.08
4.529,0.000,0.000,11.93,25.63
4.535,0.000,0.000,11.35,25.04
4.536,0.000,0.000,11.35,24.57
4.537,0.000,0.000,11.35,24.19
4.538,0.000,0.000,11.35,23.89
4.569,0.000,0.000,10.76,23.31
4.570,0.000,0.000,10.76,22.85
4.575,0.000,0.000,10.76,22.48
4.576,0.000,0.000,10.76,22.18
4.588,0.000,0.000,10.19,21.68
4.591,0.000,0.000,10.19,21.28
4.593,0.000,0.000,10.19,20.96
4.594,0.000,0.000,10.19,20.71
4.595,0.000,0.000,9.63,20.50
4.596,0.000,0.000,9.63,20.34
4.601,0.000,0.000,9.07,20.21
4.602,0.000,0.000,9.07,20.10
4.640,0.000,0.000,8.58,20.02
4.642,0.000,0.000,8.58,19.95
4.646,0.000,0.000,8.58,19.90
4.647,0.000,0.000,8.58,19.86
4.651,0.000,0.000,8.14,19.82
4.652,0.000,0.000,8.14,19.79
4.655,0.000,0.000,7.72,19.77
4.658,0.000,0.000,7.72,19.75
4.660,0.000,0.000,7.72,19.74
4.661,0.000,0.000,7.72,19.73
4.664,0.000,0.000,7.30,19.72
4.667,0.000,0.000,7.30,19.71
4.669,0.000,0.000,7.30,19.71
4.670,0.000,0.000,7.30,19.70
4.685,0.000,0.000,6.91,19.70
4.686,0.000,0.000,6.91,19.70
4.687,0.000,0.000,6.91,19.69
4.688,0.000,0.000,6.91,19.69
4.709,0.000,0.000,6.52,19.69
4.710,0.000,0.000,6.52,19.69
4.711,0.000,0.000,6.52,19.69
4.712,0.000,0.000,6.52,19.69
4.718,0.000,0.000,6.27,19.69
4.719,0.000,0.000,6.27,19.69
4.722,0.000,0.000,6.14,19.69
4.723,0.000,0.000,6.14,19.68
4.727,0.000,0.000,6.14,19.68
4.728,0.000,0.000,6.14,19.68
4.751,0.000,0.000,6.07,19.68
4.752,0.000,0.000,6.07,19.68
4.757,0.000,0.000,6.06,19.68
4.767,0.000,0.000,6.06,19.68
4.768,0.000,0.000,6.15,19.68
4.769,0.000,0.000,6.15,19.68
4.803,0.000,0.000,6.30,19.68
4.804,0.000,0.000,6.30,19.68
4.810,0.000,0.000,6.41,19.68
4.811,0.000,0.000,6.41,19.68
4.818,0.000,0.000,6.56,19.68
4.819,0.000,0.000,6.56,19.68
4.853,0.000,0.000,6.71,19.68
4.854,0.000,0.000,6.71,19.68
4.862,0.000,0.000,6.96,19.68
4.863,0.000,0.000,6.96,19.68
4.868,0.000,0.000,7.25,19.68
4.869,0.000,0.000,7.25,19.68
4.898,0.000,0.000,7.54,19.68
4.903,0.000,0.000,7.54,19.68
4.919,0.000,0.000,7.54,19.68
4.920,0.000,0.000,7.54,19.68
4.921,0.000,0.000,7.94,19.68
4.923,0.000,0.000,7.94,19.68
4.926,0.000,0.000,7.94,19.68
4.927,0.000,0.000,7.94,19.68
4.928,0.000,0.000,8.34,19.68
4.929,0.000,0.000,8.34,19.68
4.930,0.000,0.000,8.34,19.68
4.935,0.000,0.000,8.34,19.68
4.938,0.000,0.000,8.82,19.68
4.938,0.000,0.000,8.82,19.68
4.943,0.000,0.000,8.82,19.68
4.944,0.000,0.000,8.82,19.68
4.946,0.000,0.000,9.31,19.68
4.947,0.000,0.000,9.31,19.68
4.997,0.000,0.000,9.81,19.68
5.001,0.000,0.000,9.81,19.68
5.003,0.000,0.000,9.81,19.68
5.004,0.000,0.000,9.81,19.68
5.008,0.000,0.000,10.40,18.46
5.009,0.000,0.000,10.40,17.49
5.010,0.000,0.000,11.02,16.81
5.012,0.000,0.000,11.02,16.26
5.017,0.000,0.000,11.02,15.83
5.018,0.000,0.000,11.02,15.48
5.020,0.000,0.000,11.71,15.33
5.021,0.000,0.000,11.71,15.21
5.057,0.000,0.000,12.41,15.25
5.058,0.000,0.000,12.41,15.28
5.062,0.000,0.000,13.16,15.43
5.063,0.000,0.000,13.16,15.54
5.068,0.000,0.000,13.16,15.64
5.068,0.000,0.000,13.16,15.72
5.077,0.000,0.000,14.00,15.90
5.078,0.000,0.000,14.00,16.05
5.080,0.000,0.000,14.78,16.34
5.084,0.000,0.000,14.78,16.57
5.085,0.000,0.000,14.78,16.75
5.087,0.000,0.000,14.78,16.90
5.089,0.000,0.000,15.58,17.17
5.092,0.000,0.000,15.58,17.39
5.095,0.000,0.000,15.58,17.57
5.098,0.000,0.000,15.58,17.71
5.128,0.000,0.000,16.50,17.97
5.129,0.000,0.000,16.50,18.17
5.130,0.000,0.000,16.50,18.33
5.131,0.000,0.000,16.50,18.47
5.136,0.000,0.000,17.44,18.76
5.137,0.000,0.000,17.44,19.00
5.143,0.000,0.000,18.44,19.36
5.144,0.000,0.000,18.44,19.64
5.146,0.000,0.000,18.44,19.87
5.147,0.000,0.000,18.44,20.05
5.171,0.000,0.000,19.43,20.40
5.173,0.000,0.000,19.43,20.67
5.177,0.000,0.000,20.40,20.96
5.186,0.000,0.000,20.40,21.19
5.193,0.000,0.000,21.37,21.53
5.194,0.000,0.000,21.37,21.81
5.195,0.000,0.000,21.37,22.03
5.196,0.000,0.000,21.37,22.21
5.214,0.000,0.000,22.31,22.49
5.218,0.000,0.000,22.31,22.71
5.235,0.000,0.000,22.31,22.89
5.236,0.000,0.000,22.31,23.04
5.236,0.000,0.000,23.29,23.34
5.237,0.000,0.000,23.29,23.59
5.240,0.000,0.000,24.31,23.91
5.245,0.000,0.000,24.31,24.17
5.254,0.000,0.000,25.36,24.61
5.263,0.000,0.000,25.36,24.95
5.292,0.000,0.000,25.36,25.23
5.294,0.000,0.000,25.36,25.45
5.295,0.000,0.000,26.37,25.80
5.296,0.000,0.000,26.37,26.08
5.297,0.000,0.000,26.37,26.30
5.302,0.000,0.000,26.37,26.48
5.307,0.000,0.000,27.36,26.80
5.312,0.000,0.000,27.36,27.05
5.313,0.000,0.000,28.30,27.37
5.318,0.000,0.000,28.30,27.63
5.319,0.000,0.000,29.29,27.97
5.320,0.000,0.000,29.29,28.24
5.365,0.000,0.000,30.31,28.59
5.370,0.000,0.000,30.31,28.87
5.371,0.000,0.000,30.31,29.10
5.372,0.000,0.000,30.31,29.28
5.377,0.000,0.000,31.32,29.59
5.378,0.000,0.000,31.32,29.85
5.379,0.000,0.000,32.30,30.10
5.384,0.000,0.000,32.30,30.30
5.385,0.000,0.000,32.30,30.46
5.386,0.000,0.000,32.30,30.58
5.387,0.000,0.000,33.26,30.80
5.388,0.000,0.000,33.26,30.97
5.391,0.000,0.000,33.26,31.10
5.393,0.000,0.000,33.26,31.21
5.405,0.000,0.000,34.16,31.43
5.413,0.000,0.000,34.16,31.61
5.418,0.000,0.000,34.16,31.76
5.419,0.000,0.000,34.16,31.87
5.437,0.000,0.000,35.05,32.14
5.438,0.000,0.000,35.05,32.36
5.441,0.000,0.000,35.05,32.53
5.442,0.000,0.000,35.05,32.67
5.444,0.000,0.000,35.93,32.90
5.446,0.000,0.000,35.93,33.09
5.450,0.000,0.000,36.89,33.32
5.451,0.000,0.000,36.89,33.50
5.501,0.000,0.000,37.83,33.73
5.502,0.000,0.000,37.83,33.92
5.503,0.000,0.000,37.83,34.07
5.504,0.000,0.000,37.83,34.19
5.505,0.000,0.000,38.73,34.43
5.508,0.000,0.000,38.73,34.63
5.512,0.000,0.000,39.66,34.73
5.513,0.000,0.000,39.66,34.82
5.518,0.000,0.000,39.66,34.88
5.519,0.000,0.000,39.66,34.94
5.520,0.000,0.000,40.57,34.99
5.520,0.000,0.000,40.57,35.02
5.521,0.000,0.000,40.57,35.05
5.524,0.000,0.000,40.57,35.08
5.527,0.000,0.000,41.49,35.25
5.528,0.000,0.000,41.49,35.38
5.529,0.000,0.000,41.49,35.49
5.530,0.000,0.000,41.49,35.58
5.578,0.000,0.000,42.40,35.74
5.579,0.000,0.000,42.40,35.87
5.580,0.000,0.000,42.40,35.98
5.580,0.000,0.000,42.40,36.06
5.585,0.000,0.000,43.35,36.08
5.586,0.000,0.000,43.35,36.10
5.587,0.000,0.000,43.35,36.12
5.588,0.000,0.000,43.35,36.13
5.593,0.000,0.000,44.29,36.31
5.594,0.000,0.000,44.29,36.46
5.595,0.000,0.000,45.17,36.64
5.596,0.000,0.000,45.17,36.78
5.612,0.000,0.000,46.04,36.87
5.614,0.000,0.000,46.04,36.94
5.628,0.000,0.000,46.04,36.99
5.629,0.000,0.000,46.04,37.04
5.635,0.000,0.000,46.91,37.11
5.636,0.000,0.000,46.91,37.17
5.640,0.000,0.000,47.85,37.25
5.642,0.000,0.000,47.85,37.32
5.644,0.000,0.000,47.85,37.37
5.645,0.000,0.000,47.85,37.41
5.655,0.000,0.000,48.81,37.41
5.663,0.000,0.000,48.81,37.41
5.672,0.000,0.000,48.81,37.41
5.685,0.000,0.000,48.81,37.41
5.686,0.000,0.000,49.77,37.39
5.687,0.000,0.000,49.77,37.38
5.695,0.000,0.000,50.75,37.47
5.696,0.000,0.000,50.75,37.53
5.701,0.000,0.000,51.73,37.40
5.703,0.000,0.000,51.73,37.29
5.719,0.000,0.000,51.73,37.20
5.720,0.000,0.000,51.73,37.13
5.737,0.000,0.000,52.69,37.18
5.738,0.000,0.000,52.69,37.21
5.742,0.000,0.000,53.71,37.00
5.744,0.000,0.000,53.71,36.82
5.747,0.000,0.000,54.65,36.68
5.748,0.000,0.000,54.65,36.56
5.771,0.000,0.000,55.63,36.41
5.773,0.000,0.000,55.63,36.29
5.785,0.000,0.000,55.63,36.19
5.786,0.000,0.000,55.63,36.12
5.794,0.000,0.000,56.56,36.17
5.796,0.000,0.000,56.56,36.22
5.797,0.000,0.000,56.56,36.26
5.801,0.000,0.000,56.56,36.28
5.803,0.000,0.000,57.50,36.26
5.804,0.000,0.000,57.50,36.24
5.826,0.000,0.000,58.42,36.43
5.827,0.000,0.000,58.42,36.58
5.831,0.000,0.000,58.42,36.70
5.835,0.000,0.000,58.42,36.80
5.847,0.000,0.000,59.35,36.90
5.851,0.000,0.000,59.35,36.99
5.853,0.000,0.000,60.23,37.08
5.854,0.000,0.000,60.23,37.16
5.876,0.000,0.000,61.09,37.24
5.880,0.000,0.000,61.09,37.30
5.885,0.000,0.000,61.09,37.35
5.886,0.000,0.000,61.09,37.39
5.905,0.000,0.000,61.91,37.44
5.907,0.000,0.000,61.91,37.48
5.909,0.000,0.000,62.79,37.60
5.912,0.000,0.000,62.79,37.70
5.915,0.000,0.000,63.64,37.78
5.916,0.000,0.000,63.64,37.84
5.934,0.000,0.000,64.50,37.88
5.935,0.000,0.000,64.50,37.92
5.952,0.000,0.000,64.50,37.94
5.953,0.000,0.000,64.50,37.97
5.962,0.000,0.000,65.34,38.02
5.963,0.000,0.000,65.34,38.06
5.967,0.000,0.000,65.34,38.09
5.968,0.000,0.000,65.34,38.12
5.970,0.000,0.000,66.15,38.15
5.970,0.000,0.000,66.15,38.17
5.976,0.000,0.000,67.01,38.15
5.977,0.000,0.000,67.01,38.14
5.978,0.000,0.000,67.01,38.13
5.979,0.000,0.000,67.01,38.12
6.003,0.000,0.000,67.85,38.14
6.004,0.000,0.000,67.85,38.16
6.011,0.000,0.000,68.69,38.21
6.020,0.000,0.000,68.69,38.25
6.023,0.000,0.000,69.51,38.28
6.025,0.000,0.000,69.51,38.31
6.059,0.000,0.000,70.31,38.31
6.060,0.000,0.000,70.31,38.31
6.061,0.000,0.000,70.31,38.31
6.063,0.000,0.000,70.31,38.30
6.067,0.000,0.000,70.99,38.45
6.070,0.000,0.000,70.99,38.57
6.071,0.000,0.000,71.76,38.56
6.072,0.000,0.000,71.76,38.54
6.074,0.000,0.000,71.76,38.53
6.077,0.000,0.000,71.76,38.52
6.088,0.000,0.000,72.45,38.60
6.102,0.000,0.000,72.45,38.65
6.161,0.000,0.000,73.08,38.80
6.187,0.000,0.000,73.08,38.92
6.189,0.000,0.000,73.66,39.20
6.195,0.000,0.000,73.66,39.42
6.201,0.000,0.000,74.20,39.45
6.205,0.000,0.000,74.20,39.47
6.207,0.000,0.000,74.62,39.75
6.221,0.000,0.000,74.62,39.97
6.234,0.000,0.000,74.62,40.15
6.235,0.000,0.000,74.62,40.29
6.236,0.000,0.000,74.95,40.60
6.238,0.000,0.000,74.95,40.85
6.239,0.000,0.000,75.23,41.17
6.240,0.000,0.000,75.23,41.42
6.242,0.000,0.000,75.23,41.63
6.243,0.000,0.000,75.23,41.79
6.244,0.000,0.000,75.41,42.05
6.244,0.000,0.000,75.41,42.26
6.246,0.000,0.000,75.51,42.86
6.247,0.000,0.000,75.51,43.34
6.255,0.000,0.000,75.51,43.72
6.266,0.000,0.000,75.51,44.02
6.268,0.000,0.000,75.46,44.59
6.269,0.000,0.000,75.46,45.04
6.274,0.000,0.000,75.32,45.69
6.278,0.000,0.000,75.32,46.21
6.279,0.000,0.000,75.32,46.63
6.280,0.000,0.000,75.32,46.96
6.290,0.000,0.000,75.08,47.65
6.290,0.000,0.000,75.08,48.20
6.294,0.000,0.000,75.08,48.64
6.295,0.000,0.000,75.08,49.00
6.296,0.000,0.000,74.72,49.65
6.301,0.000,0.000,74.72,50.17
6.302,0.000,0.000,74.72,50.58
6.303,0.000,0.000,74.72,50.92
6.321,0.000,0.000,74.30,51.56
6.322,0.000,0.000,74.30,52.08
6.324,0.000,0.000,73.78,52.95
6.325,0.000,0.000,73.78,53.65
6.326,0.000,0.000,73.78,54.21
6.327,0.000,0.000,73.78,54.65
6.330,0.000,0.000,73.18,55.32
6.334,0.000,0.000,73.18,55.86
6.336,0.000,0.000,72.51,56.70
6.337,0.000,0.000,72.51,57.37
6.351,0.000,0.000,72.51,57.91
6.353,0.000,0.000,72.51,58.34
6.370,0.000,0.000,71.76,59.03
6.371,0.000,0.000,71.76,59.59
6.374,0.000,0.000,71.76,60.04
6.379,0.000,0.000,71.76,60.39
6.384,0.000,0.000,70.94,60.99
6.385,0.000,0.000,70.94,61.46
6.387,0.000,0.000,70.03,62.17
6.388,0.000,0.000,70.03,62.74
6.418,0.000,0.000,69.09,63.47
6.419,0.000,0.000,69.09,64.07
6.426,0.000,0.000,68.11,64.89
6.432,0.000,0.000,68.11,65.55
6.435,0.000,0.000,67.07,66.53
6.437,0.000,0.000,67.07,67.31
6.469,0.000,0.000,65.92,68.47
6.470,0.000,0.000,65.92,69.41
6.470,0.000,0.000,65.92,70.15
6.471,0.000,0.000,65.92,70.75
6.476,0.000,0.000,64.72,71.28
6.479,0.000,0.000,64.72,71.70
6.485,0.000,0.000,63.47,72.81
6.486,0.000,0.000,63.47,73.69
6.487,0.000,0.000,63.47,74.40
6.487,0.000,0.000,63.47,74.97
6.518,0.000,0.000,62.17,75.55
6.519,0.000,0.000,62.17,76.01
6.526,0.000,0.000,60.87,76.30
6.535,0.000,0.000,60.87,76.54
6.536,0.000,0.000,59.53,77.42
6.536,0.000,0.000,59.53,78.13
6.537,0.000,0.000,59.53,78.70
6.544,0.000,0.000,59.53,79.15
6.547,0.000,0.000,58.13,80.04
6.551,0.000,0.000,58.13,80.75
6.552,0.000,0.000,58.13,81.32
6.553,0.000,0.000,58.13,81.77
6.587,0.000,0.000,56.72,81.97
6.591,0.000,0.000,56.72,82.14
6.592,0.000,0.000,56.72,82.26
6.602,0.000,0.000,56.72,82.37
6.608,0.000,0.000,55.30,82.35
6.612,0.000,0.000,55.30,82.34
6.613,0.000,0.000,53.87,83.18
6.617,0.000,0.000,53.87,83.85
6.619,0.000,0.000,52.45,83.76
6.620,0.000,0.000,52.45,83.69
6.621,0.000,0.000,52.45,83.64
6.621,0.000,0.000,52.45,83.59
6.634,0.000,0.000,51.03,83.81
6.636,0.000,0.000,51.03,83.99
6.648,0.000,0.000,51.03,84.13
6.651,0.000,0.000,51.03,84.24
6.666,0.000,0.000,49.59,84.26
6.668,0.000,0.000,49.59,84.27
6.674,0.000,0.000,48.12,84.68
6.677,0.000,0.000,48.12,85.00
6.687,0.000,0.000,46.67,84.85
6.695,0.000,0.000,46.67,84.73
6.711,0.000,0.000,45.21,84.62
6.712,0.000,0.000,45.21,84.53
6.734,0.000,0.000,43.77,84.02
6.735,0.000,0.000,43.77,83.61
6.737,0.000,0.000,42.35,83.61
6.738,0.000,0.000,42.35,83.61
6.739,0.000,0.000,42.35,83.61
6.739,0.000,0.000,42.35,83.61
6.746,0.000,0.000,40.96,83.24
6.751,0.000,0.000,40.96,82.95
6.752,0.000,0.000,40.96,82.71
6.753,0.000,0.000,40.96,82.52
6.755,0.000,0.000,39.60,81.96
6.759,0.000,0.000,39.60,81.51
6.786,0.000,0.000,38.33,80.58
6.787,0.000,0.000,38.33,79.84
6.792,0.000,0.000,36.99,78.90
6.796,0.000,0.000,36.99,78.15
6.801,0.000,0.000,35.74,77.21
6.802,0.000,0.000,35.74,76.46
6.803,0.000,0.000,35.74,75.86
6.804,0.000,0.000,35.74,75.38
6.834,0.000,0.000,34.53,74.45
6.835,0.000,0.000,34.53,73.71
6.841,0.000,0.000,33.36,72.73
6.847,0.000,0.000,33.36,71.95
6.849,0.000,0.000,32.22,71.20
6.851,0.000,0.000,32.22,70.60
6.857,0.000,0.000,32.22,70.12
6.861,0.000,0.000,32.22,69.74
6.863,0.000,0.000,31.11,68.92
6.867,0.000,0.000,31.11,68.27
6.887,0.000,0.000,31.11,67.74
6.890,0.000,0.000,31.11,67.32
6.905,0.000,0.000,30.06,66.02
6.907,0.000,0.000,30.06,64.98
6.911,0.000,0.000,28.99,63.78
6.912,0.000,0.000,28.99,62.83
6.919,0.000,0.000,27.96,61.73
6.920,0.000,0.000,27.96,60.85
6.920,0.000,0.000,27.96,60.15
6.921,0.000,0.000,27.96,59.59
6.953,0.000,0.000,26.90,58.69
6.954,0.000,0.000,26.90,57.97
6.957,0.000,0.000,26.90,57.39
6.961,0.000,0.000,26.90,56.92
6.962,0.000,0.000,25.89,55.93
6.963,0.000,0.000,25.89,55.14
6.968,0.000,0.000,24.86,54.44
6.969,0.000,0.000,24.86,53.88
6.994,0.000,0.000,23.90,53.22
6.995,0.000,0.000,23.90,52.69
7.002,0.000,0.000,22.96,51.71
7.003,0.000,0.000,22.96,50.93
7.018,0.000,0.000,22.06,49.91
7.019,0.000,0.000,22.06,49.09
7.020,0.000,0.000,22.06,48.44
7.021,0.000,0.000,22.06,47.92
7.026,0.000,0.000,21.23,47.30
7.028,0.000,0.000,21.23,46.81
7.036,0.000,0.000,21.23,46.42
7.040,0.000,0.000,21.23,46.10
7.055,0.000,0.000,20.40,45.25
7.060,0.000,0.000,20.40,44.57
7.063,0.000,0.000,20.40,44.03
7.067,0.000,0.000,20.40,43.60
7.088,0.000,0.000,19.63,42.76
7.090,0.000,0.000,19.63,42.09
7.094,0.000,0.000,18.84,41.20
7.095,0.000,0.000,18.84,40.49
7.101,0.000,0.000,18.16,39.55
7.102,0.000,0.000,18.16,38.80
7.103,0.000,0.000,18.16,38.20
7.104,0.000,0.000,18.16,37.72
7.108,0.000,0.000,17.50,37.01
7.109,0.000,0.000,17.50,36.44
7.111,0.000,0.000,17.50,35.99
7.114,0.000,0.000,17.50,35.63
7.146,0.000,0.000,16.88,34.96
7.147,0.000,0.000,16.88,34.43
7.148,0.000,0.000,16.35,33.75
7.153,0.000,0.000,16.35,33.21
7.155,0.000,0.000,15.83,32.50
7.157,0.000,0.000,15.83,31.94
7.161,0.000,0.000,15.83,31.49
7.163,0.000,0.000,15.83,31.13
7.185,0.000,0.000,15.33,30.57
7.195,0.000,0.000,15.33,30.12
7.197,0.000,0.000,15.33,29.77
7.203,0.000,0.000,15.33,29.48
7.207,0.000,0.000,14.79,28.98
7.209,0.000,0.000,14.79,28.58
7.214,0.000,0.000,14.23,28.12
7.218,0.000,0.000,14.23,27.76
7.218,0.000,0.000,14.23,27.47
7.219,0.000,0.000,14.23,27.23
7.221,0.000,0.000,13.78,26.85
7.224,0.000,0.000,13.78,26.54
7.227,0.000,0.000,13.78,26.29
7.228,0.000,0.000,13.78,26.09
7.264,0.000,0.000,13.48,25.72
7.267,0.000,0.000,13.48,25.43
7.268,0.000,0.000,13.48,25.19
7.269,0.000,0.000,13.48,25.00
7.270,0.000,0.000,13.17,24.67
7.271,0.000,0.000,13.17,24.40
7.278,0.000,0.000,12.91,24.05
7.280,0.000,0.000,12.91,23.78
7.284,0.000,0.000,12.91,23.55
7.285,0.000,0.000,12.91,23.37
7.287,0.000,0.000,12.71,23.02
7.288,0.000,0.000,12.71,22.73
7.319,0.000,0.000,12.52,22.35
7.326,0.000,0.000,12.52,22.05
7.334,0.000,0.000,12.36,21.72
7.335,0.000,0.000,12.36,21.46
7.336,0.000,0.000,12.36,21.26
7.337,0.000,0.000,12.36,21.09
7.344,0.000,0.000,12.25,20.88
7.345,0.000,0.000,12.25,20.71
7.346,0.000,0.000,12.25,20.57
7.347,0.000,0.000,12.25,20.46
7.351,0.000,0.000,12.25,20.28
7.352,0.000,0.000,12.25,20.14
7.387,0.000,0.000,12.23,19.97
7.391,0.000,0.000,12.23,19.84
7.397,0.000,0.000,12.26,19.68
7.398,0.000,0.000,12.26,19.55
7.399,0.000,0.000,12.34,19.40
7.399,0.000,0.000,12.34,19.28
7.400,0.000,0.000,12.34,19.18
7.401,0.000,0.000,12.34,19.10
7.429,0.000,0.000,12.45,19.02
7.430,0.000,0.000,12.45,18.96
7.436,0.000,0.000,12.59,18.89
7.437,0.000,0.000,12.59,18.83
7.469,0.000,0.000,12.75,18.79
7.470,0.000,0.000,12.75,18.75
7.477,0.000,0.000,12.75,18.72
7.480,0.000,0.000,12.75,18.70
7.506,0.000,0.000,12.97,18.69
7.507,0.000,0.000,12.97,18.68
7.511,0.000,0.000,12.97,18.67
7.512,0.000,0.000,12.97,18.67
7.513,0.000,0.000,13.16,18.70
7.518,0.000,0.000,13.16,18.72
7.519,0.000,0.000,13.16,18.74
7.520,0.000,0.000,13.16,18.75
7.521,0.000,0.000,13.41,18.79
7.526,0.000,0.000,13.41,18.81
7.527,0.000,0.000,13.41,18.84
7.528,0.000,0.000,13.41,18.85
7.534,0.000,0.000,13.72,18.92
7.535,0.000,0.000,13.72,18.98
7.536,0.000,0.000,13.72,19.02
7.537,0.000,0.000,13.72,19.06
7.537,0.000,0.000,14.08,19.13
7.538,0.000,0.000,14.08,19.19
7.541,0.000,0.000,14.08,19.24
7.542,0.000,0.000,14.08,19.28
7.544,0.000,0.000,14.50,19.37
7.545,0.000,0.000,14.50,19.44
7.546,0.000,0.000,14.50,19.49
7.554,0.000,0.000,14.50,19.54
7.570,0.000,0.000,14.98,19.63
7.571,0.000,0.000,14.98,19.70
7.587,0.000,0.000,15.47,19.81
7.588,0.000,0.000,15.47,19.91
7.593,0.000,0.000,16.02,20.08
7.594,0.000,0.000,16.02,20.21
7.618,0.000,0.000,16.59,20.41
7.619,0.000,0.000,16.59,20.57
7.621,0.000,0.000,17.22,20.72
7.621,0.000,0.000,17.22,20.85
7.633,0.000,0.000,17.93,21.05
7.638,0.000,0.000,17.93,21.20
7.673,0.000,0.000,18.71,21.42
7.677,0.000,0.000,18.71,21.59
7.678,0.000,0.000,18.71,21.72
7.679,0.000,0.000,18.71,21.83
7.681,0.000,0.000,19.58,22.02
7.685,0.000,0.000,19.58,22.17
7.688,0.000,0.000,19.58,22.29
7.689,0.000,0.000,19.58,22.38
7.691,0.000,0.000,20.43,22.51
7.693,0.000,0.000,20.43,22.61
7.696,0.000,0.000,21.32,22.85
7.701,0.000,0.000,21.32,23.04
7.718,0.000,0.000,21.32,23.19
7.719,0.000,0.000,21.32,23.31
7.737,0.000,0.000,22.29,23.53
7.739,0.000,0.000,22.29,23.71
7.744,0.000,0.000,23.24,23.96
7.745,0.000,0.000,23.24,24.16
7.746,0.000,0.000,23.24,24.31
7.751,0.000,0.000,23.24,24.44
7.754,0.000,0.000,24.24,24.67
7.755,0.000,0.000,24.24,24.85
7.757,0.000,0.000,24.24,24.99
7.760,0.000,0.000,24.24,25.11
7.762,0.000,0.000,25.23,25.38
7.763,0.000,0.000,25.23,25.60
7.802,0.000,0.000,26.18,25.99
7.803,0.000,0.000,26.18,26.30
7.811,0.000,0.000,27.15,26.53
7.813,0.000,0.000,27.15,26.71
7.818,0.000,0.000,28.13,27.02
7.828,0.000,0.000,28.13,27.26
7.829,0.000,0.000,28.13,27.46
7.830,0.000,0.000,28.13,27.62
7.852,0.000,0.000,29.17,27.87
7.853,0.000,0.000,29.17,28.07
7.853,0.000,0.000,29.17,28.23
7.854,0.000,0.000,29.17,28.36
7.869,0.000,0.000,30.16,28.67
7.870,0.000,0.000,30.16,28.91
7.871,0.000,0.000,31.23,28.94
7.874,0.000,0.000,31.23,28.97
7.876,0.000,0.000,31.23,28.99
7.877,0.000,0.000,31.23,29.00
7.880,0.000,0.000,32.28,29.28
7.884,0.000,0.000,32.28,29.51
7.902,0.000,0.000,33.36,29.76
7.903,0.000,0.000,33.36,29.97
7.925,0.000,0.000,33.36,30.13
7.928,0.000,0.000,33.36,30.26
7.929,0.000,0.000,34.48,30.46
7.930,0.000,0.000,34.48,30.62
7.934,0.000,0.000,34.48,30.75
7.936,0.000,0.000,34.48,30.86
7.938,0.000,0.000,35.55,31.00
7.943,0.000,0.000,35.55,31.12
7.944,0.000,0.000,36.60,31.48
7.945,0.000,0.000,36.60,31.77
7.946,0.000,0.000,36.60,32.00
7.951,0.000,0.000,36.60,32.19
7.953,0.000,0.000,37.62,32.42
7.954,0.000,0.000,37.62,32.59
7.955,0.000,0.000,37.62,32.74
7.960,0.000,0.000,37.62,32.85
7.996,0.000,0.000,38.63,33.11
7.997,0.000,0.000,38.63,33.32
7.998,0.000,0.000,39.68,33.60
8.003,0.000,0.000,39.68,33.82
8.006,0.000,0.000,40.75,34.01
8.011,0.000,0.000,40.75,34.17
8.038,0.000,0.000,41.85,34.38
8.039,0.000,0.000,41.85,34.55
8.040,0.000,0.000,41.85,34.69
8.040,0.000,0.000,41.85,34.80
8.051,0.000,0.000,42.88,34.95
8.052,0.000,0.000,42.88,35.08
8.057,0.000,0.000,43.89,35.20
8.062,0.000,0.000,43.89,35.29
8.067,0.000,0.000,44.88,35.40
8.068,0.000,0.000,44.88,35.49
8.075,0.000,0.000,44.88,35.57
8.078,0.000,0.000,44.88,35.62
8.087,0.000,0.000,45.88,35.73
8.092,0.000,0.000,45.88,35.82
8.094,0.000,0.000,45.88,35.89
8.096,0.000,0.000,45.88,35.94
8.110,0.000,0.000,46.92,36.06
8.111,0.000,0.000,46.92,36.15
8.112,0.000,0.000,46.92,36.23
8.113,0.000,0.000,46.92,36.29
8.116,0.000,0.000,47.92,36.35
8.119,0.000,0.000,47.92,36.40
8.152,0.000,0.000,48.89,36.55
8.153,0.000,0.000,48.89,36.67
8.155,0.000,0.000,49.86,36.73
8.159,0.000,0.000,49.86,36.77
8.163,0.000,0.000,50.81,36.79
8.168,0.000,0.000,50.81,36.81
8.189,0.000,0.000,51.74,36.93
8.192,0.000,0.000,51.74,37.03
8.203,0.000,0.000,52.70,37.06
8.204,0.000,0.000,52.70,37.08
8.229,0.000,0.000,53.58,37.01
8.234,0.000,0.000,53.58,36.96
8.252,0.000,0.000,53.58,36.92
8.253,0.000,0.000,53.58,36.89
8.262,0.000,0.000,54.49,36.92
8.263,0.000,0.000,54.49,36.94
8.267,0.000,0.000,54.49,36.96
8.268,0.000,0.000,54.49,36.98
8.269,0.000,0.000,55.40,37.05
8.270,0.000,0.000,55.40,37.12
8.271,0.000,0.000,55.40,37.16
8.276,0.000,0.000,55.40,37.20
8.280,0.000,0.000,56.30,37.18
8.284,0.000,0.000,56.30,37.16
8.285,0.000,0.000,56.30,37.14
8.286,0.000,0.000,56.30,37.13
8.287,0.000,0.000,57.17,37.20
8.288,0.000,0.000,57.17,37.25
8.289,0.000,0.000,57.17,37.29
8.293,0.000,0.000,57.17,37.33
8.294,0.000,0.000,58.00,37.41
8.296,0.000,0.000,58.00,37.47
8.297,0.000,0.000,58.00,37.52
8.304,0.000,0.000,58.00,37.56
8.329,0.000,0.000,58.87,37.66
8.330,0.000,0.000,58.87,37.74
8.331,0.000,0.000,58.87,37.80
8.331,0.000,0.000,58.87,37.85
8.350,0.000,0.000,59.72,37.92
8.351,0.000,0.000,59.72,37.97
8.352,0.000,0.000,60.60,37.99
8.354,0.000,0.000,60.60,38.01
8.355,0.000,0.000,60.60,38.02
8.356,0.000,0.000,60.60,38.03
8.360,0.000,0.000,61.48,38.08
8.361,0.000,0.000,61.48,38.12
8.386,0.000,0.000,62.38,38.07
8.387,0.000,0.000,62.38,38.03
8.397,0.000,0.000,63.18,38.01
8.401,0.000,0.000,63.18,37.99
8.404,0.000,0.000,63.98,37.97
8.405,0.000,0.000,63.98,37.95
8.408,0.000,0.000,63.98,37.93
8.410,0.000,0.000,63.98,37.92
8.441,0.000,0.000,64.76,38.00
8.444,0.000,0.000,64.76,38.07
8.448,0.000,0.000,64.76,38.13
8.451,0.000,0.000,64.76,38.17
8.453,0.000,0.000,65.54,38.21
8.453,0.000,0.000,65.54,38.23
8.461,0.000,0.000,66.31,38.35
8.463,0.000,0.000,66.31,38.44
8.464,0.000,0.000,66.31,38.52
8.469,0.000,0.000,66.31,38.58
8.471,0.000,0.000,67.05,38.65
8.472,0.000,0.000,67.05,38.71
8.472,0.000,0.000,67.05,38.76
8.473,0.000,0.000,67.05,38.80
8.500,0.000,0.000,67.72,38.89
8.501,0.000,0.000,67.72,38.97
8.502,0.000,0.000,67.72,39.03
8.503,0.000,0.000,67.72,39.08
8.507,0.000,0.000,68.38,39.15
8.511,0.000,0.000,68.38,39.21
8.518,0.000,0.000,68.38,39.26
8.519,0.000,0.000,68.38,39.30
8.525,0.000,0.000,69.02,39.42
8.531,0.000,0.000,69.02,39.52
8.535,0.000,0.000,69.02,39.60
8.536,0.000,0.000,69.02,39.66
8.552,0.000,0.000,69.63,39.76
8.553,0.000,0.000,69.63,39.84
8.570,0.000,0.000,70.26,40.04
8.571,0.000,0.000,70.26,40.21
8.572,0.000,0.000,70.82,40.26
8.573,0.000,0.000,70.82,40.30
8.579,0.000,0.000,71.37,40.34
8.580,0.000,0.000,71.37,40.37
8.582,0.000,0.000,71.37,40.39
8.583,0.000,0.000,71.37,40.41
8.637,0.000,0.000,71.84,40.50
8.643,0.000,0.000,71.84,40.57
8.648,0.000,0.000,72.24,40.80
8.653,0.000,0.000,72.24,40.99
8.657,0.000,0.000,72.59,41.09
8.660,0.000,0.000,72.59,41.17
8.661,0.000,0.000,72.59,41.24
8.662,0.000,0.000,72.59,41.29
8.663,0.000,0.000,72.93,41.58
8.664,0.000,0.000,72.93,41.82
8.664,0.000,0.000,72.93,42.01
8.665,0.000,0.000,72.93,42.16
8.670,0.000,0.000,73.22,42.47
8.671,0.000,0.000,73.22,42.72
8.671,0.000,0.000,73.22,42.92
8.674,0.000,0.000,73.22,43.08
8.678,0.000,0.000,73.44,43.30
8.679,0.000,0.000,73.44,43.48
8.686,0.000,0.000,73.44,43.62
8.688,0.000,0.000,73.44,43.73
8.708,0.000,0.000,73.54,43.97
8.709,0.000,0.000,73.54,44.17
8.711,0.000,0.000,73.54,44.32
8.713,0.000,0.000,73.54,44.45
8.728,0.000,0.000,73.59,44.85
8.729,0.000,0.000,73.59,45.17
8.734,0.000,0.000,73.59,45.42
8.735,0.000,0.000,73.59,45.63
8.736,0.000,0.000,73.59,46.01
8.737,0.000,0.000,73.59,46.31
8.738,0.000,0.000,73.59,46.55
8.742,0.000,0.000,73.59,46.74
8.746,0.000,0.000,73.53,47.13
8.747,0.000,0.000,73.53,47.45
8.751,0.000,0.000,73.53,47.70
8.752,0.000,0.000,73.53,47.90
8.753,0.000,0.000,73.36,48.32
8.755,0.000,0.000,73.36,48.66
8.761,0.000,0.000,73.36,48.93
8.762,0.000,0.000,73.36,49.14
8.796,0.000,0.000,73.14,49.53
8.801,0.000,0.000,73.14,49.85
8.802,0.000,0.000,73.14,50.10
8.803,0.000,0.000,73.14,50.30
8.804,0.000,0.000,72.86,50.68
8.805,0.000,0.000,72.86,50.99
8.809,0.000,0.000,72.52,51.57
8.810,0.000,0.000,72.52,52.03
8.811,0.000,0.000,72.52,52.40
8.818,0.000,0.000,72.52,52.69
8.820,0.000,0.000,72.10,53.21
8.821,0.000,0.000,72.10,53.62
8.821,0.000,0.000,72.10,53.95
8.825,0.000,0.000,72.10,54.21
8.851,0.000,0.000,71.60,54.60
8.852,0.000,0.000,71.60,54.92
8.853,0.000,0.000,71.03,55.70
8.855,0.000,0.000,71.03,56.33
8.860,0.000,0.000,71.03,56.83
8.861,0.000,0.000,71.03,57.23
8.870,0.000,0.000,70.39,57.87
8.881,0.000,0.000,70.39,58.37
8.885,0.000,0.000,70.39,58.78
8.902,0.000,0.000,70.39,59.11
8.903,0.000,0.000,69.69,59.61
8.904,0.000,0.000,69.69,60.02
8.905,0.000,0.000,69.69,60.35
8.910,0.000,0.000,69.69,60.61
8.928,0.000,0.000,68.90,61.05
8.929,0.000,0.000,68.90,61.40
8.930,0.000,0.000,68.03,62.30
8.934,0.000,0.000,68.03,63.02
8.937,0.000,0.000,67.14,63.61
8.938,0.000,0.000,67.14,64.08
8.969,0.000,0.000,66.17,64.87
8.970,0.000,0.000,66.17,65.51
8.971,0.000,0.000,66.17,66.01
8.971,0.000,0.000,66.17,66.42
8.973,0.000,0.000,65.19,67.02
8.977,0.000,0.000,65.19,67.49
8.980,0.000,0.000,65.19,67.88
8.981,0.000,0.000,65.19,68.18
8.984,0.000,0.000,64.14,68.79
8.985,0.000,0.000,64.14,69.27
8.986,0.000,0.000,64.14,69.66
8.987,0.000,0.000,64.14,69.97
9.014,0.000,0.000,63.04,70.28
9.015,0.000,0.000,63.04,70.53
9.021,0.000,0.000,61.92,71.11
9.026,0.000,0.000,61.92,71.58
9.030,0.000,0.000,61.92,71.95
9.035,0.000,0.000,61.92,72.25
9.051,0.000,0.000,60.73,72.66
9.052,0.000,0.000,60.73,72.98
9.053,0.000,0.000,60.73,73.24
9.058,0.000,0.000,60.73,73.45
9.077,0.000,0.000,59.56,73.87
9.078,0.000,0.000,59.56,74.20
9.079,0.000,0.000,59.56,74.47
9.080,0.000,0.000,59.56,74.68
9.081,0.000,0.000,58.36,75.08
9.082,0.000,0.000,58.36,75.40
9.082,0.000,0.000,58.36,75.66
9.086,0.000,0.000,58.36,75.87
9.108,0.000,0.000,57.10,76.18
9.109,0.000,0.000,57.10,76.43
9.110,0.000,0.000,57.10,76.62
9.110,0.000,0.000,57.10,76.78
9.114,0.000,0.000,55.81,77.07
9.114,0.000,0.000,55.81,77.29
9.119,0.000,0.000,55.81,77.48
9.120,0.000,0.000,55.81,77.62
9.123,0.000,0.000,54.50,77.44
9.124,0.000,0.000,54.50,77.30
9.126,0.000,0.000,53.18,78.29
9.129,0.000,0.000,53.18,79.09
9.130,0.000,0.000,53.18,79.72
9.135,0.000,0.000,53.18,80.23
9.136,0.000,0.000,51.83,80.82
9.137,0.000,0.000,51.83,81.29
9.138,0.000,0.000,51.83,81.67
9.145,0.000,0.000,51.83,81.97
9.170,0.000,0.000,50.51,82.31
9.171,0.000,0.000,50.51,82.58
9.172,0.000,0.000,50.51,82.79
9.178,0.000,0.000,50.51,82.96
9.179,0.000,0.000,49.17,83.05
9.180,0.000,0.000,49.17,83.12
9.185,0.000,0.000,49.17,83.18
9.186,0.000,0.000,49.17,83.23
9.188,0.000,0.000,47.78,83.55
9.188,0.000,0.000,47.78,83.81
9.219,0.000,0.000,46.41,83.15
9.220,0.000,0.000,46.41,82.63
9.229,0.000,0.000,45.00,82.29
9.235,0.000,0.000,45.00,82.01
9.236,0.000,0.000,45.00,81.80
9.237,0.000,0.000,45.00,81.62
9.245,0.000,0.000,43.65,81.12
9.251,0.000,0.000,43.65,80.72
9.269,0.000,0.000,42.27,80.91
9.270,0.000,0.000,42.27,81.06
9.270,0.000,0.000,42.27,81.19
9.274,0.000,0.000,42.27,81.29
9.291,0.000,0.000,40.86,81.39
9.294,0.000,0.000,40.86,81.48
9.296,0.000,0.000,40.86,81.55
9.297,0.000,0.000,40.86,81.60
9.301,0.000,0.000,39.46,81.04
9.302,0.000,0.000,39.46,80.60
9.305,0.000,0.000,38.06,80.24
9.307,0.000,0.000,38.06,79.95
9.311,0.000,0.000,38.06,79.72
9.311,0.000,0.000,38.06,79.53
9.313,0.000,0.000,36.68,79.44
9.335,0.000,0.000,36.68,79.36
9.336,0.000,0.000,36.68,79.30
9.336,0.000,0.000,36.68,79.25
9.352,0.000,0.000,35.35,78.27
9.353,0.000,0.000,35.35,77.48
9.368,0.000,0.000,34.05,76.46
9.369,0.000,0.000,34.05,75.65
9.370,0.000,0.000,32.76,74.72
9.371,0.000,0.000,32.76,73.98
9.377,0.000,0.000,31.44,72.67
9.378,0.000,0.000,31.44,71.63
9.418,0.000,0.000,30.15,70.36
9.419,0.000,0.000,30.15,69.35
9.419,0.000,0.000,30.15,68.54
9.420,0.000,0.000,30.15,67.89
9.434,0.000,0.000,28.88,66.88
9.435,0.000,0.000,28.88,66.08
9.436,0.000,0.000,28.88,65.43
9.437,0.000,0.000,28.88,64.92
9.439,0.000,0.000,27.65,64.14
9.443,0.000,0.000,27.65,63.52
9.444,0.000,0.000,27.65,63.02
9.445,0.000,0.000,27.65,62.62
9.453,0.000,0.000,26.46,61.91
9.454,0.000,0.000,26.46,61.35
9.476,0.000,0.000,26.46,60.89
9.478,0.000,0.000,26.46,60.53
9.479,0.000,0.000,25.33,59.60
9.481,0.000,0.000,25.33,58.86
9.485,0.000,0.000,25.33,58.27
9.486,0.000,0.000,25.33,57.79
9.501,0.000,0.000,24.25,56.86
9.502,0.000,0.000,24.25,56.11
9.503,0.000,0.000,24.25,55.51
9.503,0.000,0.000,24.25,55.03
9.504,0.000,0.000,23.18,54.19
9.505,0.000,0.000,23.18,53.52
9.510,0.000,0.000,23.18,52.98
9.511,0.000,0.000,23.18,52.55
9.514,0.000,0.000,22.19,51.55
9.518,0.000,0.000,22.19,50.76
9.519,0.000,0.000,22.19,50.12
9.520,0.000,0.000,22.19,49.61
9.521,0.000,0.000,21.22,48.69
9.523,0.000,0.000,21.22,47.96
9.537,0.000,0.000,21.22,47.37
9.542,0.000,0.000,21.22,46.90
9.575,0.000,0.000,20.31,46.05
9.576,0.000,0.000,20.31,45.37
9.578,0.000,0.000,19.44,44.29
9.585,0.000,0.000,19.44,43.42
9.586,0.000,0.000,18.57,42.36
9.586,0.000,0.000,18.57,41.51
9.588,0.000,0.000,17.77,40.53
9.591,0.000,0.000,17.77,39.75
9.601,0.000,0.000,17.77,39.12
9.603,0.000,0.000,17.77,38.62
9.618,0.000,0.000,17.03,37.81
9.619,0.000,0.000,17.03,37.17
9.620,0.000,0.000,17.03,36.65
9.621,0.000,0.000,17.03,36.23
9.637,0.000,0.000,16.38,35.51
9.638,0.000,0.000,16.38,34.93
9.642,0.000,0.000,15.79,34.24
9.646,0.000,0.000,15.79,33.68
9.647,0.000,0.000,15.79,33.23
9.648,0.000,0.000,15.79,32.87
9.653,0.000,0.000,15.27,32.19
9.653,0.000,0.000,15.27,31.64
9.669,0.000,0.000,15.27,31.21
9.670,0.000,0.000,15.27,30.86
9.694,0.000,0.000,14.79,30.18
9.696,0.000,0.000,14.79,29.64
9.697,0.000,0.000,14.38,29.00
9.698,0.000,0.000,14.38,28.49
9.699,0.000,0.000,14.38,28.09
9.703,0.000,0.000,14.38,27.76
9.710,0.000,0.000,14.02,27.28
9.711,0.000,0.000,14.02,26.89
9.713,0.000,0.000,13.78,26.36
9.718,0.000,0.000,13.78,25.93
9.719,0.000,0.000,13.78,25.59
9.720,0.000,0.000,13.78,25.32
9.754,0.000,0.000,13.57,24.90
9.758,0.000,0.000,13.57,24.57
9.762,0.000,0.000,13.39,24.18
9.763,0.000,0.000,13.39,23.86
9.764,0.000,0.000,13.28,23.45
9.765,0.000,0.000,13.28,23.13
9.803,0.000,0.000,13.24,22.77
9.807,0.000,0.000,13.24,22.48
9.813,0.000,0.000,13.24,22.17
9.818,0.000,0.000,13.24,21.91
9.819,0.000,0.000,13.29,21.66
9.820,0.000,0.000,13.29,21.46
9.835,0.000,0.000,13.40,21.25
9.835,0.000,0.000,13.40,21.08
9.852,0.000,0.000,13.40,20.95
9.853,0.000,0.000,13.40,20.84
9.860,0.000,0.000,13.61,20.70
9.864,0.000,0.000,13.61,20.59
9.868,0.000,0.000,13.81,20.51
9.869,0.000,0.000,13.81,20.45
9.895,0.000,0.000,14.09,20.33
9.898,0.000,0.000,14.09,20.23
9.916,0.000,0.000,14.09,20.16
9.917,0.000,0.000,14.09,20.10
9.918,0.000,0.000,14.42,20.06
9.918,0.000,0.000,14.42,20.03
9.921,0.000,0.000,14.42,17.77
9.923,0.000,0.000,14.42,15.97
9.928,0.000,0.000,14.80,14.57
9.929,0.000,0.000,14.80,13.45
9.934,0.000,0.000,14.80,12.55
9.935,0.000,0.000,14.80,11.83
9.938,0.000,0.000,15.19,11.30
9.939,0.000,0.000,15.19,10.88
9.943,0.000,0.000,15.64,12.79
9.944,0.000,0.000,15.64,14.32
9.946,0.000,0.000,15.64,15.54
9.947,0.000,0.000,15.64,16.51
10.008,0.000,0.000,16.21,17.43
10.014,0.000,0.000,16.21,18.16
10.015,0.000,0.000,16.79,18.80
10.019,0.000,0.000,16.79,19.32
10.021,0.000,0.000,16.79,19.72
10.022,0.000,0.000,16.79,20.05
10.027,0.000,0.000,17.50,20.39
10.028,0.000,0.000,17.50,20.66
10.029,0.000,0.000,17.50,20.88
10.030,0.000,0.000,17.50,21.06
10.032,0.000,0.000,18.20,21.28
10.032,0.000,0.000,18.20,21.46
10.035,0.000,0.000,18.97,21.66
10.036,0.000,0.000,18.97,21.82
10.037,0.000,0.000,18.97,21.94
10.038,0.000,0.000,18.97,22.04
10.043,0.000,0.000,19.82,22.22
10.050,0.000,0.000,19.82,22.36
10.070,0.000,0.000,20.77,22.58
10.071,0.000,0.000,20.77,22.75
10.073,0.000,0.000,20.77,22.89
10.078,0.000,0.000,20.77,23.00
10.094,0.000,0.000,21.78,23.20
10.097,0.000,0.000,21.78,23.37
10.101,0.000,0.000,21.78,23.50
10.102,0.000,0.000,21.78,23.61
10.103,0.000,0.000,22.80,23.79
10.103,0.000,0.000,22.80,23.93
10.109,0.000,0.000,23.75,24.20
10.111,0.000,0.000,23.75,24.41
10.112,0.000,0.000,23.75,24.58
10.113,0.000,0.000,23.75,24.72
10.118,0.000,0.000,24.67,24.96
10.120,0.000,0.000,24.67,25.16
10.127,0.000,0.000,24.67,25.31
10.129,0.000,0.000,24.67,25.44
10.146,0.000,0.000,25.59,25.71
10.151,0.000,0.000,25.59,25.92
10.151,0.000,0.000,25.59,26.10
10.152,0.000,0.000,25.59,26.23
10.169,0.000,0.000,26.62,26.51
10.170,0.000,0.000,26.62,26.73
10.171,0.000,0.000,27.65,27.14
10.174,0.000,0.000,27.65,27.46
10.179,0.000,0.000,28.69,27.61
10.180,0.000,0.000,28.69,27.73
10.185,0.000,0.000,28.69,27.83
10.187,0.000,0.000,28.69,27.91
10.224,0.000,0.000,29.67,28.13
10.228,0.000,0.000,29.67,28.30
10.234,0.000,0.000,30.66,28.59
10.235,0.000,0.000,30.66,28.82
10.236,0.000,0.000,31.68,29.08
10.238,0.000,0.000,31.68,29.29
10.240,0.000,0.000,32.76,29.45
10.244,0.000,0.000,32.76,29.59
10.270,0.000,0.000,33.86,30.05
10.271,0.000,0.000,33.86,30.42
10.279,0.000,0.000,34.91,30.75
10.280,0.000,0.000,34.91,31.02
10.285,0.000,0.000,34.91,31.23
10.287,0.000,0.000,34.91,31.40
10.303,0.000,0.000,35.96,31.58
10.303,0.000,0.000,35.96,31.73
10.304,0.000,0.000,35.96,31.84
10.305,0.000,0.000,35.96,31.94
10.342,0.000,0.000,36.96,32.15
10.343,0.000,0.000,36.96,32.32
10.344,0.000,0.000,36.96,32.45
10.345,0.000,0.000,36.96,32.56
10.347,0.000,0.000,38.01,32.92
10.351,0.000,0.000,38.01,33.20
10.354,0.000,0.000,39.06,33.24
10.355,0.000,0.000,39.06,33.27
10.359,0.000,0.000,39.06,33.29
10.360,0.000,0.000,39.06,33.31
10.361,0.000,0.000,40.10,33.41
10.363,0.000,0.000,40.10,33.48
10.367,0.000,0.000,40.10,33.55
10.369,0.000,0.000,40.10,33.60
10.370,0.000,0.000,41.10,33.73
10.371,0.000,0.000,41.10,33.84
10.374,0.000,0.000,41.10,33.93
10.384,0.000,0.000,41.10,34.00
10.402,0.000,0.000,42.07,34.12
10.403,0.000,0.000,42.07,34.22
10.403,0.000,0.000,42.07,34.30
10.404,0.000,0.000,42.07,34.37
10.423,0.000,0.000,43.04,34.39
10.424,0.000,0.000,43.04,34.42
10.425,0.000,0.000,43.04,34.43
10.426,0.000,0.000,43.04,34.45
10.434,0.000,0.000,43.97,34.86
10.435,0.000,0.000,43.97,35.19
10.438,0.000,0.000,44.86,35.51
10.439,0.000,0.000,44.86,35.77
10.469,0.000,0.000,45.75,36.11
10.470,0.000,0.000,45.75,36.39
10.475,0.000,0.000,46.65,36.63
10.484,0.000,0.000,46.65,36.83
10.485,0.000,0.000,47.54,36.95
10.486,0.000,0.000,47.54,37.05
10.487,0.000,0.000,47.54,37.12
10.488,0.000,0.000,47.54,37.18
10.515,0.000,0.000,48.47,37.30
10.516,0.000,0.000,48.47,37.39
10.524,0.000,0.000,49.35,37.46
10.531,0.000,0.000,49.35,37.52
10.535,0.000,0.000,50.21,37.48
10.536,0.000,0.000,50.21,37.44
10.570,0.000,0.000,51.07,37.41
10.571,0.000,0.000,51.07,37.39
10.574,0.000,0.000,51.95,37.49
10.579,0.000,0.000,51.95,37.56
10.584,0.000,0.000,52.79,37.57
10.585,0.000,0.000,52.79,37.58
10.613,0.000,0.000,53.64,37.69
10.614,0.000,0.000,53.64,37.78
10.620,0.000,0.000,54.49,37.85
10.624,0.000,0.000,54.49,37.91
10.628,0.000,0.000,55.32,38.00
10.630,0.000,0.000,55.32,38.08
10.668,0.000,0.000,56.16,38.07
10.669,0.000,0.000,56.16,38.06
10.670,0.000,0.000,57.01,38.12
10.677,0.000,0.000,57.01,38.18
10.679,0.000,0.000,57.83,38.03
10.679,0.000,0.000,57.83,37.91
10.684,0.000,0.000,57.83,37.82
10.685,0.000,0.000,57.83,37.75
10.699,0.000,0.000,58.62,37.74
10.702,0.000,0.000,58.62,37.74
10.719,0.000,0.000,58.62,37.74
10.720,0.000,0.000,58.62,37.73
10.721,0.000,0.000,59.39,37.74
10.722,0.000,0.000,59.39,37.75
10.726,0.000,0.000,59.39,37.76
10.730,0.000,0.000,59.39,37.76
10.735,0.000,0.000,60.16,37.89
10.736,0.000,0.000,60.16,37.99
10.741,0.000,0.000,60.97,37.99
10.744,0.000,0.000,60.97,37.99
10.745,0.000,0.000,60.97,37.99
10.746,0.000,0.000,60.97,37.99
10.771,0.000,0.000,61.77,38.16
10.774,0.000,0.000,61.77,38.29
10.779,0.000,0.000,62.58,38.42
10.782,0.000,0.000,62.58,38.51
10.788,0.000,0.000,63.37,38.56
10.791,0.000,0.000,63.37,38.60
10.796,0.000,0.000,63.37,38.64
10.803,0.000,0.000,63.37,38.66
10.820,0.000,0.000,64.14,38.63
10.821,0.000,0.000,64.14,38.61
10.825,0.000,0.000,64.14,38.59
10.829,0.000,0.000,64.14,38.58
10.842,0.000,0.000,64.92,38.67
10.843,0.000,0.000,64.92,38.75
10.844,0.000,0.000,65.66,38.71
10.844,0.000,0.000,65.66,38.68
10.851,0.000,0.000,65.66,38.65
10.852,0.000,0.000,65.66,38.63
10.855,0.000,0.000,66.39,38.65
10.858,0.000,0.000,66.39,38.67
10.885,0.000,0.000,67.08,38.76
10.886,0.000,0.000,67.08,38.83
10.887,0.000,0.000,67.08,38.89
10.889,0.000,0.000,67.08,38.94
10.895,0.000,0.000,67.74,39.07
10.900,0.000,0.000,67.74,39.18
10.903,0.000,0.000,68.34,39.21
10.904,0.000,0.000,68.34,39.24
10.905,0.000,0.000,68.34,39.26
10.908,0.000,0.000,68.34,39.28
10.921,0.000,0.000,68.93,39.47
10.923,0.000,0.000,68.93,39.62
10.930,0.000,0.000,68.93,39.74
10.934,0.000,0.000,68.93,39.84
10.953,0.000,0.000,69.47,40.00
10.954,0.000,0.000,69.47,40.13
10.968,0.000,0.000,69.93,40.34
10.969,0.000,0.000,69.93,40.51
10.972,0.000,0.000,70.37,40.71
10.973,0.000,0.000,70.37,40.86
10.978,0.000,0.000,70.80,41.13
10.981,0.000,0.000,70.80,41.34
10.996,0.000,0.000,70.80,41.52
11.001,0.000,0.000,70.80,41.65
11.021,0.000,0.000,71.19,41.88
11.023,0.000,0.000,71.19,42.07
11.025,0.000,0.000,71.19,42.22
11.030,0.000,0.000,71.19,42.34
11.034,0.000,0.000,71.56,42.52
11.035,0.000,0.000,71.56,42.67
11.038,0.000,0.000,71.86,42.86
11.043,0.000,0.000,71.86,43.01
11.045,0.000,0.000,72.12,43.23
11.046,0.000,0.000,72.12,43.40
11.053,0.000,0.000,72.12,43.55
11.061,0.000,0.000,72.12,43.66
11.078,0.000,0.000,72.34,43.89
11.079,0.000,0.000,72.34,44.08
11.080,0.000,0.000,72.34,44.23
11.084,0.000,0.000,72.34,44.35
11.101,0.000,0.000,72.49,44.59
11.102,0.000,0.000,72.49,44.78
11.103,0.000,0.000,72.49,44.94
11.104,0.000,0.000,72.49,45.06
11.105,0.000,0.000,72.60,45.31
11.106,0.000,0.000,72.60,45.50
11.112,0.000,0.000,72.61,45.85
11.113,0.000,0.000,72.61,46.13
11.137,0.000,0.000,72.60,46.54
11.147,0.000,0.000,72.60,46.87
11.151,0.000,0.000,72.51,47.57
11.152,0.000,0.000,72.51,48.13
11.161,0.000,0.000,72.51,48.58
11.162,0.000,0.000,72.51,48.94
11.163,0.000,0.000,72.38,49.43
11.168,0.000,0.000,72.38,49.82
11.169,0.000,0.000,72.38,50.13
11.169,0.000,0.000,72.38,50.38
11.171,0.000,0.000,72.16,50.82
11.174,0.000,0.000,72.16,51.16
11.176,0.000,0.000,72.16,51.44
11.177,0.000,0.000,72.16,51.66
11.201,0.000,0.000,71.85,52.06
11.202,0.000,0.000,71.85,52.37
11.211,0.000,0.000,71.47,52.93
11.215,0.000,0.000,71.47,53.37
11.217,0.000,0.000,71.47,53.73
11.217,0.000,0.000,71.47,54.01
11.220,0.000,0.000,71.03,54.24
11.222,0.000,0.000,71.03,54.43
11.252,0.000,0.000,70.55,54.94
11.253,0.000,0.000,70.55,55.35
11.254,0.000,0.000,70.55,55.68
11.257,0.000,0.000,70.55,55.95
11.262,0.000,0.000,69.95,56.34
11.263,0.000,0.000,69.95,56.66
11.269,0.000,0.000,69.26,57.49
11.270,0.000,0.000,69.26,58.15
11.303,0.000,0.000,68.48,58.94
11.303,0.000,0.000,68.48,59.57
11.312,0.000,0.000,67.65,60.43
11.313,0.000,0.000,67.65,61.11
11.316,0.000,0.000,66.74,62.25
11.318,0.000,0.000,66.74,63.16
11.321,0.000,0.000,66.74,63.88
11.326,0.000,0.000,66.74,64.47
11.338,0.000,0.000,65.73,65.55
11.343,0.000,0.000,65.73,66.42
11.344,0.000,0.000,65.73,67.12
11.346,0.000,0.000,65.73,67.67
11.359,0.000,0.000,64.62,68.27
11.360,0.000,0.000,64.62,68.75
11.361,0.000,0.000,64.62,69.13
11.362,0.000,0.000,64.62,69.44
11.368,0.000,0.000,63.46,70.21
11.369,0.000,0.000,63.46,70.82
11.370,0.000,0.000,63.46,71.31
11.371,0.000,0.000,63.46,71.71
11.392,0.000,0.000,62.21,72.49
11.401,0.000,0.000,62.21,73.11
11.418,0.000,0.000,62.21,73.61
11.419,0.000,0.000,62.21,74.01
11.420,0.000,0.000,60.90,74.42
11.421,0.000,0.000,60.90,74.75
11.422,0.000,0.000,60.90,75.02
11.423,0.000,0.000,60.90,75.23
11.427,0.000,0.000,59.58,75.73
11.428,0.000,0.000,59.58,76.13
11.431,0.000,0.000,59.58,76.45
11.432,0.000,0.000,59.58,76.71
11.436,0.000,0.000,58.21,77.34
11.437,0.000,0.000,58.21,77.84
11.441,0.000,0.000,58.21,78.24
11.443,0.000,0.000,58.21,78.56
11.445,0.000,0.000,56.82,79.00
11.446,0.000,0.000,56.82,79.34
11.500,0.000,0.000,55.39,79.44
11.518,0.000,0.000,55.39,79.51
11.521,0.000,0.000,53.93,80.69
11.521,0.000,0.000,53.93,81.63
11.522,0.000,0.000,52.47,82.57
11.527,0.000,0.000,52.47,83.33
11.529,0.000,0.000,52.47,83.93
11.533,0.000,0.000,52.47,84.41
11.534,0.000,0.000,51.02,84.83
11.536,0.000,0.000,51.02,85.16
11.537,0.000,0.000,51.02,85.42
11.538,0.000,0.000,51.02,85.63
11.542,0.000,0.000,49.52,85.94
11.543,0.000,0.000,49.52,86.18
11.544,0.000,0.000,49.52,86.37
11.546,0.000,0.000,49.52,86.53
11.552,0.000,0.000,48.03,87.02
11.554,0.000,0.000,48.03,87.40
11.571,0.000,0.000,46.54,86.95
11.572,0.000,0.000,46.54,86.58
11.578,0.000,0.000,46.54,86.29
11.579,0.000,0.000,46.54,86.06
11.594,0.000,0.000,45.07,85.45
11.596,0.000,0.000,45.07,84.96
11.597,0.000,0.000,43.58,84.85
11.601,0.000,0.000,43.58,84.77
11.604,0.000,0.000,42.11,84.70
11.605,0.000,0.000,42.11,84.64
11.606,0.000,0.000,42.11,84.59
11.610,0.000,0.000,42.11,84.55
11.645,0.000,0.000,40.65,84.35
11.646,0.000,0.000,40.65,84.19
11.647,0.000,0.000,40.65,84.06
11.647,0.000,0.000,40.65,83.96
11.652,0.000,0.000,39.24,83.09
11.653,0.000,0.000,39.24,82.39
11.655,0.000,0.000,37.83,81.89
11.660,0.000,0.000,37.83,81.49
11.662,0.000,0.000,36.44,80.69
11.663,0.000,0.000,36.44,80.06
11.668,0.000,0.000,36.44,79.55
11.669,0.000,0.000,36.44,79.14
11.703,0.000,0.000,35.06,78.06
11.704,0.000,0.000,35.06,77.20
11.711,0.000,0.000,33.72,76.01
11.712,0.000,0.000,33.72,75.06
11.713,0.000,0.000,33.72,74.30
11.715,0.000,0.000,33.72,73.69
11.719,0.000,0.000,32.43,73.34
11.720,0.000,0.000,32.43,73.07
11.725,0.000,0.000,32.43,72.85
11.729,0.000,0.000,32.43,72.67
11.738,0.000,0.000,31.21,71.90
11.743,0.000,0.000,31.21,71.29
11.751,0.000,0.000,31.21,70.80
11.752,0.000,0.000,31.21,70.41
11.769,0.000,0.000,29.98,69.25
11.770,0.000,0.000,29.98,68.33
11.770,0.000,0.000,28.80,67.12
11.771,0.000,0.000,28.80,66.15
11.778,0.000,0.000,27.59,65.00
11.779,0.000,0.000,27.59,64.07
11.803,0.000,0.000,26.40,62.62
11.804,0.000,0.000,26.40,61.45
11.814,0.000,0.000,25.25,60.01
11.818,0.000,0.000,25.25,58.85
11.860,0.000,0.000,24.21,57.54
11.861,0.000,0.000,24.21,56.49
11.863,0.000,0.000,23.13,55.26
11.863,0.000,0.000,23.13,54.28
11.868,0.000,0.000,22.08,53.09
11.869,0.000,0.000,22.08,52.13
11.870,0.000,0.000,22.08,51.37
11.871,0.000,0.000,22.08,50.76
11.874,0.000,0.000,21.10,49.71
11.877,0.000,0.000,21.10,48.87
11.878,0.000,0.000,21.10,48.19
11.888,0.000,0.000,21.10,47.66
11.907,0.000,0.000,20.19,46.82
11.914,0.000,0.000,20.19,46.14
11.917,0.000,0.000,20.19,45.61
11.918,0.000,0.000,20.19,45.18
11.923,0.000,0.000,19.31,44.28
11.928,0.000,0.000,19.31,43.56
11.929,0.000,0.000,18.47,42.64
11.933,0.000,0.000,18.47,41.90
11.934,0.000,0.000,18.47,41.31
11.936,0.000,0.000,18.47,40.84
11.937,0.000,0.000,17.66,39.93
11.938,0.000,0.000,17.66,39.21
11.941,0.000,0.000,17.66,38.63
11.942,0.000,0.000,17.66,38.16
11.968,0.000,0.000,16.90,37.40
11.969,0.000,0.000,16.90,36.78
11.970,0.000,0.000,16.90,36.29
11.971,0.000,0.000,16.90,35.90
11.985,0.000,0.000,16.21,35.15
11.986,0.000,0.000,16.21,34.56
11.988,0.000,0.000,15.62,33.85
11.995,0.000,0.000,15.62,33.28
12.003,0.000,0.000,15.62,32.83
12.004,0.000,0.000,15.62,32.47
12.024,0.000,0.000,15.12,31.78
12.027,0.000,0.000,15.12,31.23
12.041,0.000,0.000,14.66,30.44
12.042,0.000,0.000,14.66,29.81
12.047,0.000,0.000,14.26,29.02
12.048,0.000,0.000,14.26,28.38
12.053,0.000,0.000,14.26,27.87
12.053,0.000,0.000,14.26,27.46
12.055,0.000,0.000,13.90,27.03
12.058,0.000,0.000,13.90,26.68
12.059,0.000,0.000,13.90,26.40
12.062,0.000,0.000,13.90,26.18
12.079,0.000,0.000,13.59,25.75
12.082,0.000,0.000,13.59,25.40
12.085,0.000,0.000,13.59,25.13
12.086,0.000,0.000,13.59,24.91
12.103,0.000,0.000,13.30,24.56
12.104,0.000,0.000,13.30,24.28
12.105,0.000,0.000,13.02,23.94
12.110,0.000,0.000,13.02,23.67
12.117,0.000,0.000,12.78,23.34
12.118,0.000,0.000,12.78,23.08
12.156,0.000,0.000,12.61,22.66
12.161,0.000,0.000,12.61,22.33
12.167,0.000,0.000,12.54,21.97
12.168,0.000,0.000,12.54,21.67
12.169,0.000,0.000,12.44,21.42
12.170,0.000,0.000,12.44,21.22
12.170,0.000,0.000,12.44,19.09
12.171,0.000,0.000,12.44,17.39
12.199,0.000,0.000,12.42,15.88
12.200,0.000,0.000,12.42,14.67
12.202,0.000,0.000,12.42,13.70
12.203,0.000,0.000,12.42,12.93
12.212,0.000,0.000,12.45,12.15
12.218,0.000,0.000,12.45,11.54
12.220,0.000,0.000,12.56,10.88
12.220,0.000,0.000,12.56,10.35
12.237,0.000,0.000,12.69,9.84
12.245,0.000,0.000,12.69,9.42
12.259,0.000,0.000,12.69,9.09
12.268,0.000,0.000,12.69,8.82
12.269,0.000,0.000,12.81,8.63
12.270,0.000,0.000,12.81,8.47
12.270,0.000,0.000,12.81,8.34
12.272,0.000,0.000,12.81,8.24
12.274,0.000,0.000,13.04,8.18
12.275,0.000,0.000,13.04,8.14
12.284,0.000,0.000,13.32,8.14
12.285,0.000,0.000,13.32,8.14
12.303,0.000,0.000,13.67,8.17
12.304,0.000,0.000,13.67,8.21
12.330,0.000,0.000,14.06,8.27
12.331,0.000,0.000,14.06,8.33
12.332,0.000,0.000,14.06,8.37
12.332,0.000,0.000,14.06,8.41
12.337,0.000,0.000,14.51,8.49
12.338,0.000,0.000,14.51,8.55
12.343,0.000,0.000,14.96,8.65
12.345,0.000,0.000,14.96,8.73
12.346,0.000,0.000,14.96,8.80
12.351,0.000,0.000,14.96,8.85
12.352,0.000,0.000,15.52,8.95
12.353,0.000,0.000,15.52,9.04
12.385,0.000,0.000,16.15,9.17
12.386,0.000,0.000,16.15,9.28
12.395,0.000,0.000,16.80,9.44
12.396,0.000,0.000,16.80,9.57
12.422,0.000,0.000,17.52,9.75
12.431,0.000,0.000,17.52,12.06
12.436,0.000,0.000,17.52,13.91
12.437,0.000,0.000,17.52,15.39
12.444,0.000,0.000,18.27,16.68
12.445,0.000,0.000,18.27,17.72
12.450,0.000,0.000,19.01,16.42
12.451,0.000,0.000,19.01,15.39
12.453,0.000,0.000,19.82,14.64
12.454,0.000,0.000,19.82,14.05
12.457,0.000,0.000,19.82,13.57
12.460,0.000,0.000,19.82,13.19
12.484,0.000,0.000,20.66,12.97
12.485,0.000,0.000,20.66,12.79
12.486,0.000,0.000,21.60,12.75
12.487,0.000,0.000,21.60,15.04
12.511,0.000,0.000,22.63,16.95
12.518,0.000,0.000,22.63,18.49
12.565,0.000,0.000,22.63,19.71
12.573,0.000,0.000,22.63,20.70
12.575,0.000,0.000,23.63,21.62
12.576,0.000,0.000,23.63,22.36
12.576,0.000,0.000,23.63,22.95
12.577,0.000,0.000,23.63,23.42
12.578,0.000,0.000,24.70,23.98
12.579,0.000,0.000,24.70,24.43
12.580,0.000,0.000,24.70,24.79
12.584,0.000,0.000,24.70,25.08
12.587,0.000,0.000,25.76,25.30
12.588,0.000,0.000,25.76,25.47
12.589,0.000,0.000,25.76,25.60
12.590,0.000,0.000,25.76,25.71
12.592,0.000,0.000,25.76,25.80
12.593,0.000,0.000,25.76,25.87
12.593,0.000,0.000,26.80,26.08
12.596,0.000,0.000,26.80,26.25
12.601,0.000,0.000,27.82,26.55
12.602,0.000,0.000,27.82,26.78
12.602,0.000,0.000,27.82,26.97
12.603,0.000,0.000,27.82,27.12
12.605,0.000,0.000,28.90,27.37
12.608,0.000,0.000,28.90,27.57
12.609,0.000,0.000,28.90,27.72
12.614,0.000,0.000,28.90,27.85
12.629,0.000,0.000,30.00,28.04
12.635,0.000,0.000,30.00,28.20
12.636,0.000,0.000,30.00,28.32
12.636,0.000,0.000,30.00,28.42
12.653,0.000,0.000,31.08,28.76
12.654,0.000,0.000,31.08,29.03
12.655,0.000,0.000,31.08,29.25
12.657,0.000,0.000,31.08,29.43
12.661,0.000,0.000,32.15,29.74
12.662,0.000,0.000,32.15,29.99
12.668,0.000,0.000,33.22,30.26
12.669,0.000,0.000,33.22,30.48
12.672,0.000,0.000,34.24,30.74
12.674,0.000,0.000,34.24,30.95
12.688,0.000,0.000,34.24,31.12
12.697,0.000,0.000,34.24,31.25
12.713,0.000,0.000,35.32,31.48
12.718,0.000,0.000,35.32,31.66
12.719,0.000,0.000,35.32,31.80
12.720,0.000,0.000,35.32,31.92
12.720,0.000,0.000,36.43,32.10
12.721,0.000,0.000,36.43,32.25
12.725,0.000,0.000,36.43,32.36
12.727,0.000,0.000,36.43,32.46
12.730,0.000,0.000,37.52,32.57
12.734,0.000,0.000,37.52,32.67
12.736,0.000,0.000,37.52,32.74
12.736,0.000,0.000,37.52,32.80
12.741,0.000,0.000,38.61,32.98
12.743,0.000,0.000,38.61,33.12
12.752,0.000,0.000,38.61,33.23
12.753,0.000,0.000,38.61,33.32
12.769,0.000,0.000,39.74,33.49
12.770,0.000,0.000,39.74,33.63
12.771,0.000,0.000,39.74,33.74
12.776,0.000,0.000,39.74,33.82
12.789,0.000,0.000,40.82,33.99
12.792,0.000,0.000,40.82,34.13
12.795,0.000,0.000,41.91,34.29
12.796,0.000,0.000,41.91,34.41
12.797,0.000,0.000,41.91,34.52
12.801,0.000,0.000,41.91,34.60
12.804,0.000,0.000,42.95,34.72
12.805,0.000,0.000,42.95,34.82
12.807,0.000,0.000,42.95,34.90
12.810,0.000,0.000,42.95,34.96
12.841,0.000,0.000,44.02,35.10
12.844,0.000,0.000,44.02,35.21
12.847,0.000,0.000,44.02,35.30
12.851,0.000,0.000,44.02,35.37
12.852,0.000,0.000,45.05,35.47
12.853,0.000,0.000,45.05,35.54
12.854,0.000,0.000,45.05,35.60
12.858,0.000,0.000,45.05,35.65
12.861,0.000,0.000,46.06,35.71
12.863,0.000,0.000,46.06,35.76
12.867,0.000,0.000,46.06,35.80
12.868,0.000,0.000,46.06,35.83
12.870,0.000,0.000,46.98,35.98
12.871,0.000,0.000,46.98,36.10
12.872,0.000,0.000,46.98,36.20
12.873,0.000,0.000,46.98,36.27
12.902,0.000,0.000,47.93,36.37
12.903,0.000,0.000,47.93,36.45
12.912,0.000,0.000,47.93,36.51
12.913,0.000,0.000,47.93,36.56
12.913,0.000,0.000,48.86,36.64
12.918,0.000,0.000,48.86,36.70
12.919,0.000,0.000,48.86,36.75
12.920,0.000,0.000,48.86,36.79
12.924,0.000,0.000,49.82,36.90
12.927,0.000,0.000,49.82,36.99
12.929,0.000,0.000,49.82,37.06
12.930,0.000,0.000,49.82,37.11
12.932,0.000,0.000,50.78,37.17
12.932,0.000,0.000,50.78,37.21
12.933,0.000,0.000,50.78,37.25
12.934,0.000,0.000,50.78,37.28
12.968,0.000,0.000,51.73,37.32
12.969,0.000,0.000,51.73,37.36
12.977,0.000,0.000,52.63,37.46
12.979,0.000,0.000,52.63,37.55
12.984,0.000,0.000,53.54,37.52
12.995,0.000,0.000,53.54,37.49
13.016,0.000,0.000,54.44,37.46
13.017,0.000,0.000,54.44,37.43
13.035,0.000,0.000,55.38,37.51
13.036,0.000,0.000,55.38,37.57
13.038,0.000,0.000,56.29,37.38
13.039,0.000,0.000,56.29,37.22
13.044,0.000,0.000,56.29,37.09
13.045,0.000,0.000,56.29,36.99
13.051,0.000,0.000,57.19,36.88
13.052,0.000,0.000,57.19,36.79
13.052,0.000,0.000,57.19,36.72
13.053,0.000,0.000,57.19,36.67
13.069,0.000,0.000,58.07,36.73
13.070,0.000,0.000,58.07,36.79
13.101,0.000,0.000,58.93,36.84
13.102,0.000,0.000,58.93,36.89
13.103,0.000,0.000,58.93,36.93
13.104,0.000,0.000,58.93,36.96
13.107,0.000,0.000,59.75,37.00
13.111,0.000,0.000,59.75,37.04
13.112,0.000,0.000,60.56,37.23
13.113,0.000,0.000,60.56,37.38
13.116,0.000,0.000,60.56,37.51
13.117,0.000,0.000,60.56,37.61
13.136,0.000,0.000,61.36,37.71
13.137,0.000,0.000,61.36,37.80
13.161,0.000,0.000,62.14,37.88
13.163,0.000,0.000,62.14,37.95
13.168,0.000,0.000,62.14,38.00
13.168,0.000,0.000,62.14,38.05
13.170,0.000,0.000,62.91,38.14
13.171,0.000,0.000,62.91,38.22
13.175,0.000,0.000,62.91,38.28
13.176,0.000,0.000,62.91,38.33
13.178,0.000,0.000,63.65,38.33
13.179,0.000,0.000,63.65,38.33
13.184,0.000,0.000,63.65,38.32
13.185,0.000,0.000,63.65,38.32
13.186,0.000,0.000,64.40,38.46
13.187,0.000,0.000,64.40,38.58
13.188,0.000,0.000,64.40,38.67
13.191,0.000,0.000,64.40,38.74
13.221,0.000,0.000,65.15,38.85
13.224,0.000,0.000,65.15,38.93
13.228,0.000,0.000,65.86,39.01
13.230,0.000,0.000,65.86,39.08
13.232,0.000,0.000,65.86,39.13
13.237,0.000,0.000,65.86,39.18
13.238,0.000,0.000,66.56,39.22
13.240,0.000,0.000,66.56,39.25
13.244,0.000,0.000,66.56,39.28
13.246,0.000,0.000,66.56,39.30
13.255,0.000,0.000,67.26,39.35
13.262,0.000,0.000,67.26,39.39
13.271,0.000,0.000,67.26,39.43
13.279,0.000,0.000,67.26,39.45
13.285,0.000,0.000,67.93,39.51
13.288,0.000,0.000,67.93,39.56
13.295,0.000,0.000,68.61,39.59
13.296,0.000,0.000,68.61,39.62
13.301,0.000,0.000,69.25,39.71
13.302,0.000,0.000,69.25,39.78
13.329,0.000,0.000,69.83,39.90
13.330,0.000,0.000,69.83,40.00
13.336,0.000,0.000,70.37,40.16
13.337,0.000,0.000,70.37,40.29
13.369,0.000,0.000,70.84,40.55
13.370,0.000,0.000,70.84,40.75
13.372,0.000,0.000,71.26,41.00
13.379,0.000,0.000,71.26,41.20
13.383,0.000,0.000,71.65,41.39
13.387,0.000,0.000,71.65,41.53
13.426,0.000,0.000,72.03,41.76
13.429,0.000,0.000,72.03,41.95
13.438,0.000,0.000,72.03,42.09
13.441,0.000,0.000,72.03,42.21
13.451,0.000,0.000,72.36,42.38
13.452,0.000,0.000,72.36,42.51
13.452,0.000,0.000,72.36,42.62
13.453,0.000,0.000,72.36,42.71
13.454,0.000,0.000,72.69,42.79
13.457,0.000,0.000,72.69,42.85
13.458,0.000,0.000,72.69,42.90
13.460,0.000,0.000,72.69,42.94
13.462,0.000,0.000,72.94,43.11
13.467,0.000,0.000,72.94,43.25
13.470,0.000,0.000,73.16,43.57
13.471,0.000,0.000,73.16,43.82
13.472,0.000,0.000,73.16,44.02
13.476,0.000,0.000,73.16,44.18
13.478,0.000,0.000,73.32,44.43
13.479,0.000,0.000,73.32,44.64
13.480,0.000,0.000,73.32,44.81
13.488,0.000,0.000,73.32,44.94
13.504,0.000,0.000,73.39,45.23
13.507,0.000,0.000,73.39,45.46
13.511,0.000,0.000,73.39,45.64
13.513,0.000,0.000,73.39,45.79
13.531,0.000,0.000,73.40,46.10
13.536,0.000,0.000,73.40,46.35
13.537,0.000,0.000,73.35,46.74
13.538,0.000,0.000,73.35,47.06
13.544,0.000,0.000,73.35,47.31
13.546,0.000,0.000,73.35,47.51
13.546,0.000,0.000,73.23,47.92
13.551,0.000,0.000,73.23,48.24
13.552,0.000,0.000,73.23,48.50
13.553,0.000,0.000,73.23,48.71
13.554,0.000,0.000,73.03,49.13
13.555,0.000,0.000,73.03,49.46
13.558,0.000,0.000,73.03,49.73
13.568,0.000,0.000,73.03,49.95
13.586,0.000,0.000,72.76,50.35
13.587,0.000,0.000,72.76,50.68
13.588,0.000,0.000,72.76,50.94
13.594,0.000,0.000,72.76,51.14
13.609,0.000,0.000,72.42,51.54
13.610,0.000,0.000,72.42,51.86
13.611,0.000,0.000,72.00,52.49
13.611,0.000,0.000,72.00,53.00
13.618,0.000,0.000,72.00,53.40
13.619,0.000,0.000,72.00,53.72
13.623,0.000,0.000,71.51,54.29
13.627,0.000,0.000,71.51,54.75
13.628,0.000,0.000,71.51,55.11
13.629,0.000,0.000,71.51,55.40
13.636,0.000,0.000,70.94,55.92
13.645,0.000,0.000,70.94,56.34
13.662,0.000,0.000,70.94,56.68
13.666,0.000,0.000,70.94,56.94
13.668,0.000,0.000,70.29,57.49
13.678,0.000,0.000,70.29,57.93
13.687,0.000,0.000,69.56,58.69
13.688,0.000,0.000,69.56,59.30
13.691,0.000,0.000,69.56,59.79
13.693,0.000,0.000,69.56,60.18
13.695,0.000,0.000,68.79,60.68
13.699,0.000,0.000,68.79,61.08
13.702,0.000,0.000,67.93,61.77
13.703,0.000,0.000,67.93,62.32
13.704,0.000,0.000,67.93,62.76
13.705,0.000,0.000,67.93,63.11
13.740,0.000,0.000,66.94,63.67
13.741,0.000,0.000,66.94,64.12
13.743,0.000,0.000,65.91,64.95
13.747,0.000,0.000,65.91,65.62
13.751,0.000,0.000,64.83,66.61
13.752,0.000,0.000,64.83,67.40
13.753,0.000,0.000,64.83,68.03
13.754,0.000,0.000,64.83,68.54
13.768,0.000,0.000,63.67,69.43
13.780,0.000,0.000,63.67,70.15
13.792,0.000,0.000,63.67,70.72
13.798,0.000,0.000,63.67,71.18
13.801,0.000,0.000,62.45,71.78
13.803,0.000,0.000,62.45,72.25
13.804,0.000,0.000,62.45,72.64
13.810,0.000,0.000,62.45,72.94
13.853,0.000,0.000,61.20,73.70
13.882,0.000,0.000,61.20,74.31
13.917,0.000,0.000,59.92,75.00
13.949,0.000,0.000,59.92,75.55
13.954,0.000,0.000,59.92,75.99
13.957,0.000,0.000,59.92,76.35
13.959,0.000,0.000,58.60,76.79
13.960,0.000,0.000,58.60,77.14
13.961,0.000,0.000,58.60,77.42
13.962,0.000,0.000,58.60,77.65
13.963,0.000,0.000,57.23,77.90
13.970,0.000,0.000,57.23,78.11
13.971,0.000,0.000,55.82,78.76
13.977,0.000,0.000,55.82,79.28
13.986,0.000,0.000,54.39,79.96
13.987,0.000,0.000,54.39,80.50
13.988,0.000,0.000,54.39,80.93
13.993,0.000,0.000,54.39,81.28
13.994,0.000,0.000,52.90,81.83
13.997,0.000,0.000,52.90,82.26
13.998,0.000,0.000,52.90,82.61
13.999,0.000,0.000,52.90,82.89
14.003,0.000,0.000,52.90,83.11
14.004,0.000,0.000,52.90,83.29
14.006,0.000,0.000,51.43,83.49
14.009,0.000,0.000,51.43,83.65
14.010,0.000,0.000,51.43,83.78
14.011,0.000,0.000,51.43,83.88
14.012,0.000,0.000,49.99,84.25
14.013,0.000,0.000,49.99,84.54
14.016,0.000,0.000,49.99,84.78
14.017,0.000,0.000,49.99,84.97
14.018,0.000,0.000,48.54,84.89
14.020,0.000,0.000,48.54,84.83
14.021,0.000,0.000,47.09,84.74
14.025,0.000,0.000,47.09,84.67
14.025,0.000,0.000,47.09,84.61
14.026,0.000,0.000,47.09,84.56
14.035,0.000,0.000,45.60,84.42
14.036,0.000,0.000,45.60,84.30
14.037,0.000,0.000,45.60,84.21
14.038,0.000,0.000,45.60,84.13
14.039,0.000,0.000,44.13,84.08
14.040,0.000,0.000,44.13,84.03
14.042,0.000,0.000,44.13,84.00
14.043,0.000,0.000,44.13,83.97
14.044,0.000,0.000,42.63,83.79
14.047,0.000,0.000,42.63,83.64
14.051,0.000,0.000,42.63,83.53
14.052,0.000,0.000,42.63,83.44
14.053,0.000,0.000,41.15,83.30
14.053,0.000,0.000,41.15,83.19
14.054,0.000,0.000,41.15,83.10
14.056,0.000,0.000,41.15,83.03
14.070,0.000,0.000,39.68,82.73
14.071,0.000,0.000,39.68,82.48
14.074,0.000,0.000,39.68,82.29
14.075,0.000,0.000,39.68,82.13
14.076,0.000,0.000,38.27,81.64
14.079,0.000,0.000,38.27,81.25
14.080,0.000,0.000,38.27,80.94
14.081,0.000,0.000,38.27,80.69
14.085,0.000,0.000,36.87,80.09
14.086,0.000,0.000,36.87,79.61
14.087,0.000,0.000,36.87,79.23
14.088,0.000,0.000,36.87,78.92
14.094,0.000,0.000,35.45,78.23
14.095,0.000,0.000,35.45,77.68
14.096,0.000,0.000,35.45,77.23
14.096,0.000,0.000,35.45,76.88
14.101,0.000,0.000,34.05,76.21
14.102,0.000,0.000,34.05,75.68
14.111,0.000,0.000,34.05,75.26
14.114,0.000,0.000,34.05,74.92
14.135,0.000,0.000,32.66,74.12
14.136,0.000,0.000,32.66,73.48
14.137,0.000,0.000,32.66,72.97
14.137,0.000,0.000,32.66,72.56
14.152,0.000,0.000,31.34,71.79
14.153,0.000,0.000,31.34,71.17
14.154,0.000,0.000,31.34,70.68
14.155,0.000,0.000,31.34,70.29
14.157,0.000,0.000,30.06,69.37
14.160,0.000,0.000,30.06,68.63
14.164,0.000,0.000,28.82,67.69
14.164,0.000,0.000,28.82,66.94
14.168,0.000,0.000,28.82,66.34
14.169,0.000,0.000,28.82,65.86
14.204,0.000,0.000,27.66,64.86
14.207,0.000,0.000,27.66,64.06
14.208,0.000,0.000,27.66,63.42
14.213,0.000,0.000,27.66,62.90
14.217,0.000,0.000,26.56,61.73
14.218,0.000,0.000,26.56,60.79
14.220,0.000,0.000,25.48,59.60
14.221,0.000,0.000,25.48,58.66
14.226,0.000,0.000,24.43,57.50
14.227,0.000,0.000,24.43,56.57
14.236,0.000,0.000,24.43,55.83
14.237,0.000,0.000,24.43,55.24
14.255,0.000,0.000,23.44,54.12
14.263,0.000,0.000,23.44,53.22
14.267,0.000,0.000,23.44,52.50
14.268,0.000,0.000,23.44,51.93
14.277,0.000,0.000,22.50,50.98
14.278,0.000,0.000,22.50,50.23
14.279,0.000,0.000,22.50,49.62
14.283,0.000,0.000,22.50,49.14
14.285,0.000,0.000,21.62,48.40
14.286,0.000,0.000,21.62,47.82
14.298,0.000,0.000,20.83,46.82
14.303,0.000,0.000,20.83,46.01
14.304,0.000,0.000,20.83,45.37
14.305,0.000,0.000,20.83,44.86
14.331,0.000,0.000,20.06,43.96
14.334,0.000,0.000,20.06,43.25
14.336,0.000,0.000,20.06,42.68
14.337,0.000,0.000,20.06,42.22
14.344,0.000,0.000,19.32,41.44
14.347,0.000,0.000,19.32,40.82
14.350,0.000,0.000,19.32,40.32
14.352,0.000,0.000,19.32,39.92
14.353,0.000,0.000,18.61,39.24
14.353,0.000,0.000,18.61,38.69
14.354,0.000,0.000,18.61,38.25
14.355,0.000,0.000,18.61,37.90
14.361,0.000,0.000,17.94,37.30
14.362,0.000,0.000,17.94,36.81
14.364,0.000,0.000,17.94,36.43
14.367,0.000,0.000,17.94,36.12
14.384,0.000,0.000,17.36,35.52
14.386,0.000,0.000,17.36,35.05
14.405,0.000,0.000,16.83,34.37
14.409,0.000,0.000,16.83,33.83
14.412,0.000,0.000,16.38,33.09
14.414,0.000,0.000,16.38,32.49
14.418,0.000,0.000,16.00,31.80
14.420,0.000,0.000,16.00,31.24
14.421,0.000,0.000,16.00,30.80
14.423,0.000,0.000,16.00,30.44
14.453,0.000,0.000,15.66,29.87
14.454,0.000,0.000,15.66,29.41
14.461,0.000,0.000,15.38,28.87
14.462,0.000,0.000,15.38,28.43
14.468,0.000,0.000,15.12,27.93
14.469,0.000,0.000,15.12,27.52
14.470,0.000,0.000,15.12,27.20
14.471,0.000,0.000,15.12,26.94
14.472,0.000,0.000,15.12,26.73
14.477,0.000,0.000,15.12,26.57
14.487,0.000,0.000,14.88,26.30
14.488,0.000,0.000,14.88,26.09
14.502,0.000,0.000,14.88,25.92
14.518,0.000,0.000,14.88,25.78
14.519,0.000,0.000,14.78,25.49
14.520,0.000,0.000,14.78,25.26
14.526,0.000,0.000,14.67,25.00
14.534,0.000,0.000,14.67,24.79
14.535,0.000,0.000,14.67,24.62
14.535,0.000,0.000,14.67,22.22
14.537,0.000,0.000,14.56,20.14
14.538,0.000,0.000,14.56,18.47
14.542,0.000,0.000,14.56,17.14
14.543,0.000,0.000,14.56,16.07
14.553,0.000,0.000,14.49,15.03
14.553,0.000,0.000,14.49,14.19
14.554,0.000,0.000,14.49,13.53
14.555,0.000,0.000,14.49,12.99
14.581,0.000,0.000,14.38,12.45
14.582,0.000,0.000,14.38,12.02
14.587,0.000,0.000,14.34,11.64
14.593,0.000,0.000,14.34,11.33
14.601,0.000,0.000,14.36,10.99
14.602,0.000,0.000,14.36,10.72
14.607,0.000,0.000,14.36,10.51
14.611,0.000,0.000,14.36,10.33
14.620,0.000,0.000,14.41,10.10
14.622,0.000,0.000,14.41,9.92
14.638,0.000,0.000,14.47,9.69
14.639,0.000,0.000,14.47,9.51
14.640,0.000,0.000,14.47,9.36
14.644,0.000,0.000,14.47,9.25
14.650,0.000,0.000,14.60,9.17
14.651,0.000,0.000,14.60,9.11
14.652,0.000,0.000,14.60,9.06
14.653,0.000,0.000,14.60,9.02
14.656,0.000,0.000,14.79,9.00
14.657,0.000,0.000,14.79,9.00
14.695,0.000,0.000,15.02,9.01
14.696,0.000,0.000,15.02,9.03
14.698,0.000,0.000,15.33,9.08
14.702,0.000,0.000,15.33,9.12
14.705,0.000,0.000,15.33,9.15
14.707,0.000,0.000,15.33,9.17
14.711,0.000,0.000,15.70,9.23
14.712,0.000,0.000,15.70,9.28
14.718,0.000,0.000,15.70,9.32
14.719,0.000,0.000,15.70,9.35
14.734,0.000,0.000,16.09,9.41
14.735,0.000,0.000,16.09,9.47
14.736,0.000,0.000,16.09,9.51
14.737,0.000,0.000,16.09,9.55
14.772,0.000,0.000,16.51,9.62
14.773,0.000,0.000,16.51,9.68
14.774,0.000,0.000,16.51,9.73
14.776,0.000,0.000,16.51,9.76
14.778,0.000,0.000,17.05,9.85
14.785,0.000,0.000,17.05,9.93
14.787,0.000,0.000,17.68,10.05
14.788,0.000,0.000,17.68,10.15
14.791,0.000,0.000,17.68,10.23
14.793,0.000,0.000,17.68,10.29
14.794,0.000,0.000,18.36,10.41
14.796,0.000,0.000,18.36,10.51
14.800,0.000,0.000,18.36,10.59
14.801,0.000,0.000,18.36,10.65
14.803,0.000,0.000,18.98,10.77
14.804,0.000,0.000,18.98,10.86
14.805,0.000,0.000,18.98,10.94
14.807,0.000,0.000,18.98,10.99
14.836,0.000,0.000,19.63,11.11
14.838,0.000,0.000,19.63,11.20
14.841,0.000,0.000,19.63,11.27
14.843,0.000,0.000,19.63,11.33
14.851,0.000,0.000,20.37,11.45
14.853,0.000,0.000,20.37,11.55
14.854,0.000,0.000,20.37,11.63
14.855,0.000,0.000,20.37,11.69
14.858,0.000,0.000,21.22,11.83
14.861,0.000,0.000,21.22,11.94
14.871,0.000,0.000,22.18,12.12
14.872,0.000,0.000,22.18,12.26
14.888,0.000,0.000,22.18,12.37
14.901,0.000,0.000,22.18,12.47
14.908,0.000,0.000,23.14,12.63
14.913,0.000,0.000,23.14,12.76
14.917,0.000,0.000,23.14,12.87
14.918,0.000,0.000,23.14,12.95
14.920,0.000,0.000,24.08,13.11
14.920,0.000,0.000,24.08,15.67
14.921,0.000,0.000,24.08,17.72
14.924,0.000,0.000,24.08,19.35
14.928,0.000,0.000,24.98,20.75
14.929,0.000,0.000,24.98,21.86
14.930,0.000,0.000,24.98,22.75
14.934,0.000,0.000,24.98,23.46
14.936,0.000,0.000,25.97,24.20
14.936,0.000,0.000,25.97,24.79
14.987,0.000,0.000,27.02,25.40
14.988,0.000,0.000,27.02,25.89
14.991,0.000,0.000,27.02,26.27
14.998,0.000,0.000,27.02,26.59
15.001,0.000,0.000,28.12,27.02
15.002,0.000,0.000,28.12,27.36
15.006,0.000,0.000,29.19,27.76
15.010,0.000,0.000,29.19,28.09
15.011,0.000,0.000,30.23,28.38
15.012,0.000,0.000,30.23,28.61
15.017,0.000,0.000,30.23,28.80
15.018,0.000,0.000,30.23,28.95
15.019,0.000,0.000,31.23,29.19
15.020,0.000,0.000,31.23,29.38
15.035,0.000,0.000,32.32,29.65
15.036,0.000,0.000,32.32,29.86
15.069,0.000,0.000,32.32,30.03
15.070,0.000,0.000,32.32,30.17
15.070,0.000,0.000,33.43,30.41
15.071,0.000,0.000,33.43,30.59
15.079,0.000,0.000,34.59,30.85
15.080,0.000,0.000,34.59,31.06
15.084,0.000,0.000,35.76,31.35
15.085,0.000,0.000,35.76,31.58
15.087,0.000,0.000,36.89,31.79
15.088,0.000,0.000,36.89,31.96
15.103,0.000,0.000,36.89,32.10
15.104,0.000,0.000,36.89,32.21
15.128,0.000,0.000,38.00,32.41
15.129,0.000,0.000,38.00,32.58
15.130,0.000,0.000,38.00,32.71
15.131,0.000,0.000,38.00,32.81
15.132,0.000,0.000,39.18,32.92
15.137,0.000,0.000,39.18,33.00
15.138,0.000,0.000,39.18,33.06
15.139,0.000,0.000,39.18,33.12
15.145,0.000,0.000,40.37,33.22
15.150,0.000,0.000,40.37,33.31
15.151,0.000,0.000,40.37,33.37
15.152,0.000,0.000,40.37,33.43
15.154,0.000,0.000,41.58,33.56
15.155,0.000,0.000,41.58,33.67
15.155,0.000,0.000,41.58,33.76
15.156,0.000,0.000,41.58,33.83
15.185,0.000,0.000,42.74,34.02
15.186,0.000,0.000,42.74,34.17
15.191,0.000,0.000,43.85,34.34
15.193,0.000,0.000,43.85,34.47
15.220,0.000,0.000,44.91,34.65
15.221,0.000,0.000,44.91,34.80
15.224,0.000,0.000,44.91,34.92
15.228,0.000,0.000,44.91,35.02
15.230,0.000,0.000,46.01,35.18
15.231,0.000,0.000,46.01,35.31
15.236,0.000,0.000,47.05,35.44
15.237,0.000,0.000,47.05,35.54
15.238,0.000,0.000,47.05,35.62
15.239,0.000,0.000,47.05,35.69
15.264,0.000,0.000,48.09,35.75
15.265,0.000,0.000,48.09,35.81
15.265,0.000,0.000,48.09,35.85
15.266,0.000,0.000,48.09,35.88
15.270,0.000,0.000,49.11,35.97
15.273,0.000,0.000,49.11,36.04
15.280,0.000,0.000,49.11,36.09
15.285,0.000,0.000,49.11,36.13
15.287,0.000,0.000,50.16,36.19
15.288,0.000,0.000,50.16,36.24
15.319,0.000,0.000,51.20,36.26
15.320,0.000,0.000,51.20,36.28
15.321,0.000,0.000,51.20,36.30
15.322,0.000,0.000,51.20,36.31
15.326,0.000,0.000,52.28,36.43
15.328,0.000,0.000,52.28,36.52
15.336,0.000,0.000,53.30,36.51
15.337,0.000,0.000,53.30,36.50
15.374,0.000,0.000,54.32,36.46
15.378,0.000,0.000,54.32,36.43
15.380,0.000,0.000,54.32,36.41
15.385,0.000,0.000,54.32,36.38
15.388,0.000,0.000,55.33,36.45
15.395,0.000,0.000,55.33,36.50
15.396,0.000,0.000,56.34,36.42
15.400,0.000,0.000,56.34,36.36
15.401,0.000,0.000,56.34,36.31
15.402,0.000,0.000,56.34,36.27
15.404,0.000,0.000,57.31,36.21
15.405,0.000,0.000,57.31,36.16
15.408,0.000,0.000,57.31,36.12
15.410,0.000,0.000,57.31,36.09
15.419,0.000,0.000,58.23,36.18
15.420,0.000,0.000,58.23,36.26
15.449,0.000,0.000,59.13,36.42
15.453,0.000,0.000,59.13,36.55
15.459,0.000,0.000,60.03,36.52
15.462,0.000,0.000,60.03,36.50
15.468,0.000,0.000,60.03,36.49
15.469,0.000,0.000,60.03,36.47
15.469,0.000,0.000,60.92,36.64
15.470,0.000,0.000,60.92,36.78
15.472,0.000,0.000,60.92,36.89
15.475,0.000,0.000,60.92,36.98
15.478,0.000,0.000,61.80,37.09
15.479,0.000,0.000,61.80,37.19
15.480,0.000,0.000,61.80,37.26
15.487,0.000,0.000,61.80,37.32
15.511,0.000,0.000,62.65,37.38
15.512,0.000,0.000,62.65,37.43
15.513,0.000,0.000,62.65,37.47
15.517,0.000,0.000,62.65,37.50
15.533,0.000,0.000,63.49,37.50
15.534,0.000,0.000,63.49,37.51
15.535,0.000,0.000,63.49,37.51
15.536,0.000,0.000,63.49,37.52
15.537,0.000,0.000,64.28,37.66
15.538,0.000,0.000,64.28,37.77
15.542,0.000,0.000,64.28,37.86
15.544,0.000,0.000,64.28,37.93
15.547,0.000,0.000,65.08,38.05
15.551,0.000,0.000,65.08,38.15
15.553,0.000,0.000,65.89,38.21
15.554,0.000,0.000,65.89,38.25
15.554,0.000,0.000,65.89,38.29
15.555,0.000,0.000,65.89,38.32
15.585,0.000,0.000,66.66,38.43
15.585,0.000,0.000,66.66,38.51
15.588,0.000,0.000,67.41,38.61
15.589,0.000,0.000,67.41,38.69
15.601,0.000,0.000,68.17,38.72
15.602,0.000,0.000,68.17,38.74
15.603,0.000,0.000,68.17,38.75
15.604,0.000,0.000,68.17,38.77
15.635,0.000,0.000,68.90,38.78
15.636,0.000,0.000,68.90,38.78
15.637,0.000,0.000,68.90,38.79
15.637,0.000,0.000,68.90,38.79
15.646,0.000,0.000,69.61,38.91
15.651,0.000,0.000,69.61,39.01
15.652,0.000,0.000,70.31,39.05
15.654,0.000,0.000,70.31,39.08
15.657,0.000,0.000,70.31,39.11
15.661,0.000,0.000,70.31,39.13
15.663,0.000,0.000,71.00,39.16
15.664,0.000,0.000,71.00,39.18
15.668,0.000,0.000,71.00,39.20
15.669,0.000,0.000,71.00,39.22
15.704,0.000,0.000,71.69,39.37
15.709,0.000,0.000,71.69,39.49
15.713,0.000,0.000,72.34,39.66
15.717,0.000,0.000,72.34,39.79
15.718,0.000,0.000,72.34,39.90
15.719,0.000,0.000,72.34,39.98
15.720,0.000,0.000,72.98,39.95
15.721,0.000,0.000,72.98,39.92
15.746,0.000,0.000,73.56,39.99
15.747,0.000,0.000,73.56,40.04
15.754,0.000,0.000,74.12,40.14
15.759,0.000,0.000,74.12,40.22
15.764,0.000,0.000,74.64,40.31
15.769,0.000,0.000,74.64,40.39
15.786,0.000,0.000,74.64,40.45
15.787,0.000,0.000,74.64,40.49
15.811,0.000,0.000,75.10,40.66
15.813,0.000,0.000,75.10,40.79
15.814,0.000,0.000,75.10,40.89
15.815,0.000,0.000,75.10,40.97
15.815,0.000,0.000,75.48,41.30
15.816,0.000,0.000,75.48,41.56
15.821,0.000,0.000,75.81,41.80
15.822,0.000,0.000,75.81,41.99
15.825,0.000,0.000,76.12,42.24
15.826,0.000,0.000,76.12,42.45
15.836,0.000,0.000,76.12,42.62
15.837,0.000,0.000,76.12,42.75
15.854,0.000,0.000,76.33,43.00
15.855,0.000,0.000,76.33,43.21
15.861,0.000,0.000,76.33,43.37
15.865,0.000,0.000,76.33,43.51
15.871,0.000,0.000,76.47,43.73
15.874,0.000,0.000,76.47,43.90
15.877,0.000,0.000,76.47,44.04
15.880,0.000,0.000,76.47,44.15
15.885,0.000,0.000,76.51,44.43
15.885,0.000,0.000,76.51,44.65
15.901,0.000,0.000,76.48,45.16
15.902,0.000,0.000,76.48,45.56
15.921,0.000,0.000,76.48,45.89
15.922,0.000,0.000,76.48,46.15
15.922,0.000,0.000,76.39,46.68
15.927,0.000,0.000,76.39,47.11
15.928,0.000,0.000,76.39,47.45
15.932,0.000,0.000,76.39,47.73
15.936,0.000,0.000,76.21,48.21
15.937,0.000,0.000,76.21,48.59
15.944,0.000,0.000,75.91,49.21
15.945,0.000,0.000,75.91,49.71
15.970,0.000,0.000,75.55,50.34
15.971,0.000,0.000,75.55,50.84
15.974,0.000,0.000,75.10,51.94
15.985,0.000,0.000,75.10,52.83
15.986,0.000,0.000,75.10,53.54
15.987,0.000,0.000,75.10,54.11
15.996,0.000,0.000,74.56,54.94
16.007,0.000,0.000,74.56,55.61
16.017,0.000,0.000,74.56,56.14
16.018,0.000,0.000,74.56,56.57
16.040,0.000,0.000,73.96,57.30
16.043,0.000,0.000,73.96,57.89
16.044,0.000,0.000,73.96,58.36
16.046,0.000,0.000,73.96,58.74
16.047,0.000,0.000,73.30,59.34
16.048,0.000,0.000,73.30,59.82
16.052,0.000,0.000,73.30,60.21
16.053,0.000,0.000,73.30,60.52
16.068,0.000,0.000,72.53,61.23
16.069,0.000,0.000,72.53,61.80
16.070,0.000,0.000,71.67,62.23
16.071,0.000,0.000,71.67,62.57
16.072,0.000,0.000,71.67,62.84
16.075,0.000,0.000,71.67,63.05
16.076,0.000,0.000,70.76,63.44
16.078,0.000,0.000,70.76,63.76
16.081,0.000,0.000,69.78,64.62
16.082,0.000,0.000,69.78,65.31
16.086,0.000,0.000,69.78,65.86
16.088,0.000,0.000,69.78,66.30
16.118,0.000,0.000,68.71,67.01
16.119,0.000,0.000,68.71,67.58
16.120,0.000,0.000,67.58,68.43
16.123,0.000,0.000,67.58,69.12
16.129,0.000,0.000,66.41,69.93
16.131,0.000,0.000,66.41,70.57
16.154,0.000,0.000,65.19,71.65
16.155,0.000,0.000,65.19,72.51
16.171,0.000,0.000,63.92,73.02
16.179,0.000,0.000,63.92,73.42
16.185,0.000,0.000,62.61,74.40
16.186,0.000,0.000,62.61,75.19
16.219,0.000,0.000,61.28,75.80
16.220,0.000,0.000,61.28,76.29
16.222,0.000,0.000,59.91,76.52
16.228,0.000,0.000,59.91,76.70
16.234,0.000,0.000,58.53,78.40
16.235,0.000,0.000,58.53,79.76
16.258,0.000,0.000,57.12,81.46
16.259,0.000,0.000,57.12,82.82
16.260,0.000,0.000,57.12,83.92
16.261,0.000,0.000,57.12,84.79
16.267,0.000,0.000,55.69,85.49
16.274,0.000,0.000,55.69,86.05
16.284,0.000,0.000,55.69,86.49
16.285,0.000,0.000,55.69,86.85
16.286,0.000,0.000,54.26,87.04
16.287,0.000,0.000,54.26,87.20
16.296,0.000,0.000,52.87,88.72
16.303,0.000,0.000,52.87,89.94
16.305,0.000,0.000,52.87,90.92
16.314,0.000,0.000,52.87,91.70
16.328,0.000,0.000,51.46,90.68
16.330,0.000,0.000,51.46,89.86
16.335,0.000,0.000,51.46,89.21
16.336,0.000,0.000,51.46,88.68
16.352,0.000,0.000,50.03,88.13
16.353,0.000,0.000,50.03,87.69
16.353,0.000,0.000,50.03,87.33
16.354,0.000,0.000,50.03,87.05
16.357,0.000,0.000,48.59,86.68
16.360,0.000,0.000,48.59,86.39
16.361,0.000,0.000,48.59,86.15
16.363,0.000,0.000,48.59,85.97
16.368,0.000,0.000,47.15,86.26
16.370,0.000,0.000,47.15,86.50
16.370,0.000,0.000,47.15,86.69
16.372,0.000,0.000,47.15,86.84
16.376,0.000,0.000,45.71,85.91
16.377,0.000,0.000,45.71,85.17
16.417,0.000,0.000,42.90,87.64
16.420,0.000,0.000,42.90,89.62
16.422,0.000,0.000,42.90,91.20
16.425,0.000,0.000,42.90,82.71
16.428,0.000,0.000,41.48,75.81
16.429,0.000,0.000,41.48,70.30
16.430,0.000,0.000,41.48,65.88
16.431,0.000,0.000,41.48,62.35
16.436,0.000,0.000,40.13,59.40
16.437,0.000,0.000,40.13,57.05
16.485,0.000,0.000,38.76,55.02
16.486,0.000,0.000,38.76,53.40
16.487,0.000,0.000,37.37,51.94
16.487,0.000,0.000,37.37,50.78
16.488,0.000,0.000,37.37,49.84
16.489,0.000,0.000,37.37,49.10
16.495,0.000,0.000,35.98,48.32
16.496,0.000,0.000,35.98,47.71
16.498,0.000,0.000,35.98,47.21
16.499,0.000,0.000,35.98,46.81
16.501,0.000,0.000,34.60,46.30
16.504,0.000,0.000,34.60,45.90
16.505,0.000,0.000,34.60,45.57
16.514,0.000,0.000,34.60,45.31
16.535,0.000,0.000,33.29,44.90
16.536,0.000,0.000,33.29,44.57
16.551,0.000,0.000,31.99,44.10
16.552,0.000,0.000,31.99,43.72
16.553,0.000,0.000,31.99,43.42
16.553,0.000,0.000,31.99,43.18
16.554,0.000,0.000,30.67,42.75
16.555,0.000,0.000,30.67,42.41
16.570,0.000,0.000,29.43,41.91
16.572,0.000,0.000,29.43,41.52
16.598,0.000,0.000,28.25,40.97
16.601,0.000,0.000,28.25,40.53
16.603,0.000,0.000,27.06,39.94
16.609,0.000,0.000,27.06,39.46
16.613,0.000,0.000,25.97,42.91
16.614,0.000,0.000,25.97,45.67
16.620,0.000,0.000,25.97,47.88
16.627,0.000,0.000,25.97,49.64
16.643,0.000,0.000,24.88,50.50
16.646,0.000,0.000,24.88,51.19
16.651,0.000,0.000,24.88,51.74
16.652,0.000,0.000,24.88,52.18
16.669,0.000,0.000,23.84,52.15
16.670,0.000,0.000,23.84,52.13
16.671,0.000,0.000,23.84,52.11
16.672,0.000,0.000,23.84,52.10
16.673,0.000,0.000,22.85,51.63
16.675,0.000,0.000,22.85,51.26
16.679,0.000,0.000,22.00,50.29
16.680,0.000,0.000,22.00,49.51
16.717,0.000,0.000,21.18,48.36
16.718,0.000,0.000,21.18,47.43
16.719,0.000,0.000,21.18,46.69
16.720,0.000,0.000,21.18,46.10
16.721,0.000,0.000,20.43,45.11
16.727,0.000,0.000,20.43,44.32
16.732,0.000,0.000,19.74,43.26
16.734,0.000,0.000,19.74,42.41
16.735,0.000,0.000,19.74,41.74
16.736,0.000,0.000,19.74,41.20
16.738,0.000,0.000,19.12,40.40
16.739,0.000,0.000,19.12,39.76
16.764,0.000,0.000,18.58,38.92
16.769,0.000,0.000,18.58,38.25
16.770,0.000,0.000,18.58,37.71
16.770,0.000,0.000,18.58,37.28
16.782,0.000,0.000,18.10,36.52
16.786,0.000,0.000,18.10,35.92
16.787,0.000,0.000,18.10,35.43
16.788,0.000,0.000,18.10,35.04
16.800,0.000,0.000,17.70,34.48
16.803,0.000,0.000,17.70,34.03
16.804,0.000,0.000,17.70,33.67
16.817,0.000,0.000,17.70,33.39
16.829,0.000,0.000,17.31,32.86
16.834,0.000,0.000,17.31,32.43
16.834,0.000,0.000,17.31,32.10
16.835,0.000,0.000,17.31,31.82
16.836,0.000,0.000,17.00,31.37
16.837,0.000,0.000,17.00,31.02
16.838,0.000,0.000,17.00,30.73
16.839,0.000,0.000,17.00,30.50
16.869,0.000,0.000,16.72,30.10
16.870,0.000,0.000,16.72,29.79
16.871,0.000,0.000,16.72,29.53
16.872,0.000,0.000,16.72,29.33
16.875,0.000,0.000,16.51,28.99
16.877,0.000,0.000,16.51,28.72
16.880,0.000,0.000,16.37,28.37
16.884,0.000,0.000,16.37,28.09
16.885,0.000,0.000,16.37,27.86
16.886,0.000,0.000,16.37,27.68
16.888,0.000,0.000,16.21,27.39
16.891,0.000,0.000,16.21,27.15
16.900,0.000,0.000,16.21,24.46
16.901,0.000,0.000,16.21,22.31
16.918,0.000,0.000,16.03,20.48
16.919,0.000,0.000,16.03,19.01
16.936,0.000,0.000,15.93,17.68
16.937,0.000,0.000,15.93,16.61
16.938,0.000,0.000,15.80,15.71
16.939,0.000,0.000,15.80,15.00
16.941,0.000,0.000,15.80,14.42
16.943,0.000,0.000,15.80,13.96
16.946,0.000,0.000,15.70,13.55
16.947,0.000,0.000,15.70,13.22
16.951,0.000,0.000,15.70,12.95
16.952,0.000,0.000,15.70,12.74
16.985,0.000,0.000,15.63,12.51
16.986,0.000,0.000,15.63,12.32
16.987,0.000,0.000,15.56,12.06
16.989,0.000,0.000,15.56,11.86
16.998,0.000,0.000,15.49,11.70
16.999,0.000,0.000,15.49,11.57
17.034,0.000,0.000,15.46,11.36
17.035,0.000,0.000,15.46,11.20
17.036,0.000,0.000,15.46,10.99
17.037,0.000,0.000,15.46,10.82
17.044,0.000,0.000,15.51,10.60
17.045,0.000,0.000,15.51,10.43
17.068,0.000,0.000,15.56,10.23
17.069,0.000,0.000,15.56,10.07
17.071,0.000,0.000,15.63,9.95
17.079,0.000,0.000,15.63,9.84
17.113,0.000,0.000,15.66,9.76
17.114,0.000,0.000,15.66,9.70
17.115,0.000,0.000,15.66,9.65
17.116,0.000,0.000,15.66,9.61
17.123,0.000,0.000,15.70,9.58
17.128,0.000,0.000,15.70,9.56
17.134,0.000,0.000,15.74,9.55
17.135,0.000,0.000,15.74,9.53
17.136,0.000,0.000,15.74,9.53
17.137,0.000,0.000,15.74,9.52
17.139,0.000,0.000,15.75,9.51
17.144,0.000,0.000,15.75,9.51
17.172,0.000,0.000,15.77,9.51
17.176,0.000,0.000,15.77,9.51
17.179,0.000,0.000,15.76,12.30
17.184,0.000,0.000,15.76,14.54
17.187,0.000,0.000,15.77,16.34
17.188,0.000,0.000,15.77,17.78
17.217,0.000,0.000,15.77,18.94
17.218,0.000,0.000,15.77,19.87
17.220,0.000,0.000,15.79,20.62
17.224,0.000,0.000,15.79,21.22
17.268,0.000,0.000,15.78,21.71
17.269,0.000,0.000,15.78,22.10
17.271,0.000,0.000,15.78,22.41
17.274,0.000,0.000,15.78,22.66
17.280,0.000,0.000,15.77,22.86
17.283,0.000,0.000,15.77,23.02
17.286,0.000,0.000,15.77,23.15
17.287,0.000,0.000,15.77,23.25
17.290,0.000,0.000,15.76,23.33
17.293,0.000,0.000,15.76,23.40
17.296,0.000,0.000,15.76,23.45
17.300,0.000,0.000,15.76,23.49
17.301,0.000,0.000,15.72,23.53
17.302,0.000,0.000,15.72,23.56
17.304,0.000,0.000,15.65,23.60
17.305,0.000,0.000,15.65,23.62
17.310,0.000,0.000,15.65,23.65
17.311,0.000,0.000,15.65,23.67
17.335,0.000,0.000,15.58,23.68
17.336,0.000,0.000,15.58,23.69
17.354,0.000,0.000,15.47,23.70
17.355,0.000,0.000,15.47,23.71
17.356,0.000,0.000,15.47,23.71
17.360,0.000,0.000,15.47,23.72
17.362,0.000,0.000,15.34,23.71
17.364,0.000,0.000,15.34,23.71
17.367,0.000,0.000,15.20,23.74
17.369,0.000,0.000,15.20,23.76
17.370,0.000,0.000,15.20,23.78
17.371,0.000,0.000,15.20,23.79
17.404,0.000,0.000,15.05,23.78
17.405,0.000,0.000,15.05,23.77
17.415,0.000,0.000,14.88,23.74
17.418,0.000,0.000,14.88,23.70
17.426,0.000,0.000,14.71,23.66
17.428,0.000,0.000,14.71,23.63
17.437,0.000,0.000,14.51,23.61
17.438,0.000,0.000,14.51,23.59
17.460,0.000,0.000,14.33,23.51
17.461,0.000,0.000,14.33,23.44
17.467,0.000,0.000,14.33,23.38
17.471,0.000,0.000,14.33,23.34
17.480,0.000,0.000,14.13,23.25
17.484,0.000,0.000,14.13,23.17
17.485,0.000,0.000,13.97,23.09
17.486,0.000,0.000,13.97,23.02
17.488,0.000,0.000,13.80,22.90
17.489,0.000,0.000,13.80,22.81
17.502,0.000,0.000,13.80,22.73
17.502,0.000,0.000,13.80,22.68
17.524,0.000,0.000,13.63,22.53
17.530,0.000,0.000,13.63,22.42
17.537,0.000,0.000,13.47,22.28
17.544,0.000,0.000,13.47,22.18
17.546,0.000,0.000,13.32,22.05
17.547,0.000,0.000,13.32,21.95
17.548,0.000,0.000,13.32,21.86
17.549,0.000,0.000,13.32,21.80
17.570,0.000,0.000,13.19,21.69
17.571,0.000,0.000,13.19,21.60
17.591,0.000,0.000,13.19,21.53
17.594,0.000,0.000,13.19,21.48
17.602,0.000,0.000,13.07,21.37
17.602,0.000,0.000,13.07,21.29
17.603,0.000,0.000,13.07,21.22
17.605,0.000,0.000,13.07,21.16
17.610,0.000,0.000,12.95,21.08
17.611,0.000,0.000,12.95,21.02
17.612,0.000,0.000,12.95,20.96
17.613,0.000,0.000,12.95,20.92
17.617,0.000,0.000,12.81,20.82
17.618,0.000,0.000,12.81,20.74
17.620,0.000,0.000,12.67,20.63
17.621,0.000,0.000,12.67,20.54
17.624,0.000,0.000,12.67,20.47
17.625,0.000,0.000,12.67,20.41
17.656,0.000,0.000,12.52,20.33
17.657,0.000,0.000,12.52,20.26
17.662,0.000,0.000,12.52,20.21
17.663,0.000,0.000,12.52,20.17
17.665,0.000,0.000,12.41,20.09
17.666,0.000,0.000,12.41,20.03
17.672,0.000,0.000,12.27,19.96
17.676,0.000,0.000,12.27,19.91
17.677,0.000,0.000,12.27,19.87
17.679,0.000,0.000,12.27,19.83
17.684,0.000,0.000,12.15,19.76
17.686,0.000,0.000,12.15,19.71
17.687,0.000,0.000,12.15,19.67
17.688,0.000,0.000,12.15,19.63
17.715,0.000,0.000,12.05,19.56
17.716,0.000,0.000,12.05,19.50
17.717,0.000,0.000,12.05,19.45
17.722,0.000,0.000,12.05,19.42
17.729,0.000,0.000,11.94,19.34
17.730,0.000,0.000,11.94,19.27
17.738,0.000,0.000,11.85,19.20
17.744,0.000,0.000,11.85,19.14
17.750,0.000,0.000,11.85,19.09
17.754,0.000,0.000,11.85,19.05
17.770,0.000,0.000,11.76,18.96
17.771,0.000,0.000,11.76,18.89
17.772,0.000,0.000,11.76,18.84
17.775,0.000,0.000,11.76,18.79
17.788,0.000,0.000,11.67,18.72
17.790,0.000,0.000,11.67,18.66
17.797,0.000,0.000,11.59,18.59
17.798,0.000,0.000,11.59,18.53
17.803,0.000,0.000,11.59,18.49
17.804,0.000,0.000,11.59,18.45
17.805,0.000,0.000,11.54,18.39
17.807,0.000,0.000,11.54,18.35
17.810,0.000,0.000,11.47,18.28
17.811,0.000,0.000,11.47,18.24
17.812,0.000,0.000,11.47,18.20
17.817,0.000,0.000,11.47,18.17
17.846,0.000,0.000,11.44,18.12
17.847,0.000,0.000,11.44,18.07
17.852,0.000,0.000,11.44,18.04
17.854,0.000,0.000,11.44,18.02
17.862,0.000,0.000,11.39,17.97
17.863,0.000,0.000,11.39,17.93
17.865,0.000,0.000,11.32,17.87
17.866,0.000,0.000,11.32,17.83
17.895,0.000,0.000,11.24,17.78
17.896,0.000,0.000,11.24,17.74
17.897,0.000,0.000,11.24,17.71
17.901,0.000,0.000,11.24,17.69
17.902,0.000,0.000,11.19,17.65
17.903,0.000,0.000,11.19,17.61
17.906,0.000,0.000,11.12,17.57
17.907,0.000,0.000,11.12,17.55
17.909,0.000,0.000,11.12,17.52
17.913,0.000,0.000,11.12,17.50
17.938,0.000,0.000,11.05,17.48
17.938,0.000,0.000,11.05,17.45
17.948,0.000,0.000,11.05,17.43
17.952,0.000,0.000,11.05,17.42
17.961,0.000,0.000,10.98,17.38
17.962,0.000,0.000,10.98,17.35
17.963,0.000,0.000,10.91,17.30
17.968,0.000,0.000,10.91,17.26
17.969,0.000,0.000,10.83,17.22
17.970,0.000,0.000,10.83,17.19
17.971,0.000,0.000,10.83,17.16
17.974,0.000,0.000,10.83,17.14
17.997,0.000,0.000,10.76,17.10
18.000,0.000,0.000,10.76,17.06
18.002,0.000,0.000,10.76,17.04
18.003,0.000,0.000,10.76,17.02
18.017,0.000,0.000,10.68,16.98
18.018,0.000,0.000,10.68,16.95
18.019,0.000,0.000,10.68,16.92
18.019,0.000,0.000,10.68,16.90
18.025,0.000,0.000,10.63,16.87
18.035,0.000,0.000,10.63,16.84
18.036,0.000,0.000,10.63,16.82
18.037,0.000,0.000,10.63,16.80
18.057,0.000,0.000,10.56,16.77
18.061,0.000,0.000,10.56,16.74
18.075,0.000,0.000,10.50,16.69
18.078,0.000,0.000,10.50,16.65
18.079,0.000,0.000,10.44,16.59
18.084,0.000,0.000,10.44,16.55
18.086,0.000,0.000,10.37,16.50
18.087,0.000,0.000,10.37,16.46
18.088,0.000,0.000,10.37,16.42
18.090,0.000,0.000,10.37,16.39
18.119,0.000,0.000,10.31,16.35
18.120,0.000,0.000,10.31,16.32
18.121,0.000,0.000,10.31,16.30
18.122,0.000,0.000,10.31,16.28
18.127,0.000,0.000,10.24,16.24
18.129,0.000,0.000,10.24,16.21
18.134,0.000,0.000,10.24,16.19
18.135,0.000,0.000,10.24,16.17
18.137,0.000,0.000,10.18,16.14
18.138,0.000,0.000,10.18,16.11
18.163,0.000,0.000,10.11,16.07
18.164,0.000,0.000,10.11,16.04
18.171,0.000,0.000,10.04,15.99
18.171,0.000,0.000,10.04,15.94
18.182,0.000,0.000,9.99,15.91
18.186,0.000,0.000,9.99,15.89
18.187,0.000,0.000,9.99,15.86
18.188,0.000,0.000,9.99,15.85
18.195,0.000,0.000,9.89,15.83
18.201,0.000,0.000,9.89,15.82
18.233,0.000,0.000,9.82,15.82
18.234,0.000,0.000,9.82,15.81
18.235,0.000,0.000,9.76,15.80
18.236,0.000,0.000,9.76,15.80
18.237,0.000,0.000,9.76,15.80
18.238,0.000,0.000,9.76,15.79
18.243,0.000,0.000,9.69,15.79
18.244,0.000,0.000,9.69,15.79
18.245,0.000,0.000,9.69,15.79
18.246,0.000,0.000,9.69,15.79
18.271,0.000,0.000,9.61,15.78
18.273,0.000,0.000,9.61,15.78
18.284,0.000,0.000,9.52,15.78
18.285,0.000,0.000,9.52,15.78
18.286,0.000,0.000,9.52,15.78
18.295,0.000,0.000,9.52,15.78
18.311,0.000,0.000,9.39,15.78
18.314,0.000,0.000,9.39,15.78
18.318,0.000,0.000,9.39,15.78
18.320,0.000,0.000,9.39,15.78
18.337,0.000,0.000,9.28,15.78
18.338,0.000,0.000,9.28,15.78
18.341,0.000,0.000,9.28,15.78
18.343,0.000,0.000,9.28,15.78
18.345,0.000,0.000,9.16,15.78
18.347,0.000,0.000,9.16,15.78
18.347,0.000,0.000,9.16,15.78
18.348,0.000,0.000,9.16,15.78
18.353,0.000,0.000,9.04,15.78
18.354,0.000,0.000,9.04,15.78
18.358,0.000,0.000,9.04,15.78
18.360,0.000,0.000,9.04,15.78
18.361,0.000,0.000,8.89,15.78
18.363,0.000,0.000,8.89,15.78
18.367,0.000,0.000,8.89,15.78
18.368,0.000,0.000,8.89,15.78
18.370,0.000,0.000,8.74,15.78
18.371,0.000,0.000,8.74,15.78
18.402,0.000,0.000,8.60,15.78
18.403,0.000,0.000,8.60,15.78
18.404,0.000,0.000,8.60,15.78
18.405,0.000,0.000,8.60,15.78
18.412,0.000,0.000,8.46,15.78
18.413,0.000,0.000,8.46,15.78
18.414,0.000,0.000,8.46,15.78
18.419,0.000,0.000,8.46,15.78
18.420,0.000,0.000,8.33,15.78
18.421,0.000,0.000,8.33,15.78
18.445,0.000,0.000,8.22,15.78
18.447,0.000,0.000,8.22,15.78
18.453,0.000,0.000,8.10,15.78
18.454,0.000,0.000,8.10,15.78
18.456,0.000,0.000,8.10,15.78
18.461,0.000,0.000,8.10,15.78
18.469,0.000,0.000,7.97,15.78
18.470,0.000,0.000,7.97,15.78
18.486,0.000,0.000,7.97,15.78
18.487,0.000,0.000,7.97,15.78
18.525,0.000,0.000,7.91,15.78
18.526,0.000,0.000,7.91,15.78
18.527,0.000,0.000,7.83,15.78
18.527,0.000,0.000,7.83,15.78
18.532,0.000,0.000,7.78,15.78
18.533,0.000,0.000,7.78,15.78
18.534,0.000,0.000,7.73,15.78
18.534,0.000,0.000,7.73,15.78
18.537,0.000,0.000,7.73,15.78
18.538,0.000,0.000,7.73,15.78
18.573,0.000,0.000,7.67,15.78
18.575,0.000,0.000,7.67,15.78
18.578,0.000,0.000,7.67,15.78
18.579,0.000,0.000,7.67,15.78
18.580,0.000,0.000,7.61,15.78
18.585,0.000,0.000,7.61,15.78
18.587,0.000,0.000,7.61,15.78
18.588,0.000,0.000,7.61,15.78
18.589,0.000,0.000,7.56,15.78
18.592,0.000,0.000,7.56,15.78
18.596,0.000,0.000,7.55,15.78
18.601,0.000,0.000,7.55,15.78
18.602,0.000,0.000,7.55,15.78
18.603,0.000,0.000,7.55,15.78
18.634,0.000,0.000,7.53,15.78
18.636,0.000,0.000,7.53,15.78
18.644,0.000,0.000,7.50,15.78
18.646,0.000,0.000,7.50,15.78
18.651,0.000,0.000,7.49,15.78
18.663,0.000,0.000,7.49,15.78
18.676,0.000,0.000,7.42,15.78
18.683,0.000,0.000,7.42,15.78
18.684,0.000,0.000,7.42,15.78
18.684,0.000,0.000,7.42,15.78
18.701,0.000,0.000,7.27,15.78
18.703,0.000,0.000,7.27,15.78
18.704,0.000,0.000,7.12,15.78
18.705,0.000,0.000,7.12,15.78
18.711,0.000,0.000,6.99,15.78
18.712,0.000,0.000,6.99,15.78
18.713,0.000,0.000,6.99,15.78
18.717,0.000,0.000,6.99,15.78
18.734,0.000,0.000,6.85,15.78
18.735,0.000,0.000,6.85,15.78
18.753,0.000,0.000,6.85,15.78
18.754,0.000,0.000,6.85,15.78
18.755,0.000,0.000,6.74,15.78
18.758,0.000,0.000,6.74,15.78
18.761,0.000,0.000,6.74,15.78
18.762,0.000,0.000,6.74,15.78
18.768,0.000,0.000,6.62,15.78
18.769,0.000,0.000,6.62,15.78
18.771,0.000,0.000,6.47,15.78
18.772,0.000,0.000,6.47,15.78
18.778,0.000,0.000,6.47,15.78
18.779,0.000,0.000,6.47,15.78
18.802,0.000,0.000,6.34,15.78
18.803,0.000,0.000,6.34,15.78
18.803,0.000,0.000,6.34,15.78
18.804,0.000,0.000,6.34,15.78
18.808,0.000,0.000,6.23,15.78
18.816,0.000,0.000,6.23,15.78
18.819,0.000,0.000,6.23,15.78
18.820,0.000,0.000,6.23,15.78
18.822,0.000,0.000,6.12,15.78
18.827,0.000,0.000,6.12,15.78
18.853,0.000,0.000,6.03,15.78
18.854,0.000,0.000,6.03,15.78
18.864,0.000,0.000,6.03,15.78
18.866,0.000,0.000,6.03,15.78
18.867,0.000,0.000,5.97,15.78
18.868,0.000,0.000,5.97,15.78
18.871,0.000,0.000,5.87,15.78
18.874,0.000,0.000,5.87,15.78
18.877,0.000,0.000,5.87,15.78
18.878,0.000,0.000,5.87,15.78
18.880,0.000,0.000,5.82,15.78
18.884,0.000,0.000,5.82,15.78
18.901,0.000,0.000,5.82,15.78
18.902,0.000,0.000,5.82,15.78
18.921,0.000,0.000,5.80,15.78
18.922,0.000,0.000,5.80,15.78
18.923,0.000,0.000,5.80,15.78
18.929,0.000,0.000,5.80,15.78
18.930,0.000,0.000,5.77,15.78
18.931,0.000,0.000,5.77,15.78
18.932,0.000,0.000,5.77,15.78
18.932,0.000,0.000,5.77,15.78
18.937,0.000,0.000,5.78,15.78
18.938,0.000,0.000,5.78,15.78
18.939,0.000,0.000,5.78,15.78
18.941,0.000,0.000,5.78,15.78
18.945,0.000,0.000,5.80,15.78
18.946,0.000,0.000,5.80,15.78
18.959,0.000,0.000,5.80,15.78
18.963,0.000,0.000,5.80,15.78
18.984,0.000,0.000,5.82,15.78
18.985,0.000,0.000,5.82,15.78
18.985,0.000,0.000,5.82,15.78
18.986,0.000,0.000,5.82,15.78
18.990,0.000,0.000,5.86,15.78
18.994,0.000,0.000,5.86,15.78
19.000,0.000,0.000,5.90,15.78
19.001,0.000,0.000,5.90,15.78
19.023,0.000,0.000,5.93,15.78
19.024,0.000,0.000,5.93,15.78
19.025,0.000,0.000,5.93,15.78
19.029,0.000,0.000,5.93,15.78
19.036,0.000,0.000,5.97,15.78
19.037,0.000,0.000,5.97,15.78
19.061,0.000,0.000,6.02,15.78
19.065,0.000,0.000,6.02,15.78
19.070,0.000,0.000,6.02,15.78
19.071,0.000,0.000,6.02,15.78
19.088,0.000,0.000,6.07,15.78
19.094,0.000,0.000,6.07,15.78
19.095,0.000,0.000,6.07,15.78
19.096,0.000,0.000,6.07,15.78
19.099,0.000,0.000,6.10,15.78
19.100,0.000,0.000,6.10,15.78
19.101,0.000,0.000,6.10,15.78
19.101,0.000,0.000,6.10,15.78
19.104,0.000,0.000,6.11,15.78
19.105,0.000,0.000,6.11,15.78
19.107,0.000,0.000,6.14,15.78
19.111,0.000,0.000,6.14,15.78
19.112,0.000,0.000,6.14,15.78
19.113,0.000,0.000,6.14,15.78
19.137,0.000,0.000,6.16,15.78
19.138,0.000,0.000,6.16,15.78
19.146,0.000,0.000,6.16,15.78
19.148,0.000,0.000,6.16,15.78
19.154,0.000,0.000,6.17,15.78
19.159,0.000,0.000,6.17,15.78
19.163,0.000,0.000,6.19,15.78
19.171,0.000,0.000,6.19,15.78
19.186,0.000,0.000,6.20,15.78
19.187,0.000,0.000,6.20,15.78
19.191,0.000,0.000,6.20,15.78
19.194,0.000,0.000,6.20,15.78
19.211,0.000,0.000,6.19,15.78
19.212,0.000,0.000,6.19,15.78
19.213,0.000,0.000,6.19,15.78
19.219,0.000,0.000,6.19,15.78
19.222,0.000,0.000,6.21,15.78
19.225,0.000,0.000,6.21,15.78
19.257,0.000,0.000,6.22,15.78
19.261,0.000,0.000,6.22,15.78
19.262,0.000,0.000,6.25,15.78
19.267,0.000,0.000,6.25,15.78
19.269,0.000,0.000,6.26,15.78
19.270,0.000,0.000,6.26,15.78
19.271,0.000,0.000,6.26,15.78
19.272,0.000,0.000,6.26,15.78
19.284,0.000,0.000,6.28,15.78
19.285,0.000,0.000,6.28,15.78
19.286,0.000,0.000,6.28,15.78
19.287,0.000,0.000,6.28,15.78
19.321,0.000,0.000,6.31,15.78
19.324,0.000,0.000,6.31,15.78
19.326,0.000,0.000,6.33,15.78
19.328,0.000,0.000,6.33,15.78
19.332,0.000,0.000,6.33,15.78
19.333,0.000,0.000,6.33,15.78
19.337,0.000,0.000,6.36,15.78
19.338,0.000,0.000,6.36,15.78
19.352,0.000,0.000,6.38,15.78
19.353,0.000,0.000,6.38,15.78
19.378,0.000,0.000,6.38,15.78
19.384,0.000,0.000,6.38,15.78
19.385,0.000,0.000,6.39,15.78
19.386,0.000,0.000,6.39,15.78
19.386,0.000,0.000,6.39,15.78
19.388,0.000,0.000,6.39,15.78
19.396,0.000,0.000,6.41,15.78
19.397,0.000,0.000,6.41,15.78
19.401,0.000,0.000,6.41,15.78
19.402,0.000,0.000,6.41,15.78
19.402,0.000,0.000,6.43,15.78
19.403,0.000,0.000,6.43,15.78
19.436,0.000,0.000,6.45,15.78
19.437,0.000,0.000,6.45,15.78
19.449,0.000,0.000,6.45,15.78
19.450,0.000,0.000,6.45,15.78
19.451,0.000,0.000,6.47,15.78
19.457,0.000,0.000,6.47,15.78
19.461,0.000,0.000,6.47,15.78
19.462,0.000,0.000,6.47,15.78
19.467,0.000,0.000,6.48,15.78
19.470,0.000,0.000,6.48,15.78
19.470,0.000,0.000,6.48,15.78
19.471,0.000,0.000,6.48,15.78
19.477,0.000,0.000,6.52,15.78
19.479,0.000,0.000,6.52,15.78
19.480,0.000,0.000,6.52,15.78
19.484,0.000,0.000,6.52,15.78
19.486,0.000,0.000,6.54,15.78
19.486,0.000,0.000,6.54,15.78
19.487,0.000,0.000,6.54,15.78
19.488,0.000,0.000,6.54,15.78
19.500,0.000,0.000,6.53,15.78
19.504,0.000,0.000,6.53,15.78
19.507,0.000,0.000,6.53,15.78
19.518,0.000,0.000,6.53,15.78
19.534,0.000,0.000,6.53,15.78
19.535,0.000,0.000,6.53,15.78
19.535,0.000,0.000,6.56,15.78
19.536,0.000,0.000,6.56,15.78
19.537,0.000,0.000,6.56,15.78
19.538,0.000,0.000,6.56,15.78
19.541,0.000,0.000,6.57,15.78
19.545,0.000,0.000,6.57,15.78
19.569,0.000,0.000,6.57,15.78
19.570,0.000,0.000,6.57,15.78
19.570,0.000,0.000,6.57,15.78
19.578,0.000,0.000,6.57,15.78
19.585,0.000,0.000,6.56,15.78
19.586,0.000,0.000,6.56,15.78
19.587,0.000,0.000,6.56,15.78
19.592,0.000,0.000,6.56,15.78
19.596,0.000,0.000,6.57,15.78
19.596,0.000,0.000,6.57,15.78
19.618,0.000,0.000,6.58,15.78
19.619,0.000,0.000,6.58,15.78
19.639,0.000,0.000,6.58,15.78
19.640,0.000,0.000,6.58,15.78
19.644,0.000,0.000,6.58,15.78
19.646,0.000,0.000,6.58,15.78
19.651,0.000,0.000,6.58,15.78
19.652,0.000,0.000,6.58,15.78
19.653,0.000,0.000,6.57,15.78
19.654,0.000,0.000,6.57,15.78
19.658,0.000,0.000,6.57,15.78
19.659,0.000,0.000,6.57,15.78
19.660,0.000,0.000,6.57,15.78
19.661,0.000,0.000,6.57,15.78
19.667,0.000,0.000,6.56,15.78
19.677,0.000,0.000,6.56,15.78
19.709,0.000,0.000,6.54,15.78
19.710,0.000,0.000,6.54,15.78
19.722,0.000,0.000,6.54,15.78
19.723,0.000,0.000,6.54,15.78
19.733,0.000,0.000,6.53,15.78
19.734,0.000,0.000,6.53,15.78
19.735,0.000,0.000,6.53,15.78
19.736,0.000,0.000,6.53,15.78
19.737,0.000,0.000,6.53,15.78
19.738,0.000,0.000,6.53,15.78
19.744,0.000,0.000,6.52,15.78
19.745,0.000,0.000,6.52,15.78
19.747,0.000,0.000,6.52,15.78
19.748,0.000,0.000,6.52,15.78
19.783,0.000,0.000,6.50,15.78
19.784,0.000,0.000,6.50,15.78
19.785,0.000,0.000,6.50,15.78
19.786,0.000,0.000,6.50,15.78
19.787,0.000,0.000,6.48,15.78
19.788,0.000,0.000,6.48,15.78
19.797,0.000,0.000,6.48,15.78
19.801,0.000,0.000,6.48,15.78
19.829,0.000,0.000,6.48,15.78
19.830,0.000,0.000,6.48,15.78
19.837,0.000,0.000,6.46,15.78
19.840,0.000,0.000,6.46,15.78
19.844,0.000,0.000,6.44,15.78
19.845,0.000,0.000,6.44,15.78
19.846,0.000,0.000,6.44,15.78
19.850,0.000,0.000,6.44,15.78
19.891,0.000,0.000,6.44,15.78
19.904,0.000,0.000,6.44,15.78
19.907,0.000,0.000,6.44,15.78
19.911,0.000,0.000,6.44,15.78
19.918,0.000,0.000,6.44,15.78
19.919,0.000,0.000,6.44,15.78
19.919,0.000,0.000,6.44,15.78
19.920,0.000,0.000,6.44,15.78
19.921,0.000,0.000,6.44,15.78
19.922,0.000,0.000,6.44,15.78
19.925,0.000,0.000,6.46,15.78
19.926,0.000,0.000,6.46,15.78
19.929,0.000,0.000,6.47,15.78
19.930,0.000,0.000,6.47,15.78
19.957,0.000,0.000,6.47,15.78
19.963,0.000,0.000,6.47,15.78
19.974,0.000,0.000,6.49,15.78
19.981,0.000,0.000,6.49,15.78
19.995,0.000,0.000,6.50,15.78
19.996,0.000,0.000,6.50,15.78
20.004,0.000,0.000,6.50,15.78
20.005,0.000,0.000,6.50,15.78
20.007,0.000,0.000,6.53,15.78
20.008,0.000,0.000,6.53,15.78
20.009,0.000,0.000,6.53,15.78
20.013,0.000,0.000,6.53,15.78
20.018,0.000,0.000,6.57,15.78
20.019,0.000,0.000,6.57,15.78
20.019,0.000,0.000,6.57,15.78
20.022,0.000,0.000,6.57,15.78
20.037,0.000,0.000,6.66,15.78
20.040,0.000,0.000,6.66,15.78
20.044,0.000,0.000,6.66,15.78
20.046,0.000,0.000,6.66,15.78
20.059,0.000,0.000,6.77,15.78
20.061,0.000,0.000,6.77,15.78
20.063,0.000,0.000,6.90,15.78
20.067,0.000,0.000,6.90,15.78
20.068,0.000,0.000,6.90,15.78
20.069,0.000,0.000,6.90,15.78
20.071,0.000,0.000,7.11,15.78
20.073,0.000,0.000,7.11,15.78
20.075,0.000,0.000,7.11,15.78
20.078,0.000,0.000,7.11,15.78
20.080,0.000,0.000,7.35,15.78
20.086,0.000,0.000,7.35,15.78
20.102,0.000,0.000,7.35,15.78
20.103,0.000,0.000,7.35,15.78
20.121,0.000,0.000,7.65,15.78
20.127,0.000,0.000,7.65,15.78
20.129,0.000,0.000,8.04,15.78
20.129,0.000,0.000,8.04,15.78
20.132,0.000,0.000,8.43,15.78
20.133,0.000,0.000,8.43,15.78
20.134,0.000,0.000,8.43,15.78
20.137,0.000,0.000,8.43,15.78
20.170,0.000,0.000,8.88,15.78
20.170,0.000,0.000,8.88,15.78
20.171,0.000,0.000,8.88,15.78
20.172,0.000,0.000,8.88,15.78
20.184,0.000,0.000,9.38,15.78
20.185,0.000,0.000,9.38,15.78
20.188,0.000,0.000,9.86,15.78
20.202,0.000,0.000,9.86,15.78
20.203,0.000,0.000,9.86,15.78
20.204,0.000,0.000,9.86,15.78
20.228,0.000,0.000,10.42,15.32
20.229,0.000,0.000,10.42,14.96
20.234,0.000,0.000,10.42,14.66
20.235,0.000,0.000,10.42,14.43
20.236,0.000,0.000,11.05,14.38
20.237,0.000,0.000,11.05,14.34
20.251,0.000,0.000,11.66,14.41
20.252,0.000,0.000,11.66,14.47
20.253,0.000,0.000,12.32,14.64
20.254,0.000,0.000,12.32,14.78
20.255,0.000,0.000,12.32,14.90
20.258,0.000,0.000,12.32,14.99
20.262,0.000,0.000,13.01,15.21
20.263,0.000,0.000,13.01,15.38
20.264,0.000,0.000,13.01,15.52
20.265,0.000,0.000,13.01,15.64
20.302,0.000,0.000,13.76,15.86
20.303,0.000,0.000,13.76,16.04
20.304,0.000,0.000,13.76,16.18
20.304,0.000,0.000,13.76,16.30
20.306,0.000,0.000,14.58,16.53
20.310,0.000,0.000,14.58,16.71
20.317,0.000,0.000,14.58,16.86
20.318,0.000,0.000,14.58,16.98
20.319,0.000,0.000,15.44,17.23
20.320,0.000,0.000,15.44,17.43
20.321,0.000,0.000,16.28,17.73
20.322,0.000,0.000,16.28,17.98
20.325,0.000,0.000,16.28,18.17
20.329,0.000,0.000,16.28,18.33
20.352,0.000,0.000,17.15,18.63
20.353,0.000,0.000,17.15,18.87
20.358,0.000,0.000,18.06,19.20
20.364,0.000,0.000,18.06,19.47
20.368,0.000,0.000,18.91,19.83
20.369,0.000,0.000,18.91,20.11
20.370,0.000,0.000,18.91,20.34
20.374,0.000,0.000,18.91,20.53
20.404,0.000,0.000,19.72,20.83
20.406,0.000,0.000,19.72,21.06
20.408,0.000,0.000,19.72,21.26
20.408,0.000,0.000,19.72,21.41
20.411,0.000,0.000,20.60,21.74
20.418,0.000,0.000,20.60,22.00
20.421,0.000,0.000,21.45,22.33
20.422,0.000,0.000,21.45,22.59
20.425,0.000,0.000,21.45,22.80
20.427,0.000,0.000,21.45,22.97
20.451,0.000,0.000,22.26,23.27
20.452,0.000,0.000,22.26,23.52
20.453,0.000,0.000,22.26,21.39
20.453,0.000,0.000,22.26,19.69
20.457,0.000,0.000,23.10,18.41
20.461,0.000,0.000,23.10,17.38
20.468,0.000,0.000,23.10,16.56
20.471,0.000,0.000,23.10,15.90
20.478,0.000,0.000,23.99,15.46
20.479,0.000,0.000,23.99,15.10
20.481,0.000,0.000,24.95,14.91
20.484,0.000,0.000,24.95,14.75
20.486,0.000,0.000,24.95,14.62
20.487,0.000,0.000,24.95,14.52
20.518,0.000,0.000,25.92,14.53
20.519,0.000,0.000,25.92,14.53
20.526,0.000,0.000,26.88,14.62
20.528,0.000,0.000,26.88,14.68
20.531,0.000,0.000,27.87,14.82
20.532,0.000,0.000,27.87,14.93
20.568,0.000,0.000,28.87,15.09
20.569,0.000,0.000,28.87,17.76
20.570,0.000,0.000,28.87,19.89
20.571,0.000,0.000,28.87,21.60
20.579,0.000,0.000,29.92,23.23
20.580,0.000,0.000,29.92,24.53
20.584,0.000,0.000,29.92,25.58
20.585,0.000,0.000,29.92,26.41
20.587,0.000,0.000,30.98,27.23
20.588,0.000,0.000,30.98,27.88
20.618,0.000,0.000,32.03,28.39
20.618,0.000,0.000,32.03,28.80
20.619,0.000,0.000,32.03,29.12
20.620,0.000,0.000,32.03,29.38
20.622,0.000,0.000,33.06,29.82
20.627,0.000,0.000,33.06,30.17
20.640,0.000,0.000,34.14,30.39
20.645,0.000,0.000,34.14,30.56
20.646,0.000,0.000,34.14,30.70
20.650,0.000,0.000,34.14,30.81
20.652,0.000,0.000,35.17,30.99
20.653,0.000,0.000,35.17,31.14
20.654,0.000,0.000,35.17,31.26
20.655,0.000,0.000,35.17,31.36
20.667,0.000,0.000,36.23,31.48
20.668,0.000,0.000,36.23,31.58
20.669,0.000,0.000,36.23,31.66
20.670,0.000,0.000,36.23,31.72
20.744,0.000,0.000,37.28,31.97
20.774,0.000,0.000,37.28,32.18
20.788,0.000,0.000,37.28,32.34
20.791,0.000,0.000,37.28,32.47
20.794,0.000,0.000,38.33,32.59
20.794,0.000,0.000,38.33,32.68
20.797,0.000,0.000,39.36,33.09
20.800,0.000,0.000,39.36,33.42
20.801,0.000,0.000,40.40,33.64
20.803,0.000,0.000,40.40,33.82
20.804,0.000,0.000,40.40,33.96
20.805,0.000,0.000,40.40,34.07
20.808,0.000,0.000,41.44,34.28
20.809,0.000,0.000,41.44,34.45
20.809,0.000,0.000,42.41,34.61
20.810,0.000,0.000,42.41,34.74
20.811,0.000,0.000,42.41,34.84
20.812,0.000,0.000,42.41,34.92
20.813,0.000,0.000,43.34,35.06
20.814,0.000,0.000,43.34,35.17
20.818,0.000,0.000,43.34,35.26
20.819,0.000,0.000,43.34,35.33
20.820,0.000,0.000,44.22,35.41
20.820,0.000,0.000,44.22,35.48
20.821,0.000,0.000,44.22,35.53
20.822,0.000,0.000,44.22,35.57
20.825,0.000,0.000,45.17,35.81
20.826,0.000,0.000,45.17,36.01
20.827,0.000,0.000,45.17,36.16
20.828,0.000,0.000,45.17,36.29
20.830,0.000,0.000,46.07,36.42
20.835,0.000,0.000,46.07,36.53
20.852,0.000,0.000,46.98,36.72
20.853,0.000,0.000,46.98,36.87
20.854,0.000,0.000,46.98,36.99
20.854,0.000,0.000,46.98,37.08
20.884,0.000,0.000,47.80,37.28
20.885,0.000,0.000,47.80,37.44
20.886,0.000,0.000,48.61,37.48
20.886,0.000,0.000,48.61,37.51
20.888,0.000,0.000,48.61,37.53
20.889,0.000,0.000,48.61,37.55
20.894,0.000,0.000,49.40,37.64
20.895,0.000,0.000,49.40,37.71
20.897,0.000,0.000,50.18,37.79
20.898,0.000,0.000,50.18,37.85
20.912,0.000,0.000,50.18,37.90
20.917,0.000,0.000,50.18,37.94
20.934,0.000,0.000,50.92,38.06
20.935,0.000,0.000,50.92,38.15
20.936,0.000,0.000,50.92,38.22
20.937,0.000,0.000,50.92,38.28
20.952,0.000,0.000,51.69,38.31
20.953,0.000,0.000,51.69,38.33
20.954,0.000,0.000,52.43,38.55
20.955,0.000,0.000,52.43,38.73
20.961,0.000,0.000,53.15,38.81
20.962,0.000,0.000,53.15,38.88
20.986,0.000,0.000,53.89,39.01
20.987,0.000,0.000,53.89,39.11
20.995,0.000,0.000,54.60,39.16
21.001,0.000,0.000,54.60,39.21
21.024,0.000,0.000,54.60,39.24
21.026,0.000,0.000,54.60,39.27
21.052,0.000,0.000,55.24,39.37
21.053,0.000,0.000,55.24,39.45
21.054,0.000,0.000,55.84,39.34
21.054,0.000,0.000,55.84,39.26
21.055,0.000,0.000,55.84,39.19
21.056,0.000,0.000,55.84,39.13
21.061,0.000,0.000,56.41,39.28
21.063,0.000,0.000,56.41,39.39
21.067,0.000,0.000,56.98,39.46
21.068,0.000,0.000,56.98,39.51
21.069,0.000,0.000,56.98,39.55
21.070,0.000,0.000,56.98,39.58
21.072,0.000,0.000,57.51,39.72
21.074,0.000,0.000,57.51,39.84
21.087,0.000,0.000,57.51,39.94
21.093,0.000,0.000,57.51,40.01
21.119,0.000,0.000,58.06,40.04
21.120,0.000,0.000,58.06,40.06
21.121,0.000,0.000,58.06,40.08
21.121,0.000,0.000,58.06,40.09
21.123,0.000,0.000,58.60,40.36
21.124,0.000,0.000,58.60,40.57
21.127,0.000,0.000,58.60,40.74
21.130,0.000,0.000,58.60,40.88
21.134,0.000,0.000,59.10,40.98
21.135,0.000,0.000,59.10,41.06
21.137,0.000,0.000,59.60,41.21
21.138,0.000,0.000,59.60,41.33
21.138,0.000,0.000,59.60,41.43
21.145,0.000,0.000,59.60,41.51
21.171,0.000,0.000,60.13,41.63
21.172,0.000,0.000,60.13,41.73
21.173,0.000,0.000,60.65,41.79
21.179,0.000,0.000,60.65,41.84
21.182,0.000,0.000,61.20,41.81
21.187,0.000,0.000,61.20,41.80
21.188,0.000,0.000,61.20,41.78
21.188,0.000,0.000,61.20,41.77
21.217,0.000,0.000,61.73,41.77
21.218,0.000,0.000,61.73,41.77
21.221,0.000,0.000,62.24,41.76
21.222,0.000,0.000,62.24,41.75
21.233,0.000,0.000,62.76,41.68
21.236,0.000,0.000,62.76,41.63
21.237,0.000,0.000,62.76,41.58
21.245,0.000,0.000,62.76,41.55
21.269,0.000,0.000,63.23,41.57
21.270,0.000,0.000,63.23,41.59
21.280,0.000,0.000,63.23,41.61
21.284,0.000,0.000,63.23,41.62
21.295,0.000,0.000,63.68,41.75
21.296,0.000,0.000,63.68,41.85
21.300,0.000,0.000,63.68,41.92
21.301,0.000,0.000,63.68,41.99
21.303,0.000,0.000,64.12,42.04
21.303,0.000,0.000,64.12,42.08
21.304,0.000,0.000,64.12,42.11
21.305,0.000,0.000,64.12,42.14
21.311,0.000,0.000,64.54,42.24
21.312,0.000,0.000,64.54,42.31
21.313,0.000,0.000,64.54,42.38
21.317,0.000,0.000,64.54,42.43
21.319,0.000,0.000,64.92,42.55
21.320,0.000,0.000,64.92,42.65
21.321,0.000,0.000,64.92,42.73
21.322,0.000,0.000,64.92,42.79
21.352,0.000,0.000,65.35,42.87
21.353,0.000,0.000,65.35,42.93
21.354,0.000,0.000,65.35,42.98
21.357,0.000,0.000,65.35,43.02
21.360,0.000,0.000,65.78,43.07
21.361,0.000,0.000,65.78,43.10
21.368,0.000,0.000,65.78,43.13
21.369,0.000,0.000,65.78,43.15
21.370,0.000,0.000,66.23,43.19
21.370,0.000,0.000,66.23,43.23
21.403,0.000,0.000,66.63,43.25
21.404,0.000,0.000,66.63,43.27
21.419,0.000,0.000,66.97,43.33
21.419,0.000,0.000,66.97,43.39
21.424,0.000,0.000,67.35,43.45
21.431,0.000,0.000,67.35,43.50
21.443,0.000,0.000,67.70,43.56
21.444,0.000,0.000,67.70,43.62
21.451,0.000,0.000,67.70,43.66
21.452,0.000,0.000,67.70,43.69
21.470,0.000,0.000,68.09,43.69
21.471,0.000,0.000,68.09,43.69
21.472,0.000,0.000,68.49,43.67
21.475,0.000,0.000,68.49,43.66
21.479,0.000,0.000,68.49,43.66
21.480,0.000,0.000,68.49,43.65
21.485,0.000,0.000,68.85,43.61
21.486,0.000,0.000,68.85,43.58
21.487,0.000,0.000,68.85,43.56
21.488,0.000,0.000,68.85,43.54
21.491,0.000,0.000,69.24,43.52
21.491,0.000,0.000,69.24,43.51
21.493,0.000,0.000,69.24,43.50
21.500,0.000,0.000,69.24,43.49
21.528,0.000,0.000,69.59,43.50
21.530,0.000,0.000,69.59,43.51
21.535,0.000,0.000,69.59,43.52
21.536,0.000,0.000,69.59,43.52
21.537,0.000,0.000,69.94,43.58
21.538,0.000,0.000,69.94,43.64
21.542,0.000,0.000,69.94,43.68
21.544,0.000,0.000,69.94,43.71
21.550,0.000,0.000,70.26,43.81
21.552,0.000,0.000,70.26,43.89
21.553,0.000,0.000,70.56,43.97
21.554,0.000,0.000,70.56,44.03
21.555,0.000,0.000,70.56,44.08
21.560,0.000,0.000,70.56,44.12
21.591,0.000,0.000,70.86,44.26
21.595,0.000,0.000,70.86,44.37
21.601,0.000,0.000,71.20,44.43
21.602,0.000,0.000,71.20,44.47
21.604,0.000,0.000,71.58,44.44
21.605,0.000,0.000,71.58,44.42
21.609,0.000,0.000,71.58,44.40
21.612,0.000,0.000,71.58,44.39
21.634,0.000,0.000,71.88,44.38
21.635,0.000,0.000,71.88,44.37
21.642,0.000,0.000,71.88,44.37
21.650,0.000,0.000,71.88,44.36
21.654,0.000,0.000,72.21,44.37
21.660,0.000,0.000,72.21,44.38
21.664,0.000,0.000,72.51,44.32
21.664,0.000,0.000,72.51,44.28
21.665,0.000,0.000,72.51,44.24
21.670,0.000,0.000,72.51,44.21
21.672,0.000,0.000,72.77,44.25
21.675,0.000,0.000,72.77,44.29
21.678,0.000,0.000,72.77,44.32
21.679,0.000,0.000,72.77,44.34
21.688,0.000,0.000,73.06,44.47
21.689,0.000,0.000,73.06,44.57
21.697,0.000,0.000,73.06,44.65
21.698,0.000,0.000,73.06,44.71
21.719,0.000,0.000,73.31,44.80
21.720,0.000,0.000,73.31,44.86
21.721,0.000,0.000,73.31,44.92
21.722,0.000,0.000,73.31,44.96
21.729,0.000,0.000,73.53,45.05
21.730,0.000,0.000,73.53,45.12
21.736,0.000,0.000,73.72,45.26
21.738,0.000,0.000,73.72,45.36
21.767,0.000,0.000,73.90,45.52
21.768,0.000,0.000,73.90,45.65
21.770,0.000,0.000,74.01,45.86
21.770,0.000,0.000,74.01,46.02
21.775,0.000,0.000,74.08,46.25
21.776,0.000,0.000,74.08,46.43
21.780,0.000,0.000,74.08,46.58
21.783,0.000,0.000,74.08,46.70
21.828,0.000,0.000,74.14,46.89
21.829,0.000,0.000,74.14,47.05
21.835,0.000,0.000,74.11,47.34
21.835,0.000,0.000,74.11,47.56
21.836,0.000,0.000,73.97,47.99
21.837,0.000,0.000,73.97,48.32
21.869,0.000,0.000,73.75,48.83
21.871,0.000,0.000,73.75,49.24
21.889,0.000,0.000,73.75,49.56
21.891,0.000,0.000,73.75,49.82
21.895,0.000,0.000,73.52,50.28
21.896,0.000,0.000,73.52,50.64
21.897,0.000,0.000,73.52,50.93
21.898,0.000,0.000,73.52,51.17
21.898,0.000,0.000,73.22,51.61
21.899,0.000,0.000,73.22,51.97
21.900,0.000,0.000,73.22,52.25
21.901,0.000,0.000,73.22,52.48
21.906,0.000,0.000,72.90,52.86
21.911,0.000,0.000,72.90,53.17
21.917,0.000,0.000,72.48,53.62
21.920,0.000,0.000,72.48,53.98
21.926,0.000,0.000,72.48,54.27
21.931,0.000,0.000,72.48,54.50
21.944,0.000,0.000,71.98,54.93
21.944,0.000,0.000,71.98,55.27
21.947,0.000,0.000,71.98,55.54
21.951,0.000,0.000,71.98,55.76
21.968,0.000,0.000,71.45,56.15
21.969,0.000,0.000,71.45,56.45
21.970,0.000,0.000,70.87,56.99
21.971,0.000,0.000,70.87,57.42
21.972,0.000,0.000,70.87,57.76
21.973,0.000,0.000,70.87,58.04
21.979,0.000,0.000,70.22,58.56
21.980,0.000,0.000,70.22,58.98
21.983,0.000,0.000,70.22,59.32
21.984,0.000,0.000,70.22,59.58
21.987,0.000,0.000,69.52,60.01
21.988,0.000,0.000,69.52,60.35
21.988,0.000,0.000,69.52,60.63
21.997,0.000,0.000,69.52,60.85
22.011,0.000,0.000,68.75,61.28
22.018,0.000,0.000,68.75,61.63
22.029,0.000,0.000,68.75,61.90
22.033,0.000,0.000,68.75,62.13
22.038,0.000,0.000,67.97,62.58
22.041,0.000,0.000,67.97,62.95
22.044,0.000,0.000,67.97,63.24
22.045,0.000,0.000,67.97,63.48
22.050,0.000,0.000,67.16,63.80
22.051,0.000,0.000,67.16,64.06
22.052,0.000,0.000,67.16,64.27
22.053,0.000,0.000,67.16,64.43
22.055,0.000,0.000,66.28,64.84
22.058,0.000,0.000,66.28,65.17
22.060,0.000,0.000,66.28,65.43
22.062,0.000,0.000,66.28,65.64
22.067,0.000,0.000,65.36,66.03
22.077,0.000,0.000,65.36,66.33
22.085,0.000,0.000,65.36,66.58
22.100,0.000,0.000,65.36,66.77
22.101,0.000,0.000,64.39,66.95
22.102,0.000,0.000,64.39,67.09
22.118,0.000,0.000,63.41,67.56
22.119,0.000,0.000,63.41,67.93
22.121,0.000,0.000,62.42,68.41
22.122,0.000,0.000,62.42,68.80
22.154,0.000,0.000,61.40,69.33
22.159,0.000,0.000,61.40,69.76
22.171,0.000,0.000,61.40,70.10
22.172,0.000,0.000,61.40,70.37
22.180,0.000,0.000,60.35,70.52
22.181,0.000,0.000,60.35,70.64
22.182,0.000,0.000,59.28,71.11
22.187,0.000,0.000,59.28,71.49
22.188,0.000,0.000,58.18,72.00
22.189,0.000,0.000,58.18,72.40
22.194,0.000,0.000,58.18,72.73
22.195,0.000,0.000,58.18,72.99
22.200,0.000,0.000,57.05,73.35
22.203,0.000,0.000,57.05,73.63
22.206,0.000,0.000,57.05,73.86
22.209,0.000,0.000,57.05,74.05
22.226,0.000,0.000,55.90,74.18
22.227,0.000,0.000,55.90,74.29
22.230,0.000,0.000,55.90,74.38
22.234,0.000,0.000,55.90,74.45
22.250,0.000,0.000,54.71,74.99
22.251,0.000,0.000,54.71,75.42
22.252,0.000,0.000,54.71,75.76
22.253,0.000,0.000,54.71,76.04
22.254,0.000,0.000,53.50,76.29
22.257,0.000,0.000,53.50,76.50
22.260,0.000,0.000,53.50,76.66
22.261,0.000,0.000,53.50,76.79
22.264,0.000,0.000,52.31,76.75
22.265,0.000,0.000,52.31,76.72
22.265,0.000,0.000,52.31,76.70
22.270,0.000,0.000,52.31,76.68
22.272,0.000,0.000,51.14,76.72
22.274,0.000,0.000,51.14,76.74
22.286,0.000,0.000,51.14,76.76
22.287,0.000,0.000,51.14,76.78
22.318,0.000,0.000,49.97,76.83
22.319,0.000,0.000,49.97,76.86
22.320,0.000,0.000,49.97,76.90
22.320,0.000,0.000,49.97,76.92
22.322,0.000,0.000,48.80,76.88
22.326,0.000,0.000,48.80,76.85
22.330,0.000,0.000,48.80,76.83
22.330,0.000,0.000,48.80,76.81
22.331,0.000,0.000,47.59,76.75
22.332,0.000,0.000,47.59,76.69
22.337,0.000,0.000,47.59,76.65
22.338,0.000,0.000,47.59,76.62
22.341,0.000,0.000,46.40,76.47
22.342,0.000,0.000,46.40,76.35
22.344,0.000,0.000,46.40,76.26
22.352,0.000,0.000,46.40,76.18
22.368,0.000,0.000,45.24,76.08
22.369,0.000,0.000,45.24,76.01
22.370,0.000,0.000,45.24,75.94
22.374,0.000,0.000,45.24,75.89
22.402,0.000,0.000,44.14,75.68
22.403,0.000,0.000,44.14,75.52
22.412,0.000,0.000,43.03,74.95
22.417,0.000,0.000,43.03,74.49
22.420,0.000,0.000,41.89,74.22
22.421,0.000,0.000,41.89,74.00
22.422,0.000,0.000,40.72,73.78
22.422,0.000,0.000,40.72,73.60
22.426,0.000,0.000,40.72,73.47
22.427,0.000,0.000,40.72,73.35
22.438,0.000,0.000,39.58,73.08
22.446,0.000,0.000,39.58,72.86
22.471,0.000,0.000,39.58,72.69
22.477,0.000,0.000,39.58,72.55
22.479,0.000,0.000,38.44,72.32
22.484,0.000,0.000,38.44,72.14
22.485,0.000,0.000,38.44,71.99
22.485,0.000,0.000,38.44,71.87
22.488,0.000,0.000,37.35,71.68
22.491,0.000,0.000,37.35,71.52
22.494,0.000,0.000,36.25,70.95
22.495,0.000,0.000,36.25,70.49
22.496,0.000,0.000,36.25,70.12
22.500,0.000,0.000,36.25,69.82
22.503,0.000,0.000,35.17,69.21
22.504,0.000,0.000,35.17,68.71
22.505,0.000,0.000,35.17,68.32
22.509,0.000,0.000,35.17,68.01
22.521,0.000,0.000,34.08,67.47
22.528,0.000,0.000,34.08,67.03
22.546,0.000,0.000,34.08,66.69
22.547,0.000,0.000,34.08,66.41
22.548,0.000,0.000,33.00,65.81
22.552,0.000,0.000,33.00,65.33
22.555,0.000,0.000,31.98,64.58
22.558,0.000,0.000,31.98,63.97
22.561,0.000,0.000,31.98,63.49
22.561,0.000,0.000,31.98,63.11
22.563,0.000,0.000,30.95,62.61
22.568,0.000,0.000,30.95,62.22
22.604,0.000,0.000,29.94,61.39
22.605,0.000,0.000,29.94,60.72
22.613,0.000,0.000,28.95,59.78
22.618,0.000,0.000,28.95,59.02
22.619,0.000,0.000,27.98,58.58
22.620,0.000,0.000,27.98,58.23
22.621,0.000,0.000,27.98,57.95
22.626,0.000,0.000,27.98,57.73
22.635,0.000,0.000,27.04,57.36
22.636,0.000,0.000,27.04,57.06
22.637,0.000,0.000,27.04,56.82
22.638,0.000,0.000,27.04,56.63
22.670,0.000,0.000,26.11,55.92
22.674,0.000,0.000,26.11,55.34
22.686,0.000,0.000,26.11,54.88
22.687,0.000,0.000,26.11,54.52
22.692,0.000,0.000,25.19,53.84
22.693,0.000,0.000,25.19,53.30
22.696,0.000,0.000,24.31,52.82
22.700,0.000,0.000,24.31,52.43
22.701,0.000,0.000,23.45,51.38
22.702,0.000,0.000,23.45,50.53
22.703,0.000,0.000,23.45,49.86
22.704,0.000,0.000,23.45,49.32
22.707,0.000,0.000,22.65,48.52
22.708,0.000,0.000,22.65,47.88
22.709,0.000,0.000,22.65,47.36
22.710,0.000,0.000,22.65,46.95
22.736,0.000,0.000,21.87,46.24
22.736,0.000,0.000,21.87,45.68
22.745,0.000,0.000,21.09,45.03
22.746,0.000,0.000,21.09,44.51
22.771,0.000,0.000,20.33,43.55
22.774,0.000,0.000,20.33,42.79
22.780,0.000,0.000,20.33,42.18
22.781,0.000,0.000,20.33,41.69
22.786,0.000,0.000,19.60,40.93
22.787,0.000,0.000,19.60,40.32
22.796,0.000,0.000,18.91,39.56
22.800,0.000,0.000,18.91,38.95
22.801,0.000,0.000,18.91,38.47
22.802,0.000,0.000,18.91,38.08
22.803,0.000,0.000,18.24,37.53
22.804,0.000,0.000,18.24,37.10
22.805,0.000,0.000,18.24,36.75
22.809,0.000,0.000,18.24,36.47
22.832,0.000,0.000,17.60,35.89
22.833,0.000,0.000,17.60,35.43
22.842,0.000,0.000,16.99,34.81
22.846,0.000,0.000,16.99,34.31
22.851,0.000,0.000,16.45,33.69
22.852,0.000,0.000,16.45,33.19
22.853,0.000,0.000,16.45,32.79
22.855,0.000,0.000,16.45,32.47
22.885,0.000,0.000,15.85,31.92
22.886,0.000,0.000,15.85,31.48
22.887,0.000,0.000,15.85,31.13
22.888,0.000,0.000,15.85,30.85
22.889,0.000,0.000,15.26,30.35
22.890,0.000,0.000,15.26,29.94
22.917,0.000,0.000,14.73,29.42
22.919,0.000,0.000,14.73,29.00
22.935,0.000,0.000,14.22,28.47
22.936,0.000,0.000,14.22,28.05
22.937,0.000,0.000,13.71,27.45
22.938,0.000,0.000,13.71,26.98
22.951,0.000,0.000,13.22,26.49
22.952,0.000,0.000,13.22,26.09
22.968,0.000,0.000,13.22,25.78
22.969,0.000,0.000,13.22,25.53
22.988,0.000,0.000,12.75,25.11
22.989,0.000,0.000,12.75,24.78
22.992,0.000,0.000,12.27,24.41
22.997,0.000,0.000,12.27,24.10
22.998,0.000,0.000,12.27,23.86
23.003,0.000,0.000,12.27,23.67
23.008,0.000,0.000,11.80,23.30
23.010,0.000,0.000,11.80,23.00
23.012,0.000,0.000,11.80,22.76
23.013,0.000,0.000,11.80,22.57
23.017,0.000,0.000,11.37,22.28
23.019,0.000,0.000,11.37,22.05
23.020,0.000,0.000,11.37,21.86
23.021,0.000,0.000,11.37,21.71
23.037,0.000,0.000,10.97,21.35
23.038,0.000,0.000,10.97,21.06
23.057,0.000,0.000,10.97,20.83
23.068,0.000,0.000,10.97,20.64
23.070,0.000,0.000,10.57,20.37
23.071,0.000,0.000,10.57,20.14
23.072,0.000,0.000,10.57,19.97
23.075,0.000,0.000,10.57,19.83
23.078,0.000,0.000,10.19,19.50
23.078,0.000,0.000,10.19,19.25
23.080,0.000,0.000,10.19,19.04
23.084,0.000,0.000,10.19,18.87
23.087,0.000,0.000,9.83,18.74
23.088,0.000,0.000,9.83,18.64
23.089,0.000,0.000,9.83,18.55
23.091,0.000,0.000,9.83,18.48
23.093,0.000,0.000,9.45,18.43
23.100,0.000,0.000,9.45,18.39
23.104,0.000,0.000,9.45,18.35
23.107,0.000,0.000,9.45,18.33
23.121,0.000,0.000,9.07,18.30
23.124,0.000,0.000,9.07,18.29
23.128,0.000,0.000,9.07,18.27
23.133,0.000,0.000,9.07,18.26
23.151,0.000,0.000,8.71,18.25
23.152,0.000,0.000,8.71,18.24
23.152,0.000,0.000,8.38,18.24
23.153,0.000,0.000,8.38,18.23
23.154,0.000,0.000,8.38,18.23
23.155,0.000,0.000,8.38,18.23
23.159,0.000,0.000,8.07,18.22
23.160,0.000,0.000,8.07,18.22
23.163,0.000,0.000,8.07,18.22
23.164,0.000,0.000,8.07,18.22
23.183,0.000,0.000,7.78,18.22
23.184,0.000,0.000,7.78,18.22
23.211,0.000,0.000,7.78,18.22
23.212,0.000,0.000,7.78,18.22
23.213,0.000,0.000,7.52,18.22
23.214,0.000,0.000,7.52,18.22
23.215,0.000,0.000,7.52,18.22
23.215,0.000,0.000,7.52,18.22
23.220,0.000,0.000,7.29,18.22
23.222,0.000,0.000,7.29,18.22
23.223,0.000,0.000,7.10,18.21
23.224,0.000,0.000,7.10,18.21
23.228,0.000,0.000,7.10,18.21
23.229,0.000,0.000,7.10,18.21
23.234,0.000,0.000,6.94,18.21
23.235,0.000,0.000,6.94,18.21
23.252,0.000,0.000,6.94,18.21
23.253,0.000,0.000,6.94,18.21
23.276,0.000,0.000,6.79,18.21
23.277,0.000,0.000,6.79,18.21
23.281,0.000,0.000,6.79,18.21
23.285,0.000,0.000,6.79,18.21
23.287,0.000,0.000,6.77,18.21
23.287,0.000,0.000,6.77,18.21
23.294,0.000,0.000,6.70,18.21
23.295,0.000,0.000,6.70,18.21
23.296,0.000,0.000,6.70,18.21
23.301,0.000,0.000,6.70,18.21
23.303,0.000,0.000,6.74,18.21
23.303,0.000,0.000,6.74,18.21
23.304,0.000,0.000,6.74,18.21
23.305,0.000,0.000,6.74,18.21
23.335,0.000,0.000,6.83,18.21
23.336,0.000,0.000,6.83,18.21
23.338,0.000,0.000,6.92,18.21
23.339,0.000,0.000,6.92,18.21
23.346,0.000,0.000,6.99,18.21
23.351,0.000,0.000,6.99,18.21
23.352,0.000,0.000,6.99,18.21
23.353,0.000,0.000,6.99,18.21
23.387,0.000,0.000,7.08,18.21
23.390,0.000,0.000,7.08,18.21
23.395,0.000,0.000,7.08,18.21
23.401,0.000,0.000,7.08,18.21
23.404,0.000,0.000,7.17,18.21
23.411,0.000,0.000,7.17,18.21
23.413,0.000,0.000,7.17,18.21
23.417,0.000,0.000,7.17,18.21
23.418,0.000,0.000,7.21,18.21
23.418,0.000,0.000,7.21,18.21
23.419,0.000,0.000,7.25,18.21
23.420,0.000,0.000,7.25,18.21
23.421,0.000,0.000,7.25,18.21
23.422,0.000,0.000,7.25,18.21
23.427,0.000,0.000,7.31,18.21
23.429,0.000,0.000,7.31,18.21
23.438,0.000,0.000,7.31,18.21
23.446,0.000,0.000,7.31,18.21
23.467,0.000,0.000,7.37,18.21
23.468,0.000,0.000,7.37,18.21
23.469,0.000,0.000,7.37,18.21
23.470,0.000,0.000,7.37,18.21
23.471,0.000,0.000,7.45,18.21
23.472,0.000,0.000,7.45,18.21
23.479,0.000,0.000,7.47,18.21
23.484,0.000,0.000,7.47,18.21
23.486,0.000,0.000,7.47,18.21
23.487,0.000,0.000,7.47,18.21
23.488,0.000,0.000,7.51,18.21
23.491,0.000,0.000,7.51,18.21
23.493,0.000,0.000,7.51,18.21
23.496,0.000,0.000,7.51,18.21
23.519,0.000,0.000,7.54,18.21
23.520,0.000,0.000,7.54,18.21
23.528,0.000,0.000,7.57,18.21
23.533,0.000,0.000,7.57,18.21
23.569,0.000,0.000,7.56,18.21
23.570,0.000,0.000,7.56,18.21
23.588,0.000,0.000,7.57,18.21
23.588,0.000,0.000,7.57,18.21
23.594,0.000,0.000,7.64,18.21
23.595,0.000,0.000,7.64,18.21
23.600,0.000,0.000,7.64,18.21
23.601,0.000,0.000,7.64,18.21
23.603,0.000,0.000,7.67,18.21
23.603,0.000,0.000,7.67,18.21
23.610,0.000,0.000,7.70,18.21
23.611,0.000,0.000,7.70,18.21
23.612,0.000,0.000,7.70,18.21
23.613,0.000,0.000,7.70,18.21
23.617,0.000,0.000,7.75,18.21
23.618,0.000,0.000,7.75,18.21
23.635,0.000,0.000,7.75,18.21
23.636,0.000,0.000,7.75,18.21
23.655,0.000,0.000,7.81,18.21
23.660,0.000,0.000,7.81,18.21
23.662,0.000,0.000,7.81,18.21
23.663,0.000,0.000,7.81,18.21
23.667,0.000,0.000,7.88,18.21
23.668,0.000,0.000,7.88,18.21
23.671,0.000,0.000,7.97,18.21
23.674,0.000,0.000,7.97,18.21
23.677,0.000,0.000,7.97,18.21
23.678,0.000,0.000,7.97,18.21
23.683,0.000,0.000,8.09,18.21
23.687,0.000,0.000,8.09,18.21
23.709,0.000,0.000,8.09,18.21
23.712,0.000,0.000,8.09,18.21
23.725,0.000,0.000,8.22,18.21
23.727,0.000,0.000,8.22,18.21
23.728,0.000,0.000,8.22,18.21
23.729,0.000,0.000,8.22,18.21
23.734,0.000,0.000,8.38,18.21
23.734,0.000,0.000,8.38,18.21
23.735,0.000,0.000,8.38,18.21
23.736,0.000,0.000,8.38,18.21
23.739,0.000,0.000,8.59,18.21
23.743,0.000,0.000,8.59,18.21
23.744,0.000,0.000,8.59,18.21
23.745,0.000,0.000,8.59,18.21
23.750,0.000,0.000,8.84,18.21
23.760,0.000,0.000,8.84,18.21
23.761,0.000,0.000,8.84,18.21
23.770,0.000,0.000,8.84,18.21
23.787,0.000,0.000,9.17,18.21
23.788,0.000,0.000,9.17,18.21
23.799,0.000,0.000,9.53,18.21
23.800,0.000,0.000,9.53,18.21
23.805,0.000,0.000,9.53,18.21
23.806,0.000,0.000,9.53,18.21
23.813,0.000,0.000,9.88,18.21
23.817,0.000,0.000,9.88,18.21
23.819,0.000,0.000,10.27,17.37
23.819,0.000,0.000,10.27,16.70
23.820,0.000,0.000,10.27,16.16
23.821,0.000,0.000,10.27,15.73
23.826,0.000,0.000,10.71,15.48
23.827,0.000,0.000,10.71,15.28
23.840,0.000,0.000,10.71,15.11
23.851,0.000,0.000,10.71,14.98
23.871,0.000,0.000,11.16,14.96
23.872,0.000,0.000,11.16,14.93
23.874,0.000,0.000,11.16,14.92
23.878,0.000,0.000,11.16,14.90
23.879,0.000,0.000,11.65,15.01
23.880,0.000,0.000,11.65,15.09
23.885,0.000,0.000,12.15,13.56
23.886,0.000,0.000,12.15,12.34
23.887,0.000,0.000,12.15,11.36
23.888,0.000,0.000,12.15,10.58
23.891,0.000,0.000,12.66,10.01
23.899,0.000,0.000,12.66,9.56
23.901,0.000,0.000,12.66,9.20
23.903,0.000,0.000,12.66,8.91
23.919,0.000,0.000,13.12,8.73
23.920,0.000,0.000,13.12,8.59
23.921,0.000,0.000,13.12,8.47
23.923,0.000,0.000,13.12,8.38
23.956,0.000,0.000,13.71,8.37
23.958,0.000,0.000,13.71,8.37
23.959,0.000,0.000,13.71,8.36
23.960,0.000,0.000,13.71,8.36
23.967,0.000,0.000,14.37,8.43
23.968,0.000,0.000,14.37,8.49
23.971,0.000,0.000,15.04,8.61
23.972,0.000,0.000,15.04,8.71
23.975,0.000,0.000,15.04,8.79
23.977,0.000,0.000,15.04,8.85
23.977,0.000,0.000,15.70,8.98
23.979,0.000,0.000,15.70,9.07
23.980,0.000,0.000,15.70,9.15
23.984,0.000,0.000,15.70,9.22
23.986,0.000,0.000,16.34,9.34
23.987,0.000,0.000,16.34,9.44
23.988,0.000,0.000,16.34,9.51
23.988,0.000,0.000,16.34,9.58
24.025,0.000,0.000,17.10,9.71
24.026,0.000,0.000,17.10,9.81
24.031,0.000,0.000,17.92,9.98
24.032,0.000,0.000,17.92,10.12
24.033,0.000,0.000,18.77,10.32
24.033,0.000,0.000,18.77,10.48
24.063,0.000,0.000,19.73,10.71
24.064,0.000,0.000,19.73,10.89
24.070,0.000,0.000,20.72,11.14
24.071,0.000,0.000,20.72,13.49
24.078,0.000,0.000,20.72,15.36
24.083,0.000,0.000,20.72,16.87
24.087,0.000,0.000,21.66,18.20
24.088,0.000,0.000,21.66,19.26
24.148,0.000,0.000,22.55,20.27
24.150,0.000,0.000,22.55,21.07
24.150,0.000,0.000,22.55,21.71
24.151,0.000,0.000,22.55,22.22
24.152,0.000,0.000,23.53,22.76
24.154,0.000,0.000,23.53,23.20
24.155,0.000,0.000,23.53,23.55
24.158,0.000,0.000,23.53,23.83
24.160,0.000,0.000,24.54,24.20
24.167,0.000,0.000,24.54,24.49
24.168,0.000,0.000,24.54,24.73
24.169,0.000,0.000,24.54,24.91
24.170,0.000,0.000,25.48,25.28
24.171,0.000,0.000,25.48,25.57
24.172,0.000,0.000,25.48,25.80
24.174,0.000,0.000,25.48,25.99
24.176,0.000,0.000,26.48,26.26
24.176,0.000,0.000,26.48,26.47
24.177,0.000,0.000,26.48,26.65
24.178,0.000,0.000,26.48,26.79
24.180,0.000,0.000,27.38,27.03
24.185,0.000,0.000,27.38,27.22
24.186,0.000,0.000,27.38,27.37
24.190,0.000,0.000,27.38,27.50
24.202,0.000,0.000,28.23,27.79
24.203,0.000,0.000,28.23,28.03
24.204,0.000,0.000,28.23,28.22
24.209,0.000,0.000,28.23,28.37
24.222,0.000,0.000,29.11,28.65
24.225,0.000,0.000,29.11,28.88
24.227,0.000,0.000,29.11,29.06
24.228,0.000,0.000,29.11,29.20
24.232,0.000,0.000,29.96,29.48
24.234,0.000,0.000,29.96,29.71
24.269,0.000,0.000,30.83,30.05
24.270,0.000,0.000,30.83,30.32
24.271,0.000,0.000,30.83,30.54
24.274,0.000,0.000,30.83,30.71
24.277,0.000,0.000,31.69,30.97
24.280,0.000,0.000,31.69,31.17
24.283,0.000,0.000,32.51,31.45
24.284,0.000,0.000,32.51,31.67
24.286,0.000,0.000,32.51,31.85
24.287,0.000,0.000,32.51,31.99
24.292,0.000,0.000,32.51,32.10
24.293,0.000,0.000,32.51,32.19
24.317,0.000,0.000,32.51,32.26
24.318,0.000,0.000,32.51,32.32
24.319,0.000,0.000,32.51,32.37
24.319,0.000,0.000,32.51,32.41
24.328,0.000,0.000,34.97,32.76
24.333,0.000,0.000,34.97,33.05
24.352,0.000,0.000,34.97,33.28
24.352,0.000,0.000,34.97,33.46
24.371,0.000,0.000,36.65,33.73
24.374,0.000,0.000,36.65,33.96
24.377,0.000,0.000,36.65,34.13
24.381,0.000,0.000,36.65,34.28
24.383,0.000,0.000,37.43,34.52
24.384,0.000,0.000,37.43,34.71
24.387,0.000,0.000,38.24,34.94
24.388,0.000,0.000,38.24,35.12
24.388,0.000,0.000,38.24,35.27
24.392,0.000,0.000,38.24,35.38
24.417,0.000,0.000,39.07,35.60
24.418,0.000,0.000,39.07,35.77
24.421,0.000,0.000,39.96,35.89
24.427,0.000,0.000,39.96,35.98
24.451,0.000,0.000,40.84,36.13
24.452,0.000,0.000,40.84,36.25
24.469,0.000,0.000,41.72,36.35
24.470,0.000,0.000,41.72,36.42
24.473,0.000,0.000,42.60,36.53
24.478,0.000,0.000,42.60,36.62
24.481,0.000,0.000,43.42,36.66
24.486,0.000,0.000,43.42,36.70
24.486,0.000,0.000,43.42,36.73
24.487,0.000,0.000,43.42,36.75
24.520,0.000,0.000,44.19,36.95
24.521,0.000,0.000,44.19,37.12
24.522,0.000,0.000,44.97,37.26
24.525,0.000,0.000,44.97,37.37
24.530,0.000,0.000,45.76,37.48
24.531,0.000,0.000,45.76,37.58
24.536,0.000,0.000,45.76,37.65
24.537,0.000,0.000,45.76,37.71
24.563,0.000,0.000,46.59,37.82
24.567,0.000,0.000,46.59,37.91
24.570,0.000,0.000,47.37,38.06
24.571,0.000,0.000,47.37,38.19
24.575,0.000,0.000,48.15,38.20
24.586,0.000,0.000,48.15,38.21
24.587,0.000,0.000,48.15,38.22
24.593,0.000,0.000,48.15,38.22
24.607,0.000,0.000,48.96,38.30
24.612,0.000,0.000,48.96,38.36
24.618,0.000,0.000,48.96,38.41
24.619,0.000,0.000,48.96,38.45
24.644,0.000,0.000,49.78,38.51
24.648,0.000,0.000,49.78,38.55
24.649,0.000,0.000,49.78,38.59
24.649,0.000,0.000,49.78,38.62
24.650,0.000,0.000,49.78,38.65
24.655,0.000,0.000,49.78,38.67
24.661,0.000,0.000,49.78,38.68
24.662,0.000,0.000,49.78,38.69
24.667,0.000,0.000,49.78,38.70
24.668,0.000,0.000,49.78,38.71
24.684,0.000,0.000,53.25,38.68
24.685,0.000,0.000,53.25,38.65
24.705,0.000,0.000,53.25,38.63
24.708,0.000,0.000,53.25,38.61
24.712,0.000,0.000,54.11,38.54
24.717,0.000,0.000,54.11,38.48
24.718,0.000,0.000,54.11,38.43
24.719,0.000,0.000,54.11,38.39
24.722,0.000,0.000,54.11,38.36
24.723,0.000,0.000,54.11,38.34
24.727,0.000,0.000,55.65,38.36
24.729,0.000,0.000,55.65,38.37
24.730,0.000,0.000,55.65,38.39
24.730,0.000,0.000,55.65,38.40
24.755,0.000,0.000,56.44,38.42
24.758,0.000,0.000,56.44,38.44
24.767,0.000,0.000,57.21,38.50
24.772,0.000,0.000,57.21,38.54
24.778,0.000,0.000,57.98,38.60
24.779,0.000,0.000,57.98,38.65
24.784,0.000,0.000,57.98,38.69
24.785,0.000,0.000,57.98,38.72
24.800,0.000,0.000,58.72,38.77
24.801,0.000,0.000,58.72,38.82
24.802,0.000,0.000,58.72,38.85
24.803,0.000,0.000,58.72,38.88
24.819,0.000,0.000,59.44,38.94
24.819,0.000,0.000,59.44,38.99
24.821,0.000,0.000,60.19,39.00
24.822,0.000,0.000,60.19,39.01
24.825,0.000,0.000,60.19,39.02
24.826,0.000,0.000,60.19,39.02
24.857,0.000,0.000,60.89,39.05
24.862,0.000,0.000,60.89,39.08
24.868,0.000,0.000,60.89,39.09
24.869,0.000,0.000,60.89,39.11
24.870,0.000,0.000,61.63,39.16
24.871,0.000,0.000,61.63,39.20
24.879,0.000,0.000,62.41,39.23
24.883,0.000,0.000,62.41,39.26
24.885,0.000,0.000,62.41,39.28
24.886,0.000,0.000,62.41,39.29
24.888,0.000,0.000,63.16,39.28
24.890,0.000,0.000,63.16,39.27
24.917,0.000,0.000,63.91,39.28
24.924,0.000,0.000,63.91,39.29
24.930,0.000,0.000,63.91,39.30
24.935,0.000,0.000,63.91,39.31
24.936,0.000,0.000,64.66,39.29
24.937,0.000,0.000,64.66,39.27
24.941,0.000,0.000,64.66,39.25
24.945,0.000,0.000,64.66,39.24
24.958,0.000,0.000,65.37,39.22
24.960,0.000,0.000,65.37,39.21
24.967,0.000,0.000,65.37,39.20
24.968,0.000,0.000,65.37,39.19
24.975,0.000,0.000,66.06,39.24
24.975,0.000,0.000,66.06,39.29
24.977,0.000,0.000,66.74,39.36
24.986,0.000,0.000,66.74,39.42
24.996,0.000,0.000,67.36,39.50
25.001,0.000,0.000,67.36,39.57
25.003,0.000,0.000,67.36,39.62
25.004,0.000,0.000,67.36,39.66
25.017,0.000,0.000,68.07,39.72
25.018,0.000,0.000,68.07,39.76
25.019,0.000,0.000,68.07,39.80
25.020,0.000,0.000,68.07,39.83
25.034,0.000,0.000,68.76,39.92
25.035,0.000,0.000,68.76,39.98
25.036,0.000,0.000,68.76,40.04
25.037,0.000,0.000,68.76,40.08
25.038,0.000,0.000,69.43,40.14
25.039,0.000,0.000,69.43,40.19
25.043,0.000,0.000,70.08,40.11
25.046,0.000,0.000,70.08,40.05
25.071,0.000,0.000,70.67,40.05
25.072,0.000,0.000,70.67,40.05
25.082,0.000,0.000,71.22,40.13
25.083,0.000,0.000,71.22,40.18
25.120,0.000,0.000,71.69,40.28
25.120,0.000,0.000,71.69,40.37
25.134,0.000,0.000,72.14,40.50
25.135,0.000,0.000,72.14,40.61
25.136,0.000,0.000,72.14,40.70
25.137,0.000,0.000,72.14,40.76
25.138,0.000,0.000,72.57,41.06
25.139,0.000,0.000,72.57,41.30
25.139,0.000,0.000,72.57,41.48
25.144,0.000,0.000,72.57,41.64
25.147,0.000,0.000,72.93,41.86
25.148,0.000,0.000,72.93,42.04
25.162,0.000,0.000,73.33,42.25
25.166,0.000,0.000,73.33,42.42
25.187,0.000,0.000,73.33,42.55
25.188,0.000,0.000,73.33,42.66
25.191,0.000,0.000,73.65,42.83
25.192,0.000,0.000,73.65,42.96
25.200,0.000,0.000,73.65,43.07
25.201,0.000,0.000,73.65,43.16
25.205,0.000,0.000,73.96,43.33
25.210,0.000,0.000,73.96,43.47
25.213,0.000,0.000,73.96,43.57
25.217,0.000,0.000,73.96,43.66
25.218,0.000,0.000,74.23,43.82
25.219,0.000,0.000,74.23,43.95
25.220,0.000,0.000,74.23,44.05
25.220,0.000,0.000,74.23,44.13
25.222,0.000,0.000,74.45,44.27
25.227,0.000,0.000,74.45,44.38
25.230,0.000,0.000,74.45,44.46
25.237,0.000,0.000,74.45,44.53
25.253,0.000,0.000,74.67,44.71
25.254,0.000,0.000,74.67,44.84
25.255,0.000,0.000,74.67,44.95
25.261,0.000,0.000,74.67,45.04
25.274,0.000,0.000,74.89,45.18
25.277,0.000,0.000,74.89,45.29
25.279,0.000,0.000,74.89,45.38
25.283,0.000,0.000,74.89,45.45
25.284,0.000,0.000,75.10,45.56
25.285,0.000,0.000,75.10,45.64
25.286,0.000,0.000,75.10,45.71
25.286,0.000,0.000,75.10,45.76
25.291,0.000,0.000,75.22,45.90
25.294,0.000,0.000,75.22,46.01
25.317,0.000,0.000,75.32,46.19
25.318,0.000,0.000,75.32,46.33
25.336,0.000,0.000,75.39,46.54
25.337,0.000,0.000,75.39,46.71
25.338,0.000,0.000,75.40,46.97
25.341,0.000,0.000,75.40,47.19
25.346,0.000,0.000,75.34,47.54
25.347,0.000,0.000,75.34,47.83
25.352,0.000,0.000,75.34,48.06
25.354,0.000,0.000,75.34,48.24
25.386,0.000,0.000,75.21,48.54
25.387,0.000,0.000,75.21,48.78
25.388,0.000,0.000,74.99,49.16
25.393,0.000,0.000,74.99,49.45
25.397,0.000,0.000,74.69,50.04
25.402,0.000,0.000,74.69,50.51
25.434,0.000,0.000,74.34,51.09
25.435,0.000,0.000,74.34,51.55
25.436,0.000,0.000,73.92,52.64
25.437,0.000,0.000,73.92,53.51
25.441,0.000,0.000,73.42,54.57
25.444,0.000,0.000,73.42,55.42
25.446,0.000,0.000,73.42,56.10
25.451,0.000,0.000,73.42,56.64
25.479,0.000,0.000,72.85,57.40
25.482,0.000,0.000,72.85,58.01
25.487,0.000,0.000,72.85,58.49
25.488,0.000,0.000,72.85,58.88
25.494,0.000,0.000,72.23,59.40
25.495,0.000,0.000,72.23,59.81
25.497,0.000,0.000,71.57,60.55
25.502,0.000,0.000,71.57,61.15
25.503,0.000,0.000,71.57,61.62
25.504,0.000,0.000,71.57,62.01
25.508,0.000,0.000,70.85,62.11
25.511,0.000,0.000,70.85,62.19
25.512,0.000,0.000,70.85,62.25
25.517,0.000,0.000,70.85,62.30
25.535,0.000,0.000,70.04,62.57
25.536,0.000,0.000,70.04,62.77
25.551,0.000,0.000,70.04,62.94
25.561,0.000,0.000,70.04,63.07
25.562,0.000,0.000,69.23,63.49
25.567,0.000,0.000,69.23,63.83
25.568,0.000,0.000,69.23,64.10
25.569,0.000,0.000,69.23,64.32
25.570,0.000,0.000,68.34,64.67
25.571,0.000,0.000,68.34,64.95
25.576,0.000,0.000,67.40,65.51
25.577,0.000,0.000,67.40,65.96
25.579,0.000,0.000,67.40,66.31
25.580,0.000,0.000,67.40,66.60
25.600,0.000,0.000,66.39,67.09
25.601,0.000,0.000,66.39,67.48
25.620,0.000,0.000,66.39,67.80
25.620,0.000,0.000,66.39,68.05
25.623,0.000,0.000,65.35,68.47
25.625,0.000,0.000,65.35,68.81
25.629,0.000,0.000,65.35,69.07
25.633,0.000,0.000,65.35,69.29
25.634,0.000,0.000,64.24,69.70
25.635,0.000,0.000,64.24,70.03
25.638,0.000,0.000,64.24,70.30
25.642,0.000,0.000,64.24,70.51
25.644,0.000,0.000,63.12,71.03
25.645,0.000,0.000,63.12,71.45
25.646,0.000,0.000,63.12,71.79
25.650,0.000,0.000,63.12,72.05
25.652,0.000,0.000,61.96,72.42
25.653,0.000,0.000,61.96,72.72
25.654,0.000,0.000,61.96,72.96
25.655,0.000,0.000,61.96,73.15
25.686,0.000,0.000,60.79,73.39
25.687,0.000,0.000,60.79,73.57
25.692,0.000,0.000,59.60,73.57
25.697,0.000,0.000,59.60,73.56
25.700,0.000,0.000,58.37,74.96
25.701,0.000,0.000,58.37,76.07
25.703,0.000,0.000,58.37,76.96
25.704,0.000,0.000,58.37,77.68
25.735,0.000,0.000,57.12,78.39
25.736,0.000,0.000,57.12,78.96
25.737,0.000,0.000,57.12,79.41
25.738,0.000,0.000,57.12,79.77
25.746,0.000,0.000,55.85,79.82
25.751,0.000,0.000,55.85,79.86
25.753,0.000,0.000,54.57,80.73
25.754,0.000,0.000,54.57,81.42
25.804,0.000,0.000,53.31,82.46
25.805,0.000,0.000,53.31,83.30
25.816,0.000,0.000,52.01,82.74
25.818,0.000,0.000,52.01,82.30
25.821,0.000,0.000,52.01,81.94
25.822,0.000,0.000,52.01,81.66
25.823,0.000,0.000,50.68,81.62
25.824,0.000,0.000,50.68,81.59
25.826,0.000,0.000,50.68,81.57
25.827,0.000,0.000,50.68,81.55
25.830,0.000,0.000,49.38,81.85
25.833,0.000,0.000,49.38,82.09
25.835,0.000,0.000,49.38,82.28
25.836,0.000,0.000,49.38,82.44
25.839,0.000,0.000,48.11,81.95
25.842,0.000,0.000,48.11,81.56
25.843,0.000,0.000,48.11,81.26
25.844,0.000,0.000,48.11,81.01
25.847,0.000,0.000,46.84,80.78
25.851,0.000,0.000,46.84,80.60
25.852,0.000,0.000,46.84,80.46
25.853,0.000,0.000,46.84,80.34
25.867,0.000,0.000,45.55,80.21
25.868,0.000,0.000,45.55,80.11
25.869,0.000,0.000,45.55,80.02
25.870,0.000,0.000,45.55,79.96
25.894,0.000,0.000,44.26,79.51
25.896,0.000,0.000,44.26,79.14
25.900,0.000,0.000,43.02,78.69
25.902,0.000,0.000,43.02,78.33
25.904,0.000,0.000,41.79,77.99
25.905,0.000,0.000,41.79,77.71
25.918,0.000,0.000,41.79,77.50
25.919,0.000,0.000,41.79,77.32
25.936,0.000,0.000,40.59,76.90
25.937,0.000,0.000,40.59,76.57
25.943,0.000,0.000,39.39,75.90
25.949,0.000,0.000,39.39,75.37
25.971,0.000,0.000,38.12,74.83
25.973,0.000,0.000,38.12,74.40
26.002,0.000,0.000,38.12,74.06
26.003,0.000,0.000,38.12,73.78
26.006,0.000,0.000,36.95,73.26
26.009,0.000,0.000,36.95,72.83
26.010,0.000,0.000,35.78,72.29
26.011,0.000,0.000,35.78,71.86
26.013,0.000,0.000,35.78,71.51
26.017,0.000,0.000,35.78,71.23
26.020,0.000,0.000,34.59,70.71
26.021,0.000,0.000,34.59,70.29
26.022,0.000,0.000,34.59,69.96
26.022,0.000,0.000,34.59,69.69
26.027,0.000,0.000,33.44,69.25
26.029,0.000,0.000,33.44,68.89
26.030,0.000,0.000,33.44,68.60
26.031,0.000,0.000,33.44,68.37
26.036,0.000,0.000,32.29,67.79
26.038,0.000,0.000,32.29,67.33
26.046,0.000,0.000,32.29,66.96
26.054,0.000,0.000,32.29,66.66
26.069,0.000,0.000,31.15,66.14
26.070,0.000,0.000,31.15,65.73
26.071,0.000,0.000,31.15,65.40
26.076,0.000,0.000,31.15,65.13
26.095,0.000,0.000,30.12,64.06
26.095,0.000,0.000,30.12,63.21
26.101,0.000,0.000,29.07,62.41
26.102,0.000,0.000,29.07,61.76
26.106,0.000,0.000,28.01,60.60
26.108,0.000,0.000,28.01,59.68
26.135,0.000,0.000,26.97,59.06
26.136,0.000,0.000,26.97,58.56
26.160,0.000,0.000,25.98,57.61
26.162,0.000,0.000,25.98,56.85
26.162,0.000,0.000,25.98,56.24
26.163,0.000,0.000,25.98,55.75
26.168,0.000,0.000,25.04,55.13
26.169,0.000,0.000,25.04,54.63
26.171,0.000,0.000,24.17,54.01
26.174,0.000,0.000,24.17,53.51
26.176,0.000,0.000,24.17,53.11
26.178,0.000,0.000,24.17,52.79
26.183,0.000,0.000,23.30,52.24
26.184,0.000,0.000,23.30,51.80
26.213,0.000,0.000,22.48,50.44
26.214,0.000,0.000,22.48,49.36
26.216,0.000,0.000,21.65,48.20
26.217,0.000,0.000,21.65,47.27
26.222,0.000,0.000,20.88,46.52
26.225,0.000,0.000,20.88,45.92
26.227,0.000,0.000,20.88,45.44
26.228,0.000,0.000,20.88,45.06
26.254,0.000,0.000,20.15,44.01
26.255,0.000,0.000,20.15,43.17
26.265,0.000,0.000,19.48,42.30
26.266,0.000,0.000,19.48,41.61
26.271,0.000,0.000,19.48,41.05
26.277,0.000,0.000,19.48,40.60
26.279,0.000,0.000,19.48,40.25
26.287,0.000,0.000,19.48,39.96
26.296,0.000,0.000,19.48,39.74
26.298,0.000,0.000,19.48,39.55
26.312,0.000,0.000,18.16,38.93
26.317,0.000,0.000,18.16,38.43
26.331,0.000,0.000,17.55,37.72
26.332,0.000,0.000,17.55,37.16
26.333,0.000,0.000,17.01,36.14
26.334,0.000,0.000,17.01,35.31
26.338,0.000,0.000,16.51,34.46
26.341,0.000,0.000,16.51,33.78
26.371,0.000,0.000,16.08,32.89
26.372,0.000,0.000,16.08,32.18
26.381,0.000,0.000,15.68,31.36
26.384,0.000,0.000,15.68,30.70
26.386,0.000,0.000,15.33,30.01
26.386,0.000,0.000,15.33,29.45
26.387,0.000,0.000,15.33,29.01
26.388,0.000,0.000,15.33,28.65
26.417,0.000,0.000,15.05,28.20
26.418,0.000,0.000,15.05,27.83
26.419,0.000,0.000,15.05,27.54
26.420,0.000,0.000,15.05,27.30
26.429,0.000,0.000,14.74,26.92
26.430,0.000,0.000,14.74,26.61
26.433,0.000,0.000,14.74,26.37
26.437,0.000,0.000,14.74,26.17
26.443,0.000,0.000,14.49,25.87
26.447,0.000,0.000,14.49,25.64
26.451,0.000,0.000,14.49,25.45
26.453,0.000,0.000,14.49,25.29
26.485,0.000,0.000,14.29,25.06
26.486,0.000,0.000,14.29,24.88
26.487,0.000,0.000,14.29,24.73
26.488,0.000,0.000,14.29,24.62
26.503,0.000,0.000,14.12,24.34
26.504,0.000,0.000,14.12,24.11
26.504,0.000,0.000,14.12,23.93
26.505,0.000,0.000,14.12,23.78
26.507,0.000,0.000,13.99,23.60
26.509,0.000,0.000,13.99,23.45
26.511,0.000,0.000,13.99,23.33
26.512,0.000,0.000,13.99,23.23
26.517,0.000,0.000,13.87,23.05
26.518,0.000,0.000,13.87,22.91
26.521,0.000,0.000,13.78,22.72
26.522,0.000,0.000,13.78,22.57
26.557,0.000,0.000,13.80,22.39
26.559,0.000,0.000,13.80,22.24
26.561,0.000,0.000,13.80,22.13
26.564,0.000,0.000,13.80,22.03
26.569,0.000,0.000,13.83,21.96
26.570,0.000,0.000,13.83,21.90
26.572,0.000,0.000,13.88,21.85
26.574,0.000,0.000,13.88,21.81
26.578,0.000,0.000,13.88,21.78
26.583,0.000,0.000,13.88,21.76
26.585,0.000,0.000,13.99,21.60
26.586,0.000,0.000,13.99,21.48
26.587,0.000,0.000,13.99,21.38
26.587,0.000,0.000,13.99,21.30
26.619,0.000,0.000,14.12,21.21
26.619,0.000,0.000,14.12,21.13
26.620,0.000,0.000,14.12,21.07
26.621,0.000,0.000,14.12,21.02
26.625,0.000,0.000,14.28,20.99
26.626,0.000,0.000,14.28,20.97
26.633,0.000,0.000,14.48,20.94
26.634,0.000,0.000,14.48,20.91
26.662,0.000,0.000,14.74,20.91
26.663,0.000,0.000,14.74,20.91
26.664,0.000,0.000,14.74,20.91
26.666,0.000,0.000,14.74,20.91
26.670,0.000,0.000,15.01,20.94
26.672,0.000,0.000,15.01,20.95
26.684,0.000,0.000,15.01,20.97
26.685,0.000,0.000,15.01,20.98
26.686,0.000,0.000,15.33,21.02
26.688,0.000,0.000,15.33,21.05
26.693,0.000,0.000,15.69,21.09
26.694,0.000,0.000,15.69,21.13
26.701,0.000,0.000,15.69,21.15
26.706,0.000,0.000,15.69,21.18
26.728,0.000,0.000,16.06,21.25
26.729,0.000,0.000,16.06,21.32
26.730,0.000,0.000,16.06,21.37
26.731,0.000,0.000,16.06,21.41
26.745,0.000,0.000,16.47,21.49
26.750,0.000,0.000,16.47,21.56
26.751,0.000,0.000,16.47,21.62
26.752,0.000,0.000,16.47,21.66
26.753,0.000,0.000,16.92,21.77
26.753,0.000,0.000,16.92,21.85
26.755,0.000,0.000,16.92,21.92
26.758,0.000,0.000,16.92,21.97
26.762,0.000,0.000,17.42,22.07
26.766,0.000,0.000,17.42,22.16
26.767,0.000,0.000,17.42,22.22
26.768,0.000,0.000,17.42,22.28
26.770,0.000,0.000,18.01,22.39
26.770,0.000,0.000,18.01,22.49
26.771,0.000,0.000,18.01,22.56
26.774,0.000,0.000,18.01,22.62
26.802,0.000,0.000,18.68,22.73
26.803,0.000,0.000,18.68,22.81
26.804,0.000,0.000,18.68,22.88
26.804,0.000,0.000,18.68,22.93
26.807,0.000,0.000,19.37,23.06
26.807,0.000,0.000,19.37,23.15
26.817,0.000,0.000,19.37,23.23
26.818,0.000,0.000,19.37,23.29
26.820,0.000,0.000,20.04,23.41
26.821,0.000,0.000,20.04,23.50
26.822,0.000,0.000,20.04,23.57
26.822,0.000,0.000,20.04,23.63
26.851,0.000,0.000,20.72,23.80
26.852,0.000,0.000,20.72,23.94
26.855,0.000,0.000,21.52,24.12
26.863,0.000,0.000,21.52,24.27
26.865,0.000,0.000,21.52,24.39
26.865,0.000,0.000,21.52,24.48
26.870,0.000,0.000,22.43,24.65
26.881,0.000,0.000,22.43,24.78
26.884,0.000,0.000,22.43,24.89
26.885,0.000,0.000,22.43,24.97
26.911,0.000,0.000,23.45,25.14
26.912,0.000,0.000,23.45,25.28
26.928,0.000,0.000,24.54,25.49
26.929,0.000,0.000,24.54,25.66
26.933,0.000,0.000,25.53,25.82
26.934,0.000,0.000,25.53,25.95
26.935,0.000,0.000,25.53,26.05
26.936,0.000,0.000,25.53,26.14
26.938,0.000,0.000,26.50,26.35
26.939,0.000,0.000,26.50,26.53
26.965,0.000,0.000,27.55,26.81
26.966,0.000,0.000,27.55,27.04
26.984,0.000,0.000,28.66,27.33
26.985,0.000,0.000,28.66,27.57
26.985,0.000,0.000,28.66,27.75
26.986,0.000,0.000,28.66,27.90
26.987,0.000,0.000,29.80,28.20
26.988,0.000,0.000,29.80,28.43
26.995,0.000,0.000,30.96,28.72
26.997,0.000,0.000,30.96,28.95
27.027,0.000,0.000,32.09,29.21
27.029,0.000,0.000,32.09,29.42
27.030,0.000,0.000,32.09,29.59
27.034,0.000,0.000,32.09,29.72
27.038,0.000,0.000,33.27,29.93
27.044,0.000,0.000,33.27,30.09
27.045,0.000,0.000,33.27,30.22
27.046,0.000,0.000,33.27,30.33
27.051,0.000,0.000,33.27,30.41
27.051,0.000,0.000,33.27,30.48
27.053,0.000,0.000,34.52,30.66
27.054,0.000,0.000,34.52,30.80
27.056,0.000,0.000,34.52,30.92
27.061,0.000,0.000,34.52,31.01
27.071,0.000,0.000,35.75,31.15
27.077,0.000,0.000,35.75,31.26
27.085,0.000,0.000,35.75,31.35
27.086,0.000,0.000,35.75,31.43
27.104,0.000,0.000,37.00,31.62
27.105,0.000,0.000,37.00,31.77
27.107,0.000,0.000,37.00,31.90
27.111,0.000,0.000,37.00,31.99
27.112,0.000,0.000,38.22,32.15
27.117,0.000,0.000,38.22,32.27
27.118,0.000,0.000,38.22,32.37
27.118,0.000,0.000,38.22,32.45
27.121,0.000,0.000,39.39,32.63
27.122,0.000,0.000,39.39,32.78
27.124,0.000,0.000,40.51,32.99
27.127,0.000,0.000,40.51,33.16
27.129,0.000,0.000,40.51,33.30
27.130,0.000,0.000,40.51,33.41
27.176,0.000,0.000,41.75,33.55
27.184,0.000,0.000,41.75,33.67
27.185,0.000,0.000,41.75,33.76
27.186,0.000,0.000,41.75,33.83
27.188,0.000,0.000,42.90,34.00
27.195,0.000,0.000,42.90,34.14
27.200,0.000,0.000,44.05,34.35
27.201,0.000,0.000,44.05,34.52
27.202,0.000,0.000,45.12,34.65
27.203,0.000,0.000,45.12,34.75
27.204,0.000,0.000,45.12,34.83
27.205,0.000,0.000,45.12,34.89
27.210,0.000,0.000,46.14,35.02
27.212,0.000,0.000,46.14,35.12
27.213,0.000,0.000,46.14,35.20
27.217,0.000,0.000,46.14,35.26
27.219,0.000,0.000,47.18,35.40
27.220,0.000,0.000,47.18,35.51
27.221,0.000,0.000,47.18,35.60
27.222,0.000,0.000,47.18,35.67
27.253,0.000,0.000,48.20,35.80
27.254,0.000,0.000,48.20,35.91
27.258,0.000,0.000,48.20,35.99
27.259,0.000,0.000,48.20,36.06
27.264,0.000,0.000,49.31,36.14
27.270,0.000,0.000,49.31,36.20
27.271,0.000,0.000,50.44,36.20
27.272,0.000,0.000,50.44,36.20
27.272,0.000,0.000,50.44,36.20
27.275,0.000,0.000,50.44,36.20
27.288,0.000,0.000,51.56,36.16
27.292,0.000,0.000,51.56,36.13
27.304,0.000,0.000,51.56,36.10
27.309,0.000,0.000,51.56,36.08
27.314,0.000,0.000,52.57,36.15
27.318,0.000,0.000,52.57,36.21
27.321,0.000,0.000,53.54,36.07
27.327,0.000,0.000,53.54,35.96
27.329,0.000,0.000,53.54,35.87
27.332,0.000,0.000,53.54,35.80
27.335,0.000,0.000,54.48,35.78
27.336,0.000,0.000,54.48,35.77
27.337,0.000,0.000,54.48,35.76
27.342,0.000,0.000,54.48,35.75
27.354,0.000,0.000,55.44,35.94
27.355,0.000,0.000,55.44,36.09
27.388,0.000,0.000,56.41,36.16
27.393,0.000,0.000,56.41,36.21
27.396,0.000,0.000,56.41,36.25
27.400,0.000,0.000,56.41,36.28
27.403,0.000,0.000,57.33,36.33
27.404,0.000,0.000,57.33,36.37
27.405,0.000,0.000,58.25,36.45
27.406,0.000,0.000,58.25,36.51
27.408,0.000,0.000,58.25,36.56
27.411,0.000,0.000,58.25,36.61
27.413,0.000,0.000,59.15,36.65
27.417,0.000,0.000,59.15,36.69
27.428,0.000,0.000,59.15,36.73
27.436,0.000,0.000,59.15,36.75
27.451,0.000,0.000,60.01,36.74
27.451,0.000,0.000,60.01,36.74
27.452,0.000,0.000,60.01,36.73
27.453,0.000,0.000,60.01,36.73
27.468,0.000,0.000,60.85,36.88
27.469,0.000,0.000,60.85,37.01
27.470,0.000,0.000,60.85,37.11
27.470,0.000,0.000,60.85,37.19
27.472,0.000,0.000,61.72,37.18
27.473,0.000,0.000,61.72,37.17
27.477,0.000,0.000,61.72,37.17
27.478,0.000,0.000,61.72,37.16
27.483,0.000,0.000,62.58,37.35
27.484,0.000,0.000,62.58,37.50
27.485,0.000,0.000,62.58,37.62
27.485,0.000,0.000,62.58,37.72
27.487,0.000,0.000,63.42,37.81
27.488,0.000,0.000,63.42,37.88
27.524,0.000,0.000,64.27,37.93
27.529,0.000,0.000,64.27,37.97
27.530,0.000,0.000,64.27,38.01
27.531,0.000,0.000,64.27,38.04
27.536,0.000,0.000,65.07,38.08
27.537,0.000,0.000,65.07,38.11
27.538,0.000,0.000,65.07,38.14
27.538,0.000,0.000,65.07,38.16
27.551,0.000,0.000,65.85,38.22
27.552,0.000,0.000,65.85,38.27
27.553,0.000,0.000,65.85,38.31
27.554,0.000,0.000,65.85,38.34
27.568,0.000,0.000,66.61,38.40
27.569,0.000,0.000,66.61,38.45
27.570,0.000,0.000,66.61,38.48
27.571,0.000,0.000,66.61,38.51
27.602,0.000,0.000,67.35,38.56
27.603,0.000,0.000,67.35,38.60
27.604,0.000,0.000,67.35,38.63
27.604,0.000,0.000,67.35,38.66
27.607,0.000,0.000,68.11,38.79
27.611,0.000,0.000,68.11,38.90
27.617,0.000,0.000,68.85,38.95
27.618,0.000,0.000,68.85,38.99
27.619,0.000,0.000,68.85,39.02
27.619,0.000,0.000,68.85,39.04
27.621,0.000,0.000,69.59,39.05
27.622,0.000,0.000,69.59,39.06
27.625,0.000,0.000,69.59,39.07
27.630,0.000,0.000,69.59,39.07
27.650,0.000,0.000,70.29,39.11
27.653,0.000,0.000,70.29,39.13
27.666,0.000,0.000,70.29,39.15
27.667,0.000,0.000,70.29,39.17
27.672,0.000,0.000,70.96,39.22
27.673,0.000,0.000,70.96,39.26
27.675,0.000,0.000,70.96,39.30
27.676,0.000,0.000,70.96,39.32
27.684,0.000,0.000,71.61,39.36
27.685,0.000,0.000,71.61,39.40
27.687,0.000,0.000,72.16,39.54
27.688,0.000,0.000,72.16,39.65
27.721,0.000,0.000,72.70,39.88
27.725,0.000,0.000,72.70,40.06
27.729,0.000,0.000,73.24,40.33
27.734,0.000,0.000,73.24,40.54
27.737,0.000,0.000,73.80,40.65
27.737,0.000,0.000,73.80,40.73
27.799,0.000,0.000,74.32,40.83
27.828,0.000,0.000,74.32,40.91
27.852,0.000,0.000,74.81,41.09
27.853,0.000,0.000,74.81,41.22
27.867,0.000,0.000,75.15,41.40
27.874,0.000,0.000,75.15,41.54
27.892,0.000,0.000,75.44,41.70
27.893,0.000,0.000,75.44,41.82
27.894,0.000,0.000,75.44,41.92
27.896,0.000,0.000,75.44,42.00
27.900,0.000,0.000,75.57,42.43
27.901,0.000,0.000,75.57,42.77
27.902,0.000,0.000,75.57,43.05
27.902,0.000,0.000,75.57,43.27
27.903,0.000,0.000,75.86,43.56
27.904,0.000,0.000,75.86,43.79
27.905,0.000,0.000,75.86,43.98
27.906,0.000,0.000,75.86,44.13
27.907,0.000,0.000,76.07,44.37
27.910,0.000,0.000,76.07,44.57
27.911,0.000,0.000,76.07,44.72
27.912,0.000,0.000,76.07,44.84
27.913,0.000,0.000,76.26,45.05
27.917,0.000,0.000,76.26,45.22
27.919,0.000,0.000,76.26,45.35
27.919,0.000,0.000,76.26,45.45
27.920,0.000,0.000,76.46,45.65
27.921,0.000,0.000,76.46,45.80
27.922,0.000,0.000,76.58,45.93
27.922,0.000,0.000,76.58,46.03
27.924,0.000,0.000,76.58,46.11
27.924,0.000,0.000,76.58,46.17
27.925,0.000,0.000,76.62,46.38
27.929,0.000,0.000,76.62,46.54
27.932,0.000,0.000,76.62,46.68
27.937,0.000,0.000,76.62,46.78
27.938,0.000,0.000,76.63,47.00
27.941,0.000,0.000,76.63,47.18
27.970,0.000,0.000,76.63,47.32
27.972,0.000,0.000,76.63,47.43
27.973,0.000,0.000,76.55,47.70
27.976,0.000,0.000,76.55,47.91
27.979,0.000,0.000,76.55,48.08
27.982,0.000,0.000,76.55,48.21
27.998,0.000,0.000,76.45,48.52
27.999,0.000,0.000,76.45,48.76
28.000,0.000,0.000,76.45,48.95
28.003,0.000,0.000,76.45,49.11
28.004,0.000,0.000,76.29,49.44
28.005,0.000,0.000,76.29,49.70
28.008,0.000,0.000,76.29,49.92
28.010,0.000,0.000,76.29,50.09
28.011,0.000,0.000,76.03,50.43
28.012,0.000,0.000,76.03,50.71
28.013,0.000,0.000,76.03,50.94
28.017,0.000,0.000,76.03,51.12
28.020,0.000,0.000,75.68,51.47
28.021,0.000,0.000,75.68,51.75
28.024,0.000,0.000,75.23,52.32
28.026,0.000,0.000,75.23,52.78
28.074,0.000,0.000,74.72,53.62
28.075,0.000,0.000,74.72,54.28
28.076,0.000,0.000,74.72,54.82
28.077,0.000,0.000,74.72,55.24
28.083,0.000,0.000,74.13,55.79
28.084,0.000,0.000,74.13,56.22
28.087,0.000,0.000,73.47,57.40
28.088,0.000,0.000,73.47,58.34
28.091,0.000,0.000,73.47,59.09
28.094,0.000,0.000,73.47,59.69
28.095,0.000,0.000,72.73,60.61
28.100,0.000,0.000,72.73,61.35
28.101,0.000,0.000,72.73,61.94
28.102,0.000,0.000,72.73,62.41
28.103,0.000,0.000,71.92,63.05
28.104,0.000,0.000,71.92,63.56
28.105,0.000,0.000,71.92,63.97
28.112,0.000,0.000,71.92,64.30
28.123,0.000,0.000,71.05,64.74
28.134,0.000,0.000,71.05,65.09
28.135,0.000,0.000,71.05,65.37
28.136,0.000,0.000,71.05,65.60
28.155,0.000,0.000,70.13,66.26
28.157,0.000,0.000,70.13,66.80
28.159,0.000,0.000,69.12,66.95
28.167,0.000,0.000,69.12,67.06
28.170,0.000,0.000,68.04,67.61
28.171,0.000,0.000,68.04,68.04
28.172,0.000,0.000,68.04,68.39
28.174,0.000,0.000,68.04,68.67
28.179,0.000,0.000,66.91,69.39
28.188,0.000,0.000,66.91,69.96
28.196,0.000,0.000,66.91,70.41
28.199,0.000,0.000,66.91,70.78
28.211,0.000,0.000,65.75,71.30
28.214,0.000,0.000,65.75,71.72
28.218,0.000,0.000,65.75,72.06
28.219,0.000,0.000,65.75,72.33
28.234,0.000,0.000,64.53,72.71
28.235,0.000,0.000,64.53,73.02
28.235,0.000,0.000,63.24,74.05
28.236,0.000,0.000,63.24,74.87
28.241,0.000,0.000,61.95,75.62
28.246,0.000,0.000,61.95,76.22
28.285,0.000,0.000,60.64,76.62
28.286,0.000,0.000,60.64,76.94
28.287,0.000,0.000,59.31,77.79
28.290,0.000,0.000,59.31,78.46
28.291,0.000,0.000,59.31,79.00
28.295,0.000,0.000,59.31,79.43
28.296,0.000,0.000,57.91,80.06
28.297,0.000,0.000,57.91,80.57
28.353,0.000,0.000,56.52,80.79
28.359,0.000,0.000,56.52,80.96
28.360,0.000,0.000,55.12,81.36
28.361,0.000,0.000,55.12,81.69
28.367,0.000,0.000,55.12,81.95
28.368,0.000,0.000,55.12,82.15
28.371,0.000,0.000,53.68,82.33
28.372,0.000,0.000,53.68,82.47
28.375,0.000,0.000,52.26,82.74
28.377,0.000,0.000,52.26,82.96
28.378,0.000,0.000,52.26,83.14
28.379,0.000,0.000,52.26,83.28
28.383,0.000,0.000,50.85,83.58
28.384,0.000,0.000,50.85,83.82
28.385,0.000,0.000,50.85,84.02
28.386,0.000,0.000,50.85,84.18
28.387,0.000,0.000,49.43,84.20
28.388,0.000,0.000,49.43,84.21
28.395,0.000,0.000,49.43,84.23
28.400,0.000,0.000,49.43,84.24
28.422,0.000,0.000,48.06,84.13
28.426,0.000,0.000,48.06,84.05
28.428,0.000,0.000,48.06,83.98
28.430,0.000,0.000,48.06,83.93
28.450,0.000,0.000,46.64,84.10
28.451,0.000,0.000,46.64,84.24
28.452,0.000,0.000,46.64,84.35
28.453,0.000,0.000,46.64,84.44
28.454,0.000,0.000,45.27,83.62
28.455,0.000,0.000,45.27,82.97
28.458,0.000,0.000,43.89,82.89
28.462,0.000,0.000,43.89,82.83
28.463,0.000,0.000,43.89,82.78
28.467,0.000,0.000,43.89,82.74
28.469,0.000,0.000,42.50,82.65
28.469,0.000,0.000,42.50,82.58
28.470,0.000,0.000,42.50,82.52
28.471,0.000,0.000,42.50,82.48
28.502,0.000,0.000,41.18,81.79
28.503,0.000,0.000,41.18,81.25
28.509,0.000,0.000,39.85,80.42
28.510,0.000,0.000,39.85,79.76
28.514,0.000,0.000,38.53,80.06
28.526,0.000,0.000,38.53,80.29
28.532,0.000,0.000,38.53,80.48
28.535,0.000,0.000,38.53,80.63
28.551,0.000,0.000,37.22,79.74
28.552,0.000,0.000,37.22,79.03
28.553,0.000,0.000,37.22,78.47
28.554,0.000,0.000,37.22,78.01
28.573,0.000,0.000,35.89,76.79
28.576,0.000,0.000,35.89,75.82
28.579,0.000,0.000,34.63,76.55
28.583,0.000,0.000,34.63,77.13
28.584,0.000,0.000,34.63,77.59
28.585,0.000,0.000,34.63,77.96
28.588,0.000,0.000,33.39,77.76
28.589,0.000,0.000,33.39,77.60
28.594,0.000,0.000,32.16,76.43
28.595,0.000,0.000,32.16,75.49
28.618,0.000,0.000,32.16,74.74
28.619,0.000,0.000,32.16,74.14
28.635,0.000,0.000,31.00,73.13
28.636,0.000,0.000,31.00,72.31
28.637,0.000,0.000,29.84,71.52
28.638,0.000,0.000,29.84,70.88
28.644,0.000,0.000,28.74,68.74
28.645,0.000,0.000,28.74,67.03
28.650,0.000,0.000,28.74,65.65
28.651,0.000,0.000,28.74,64.55
28.682,0.000,0.000,27.67,63.29
28.683,0.000,0.000,27.67,62.28
28.688,0.000,0.000,27.67,61.47
28.688,0.000,0.000,27.67,60.82
28.694,0.000,0.000,26.65,59.62
28.696,0.000,0.000,26.65,58.65
28.700,0.000,0.000,25.68,57.61
28.701,0.000,0.000,25.68,56.78
28.703,0.000,0.000,24.74,55.71
28.704,0.000,0.000,24.74,54.86
28.722,0.000,0.000,24.74,54.18
28.730,0.000,0.000,24.74,53.63
28.751,0.000,0.000,23.88,52.61
28.753,0.000,0.000,23.88,51.79
28.754,0.000,0.000,23.88,51.14
28.754,0.000,0.000,23.88,50.62
28.755,0.000,0.000,23.07,49.77
28.756,0.000,0.000,23.07,49.10
28.763,0.000,0.000,23.07,48.56
28.764,0.000,0.000,23.07,48.13
28.769,0.000,0.000,22.30,47.39
28.770,0.000,0.000,22.30,46.81
28.772,0.000,0.000,21.61,45.89
28.776,0.000,0.000,21.61,45.16
28.822,0.000,0.000,20.92,44.11
28.828,0.000,0.000,20.92,43.27
28.834,0.000,0.000,20.37,42.31
28.835,0.000,0.000,20.37,41.54
28.835,0.000,0.000,20.37,40.92
28.836,0.000,0.000,20.37,40.42
28.837,0.000,0.000,19.78,39.70
28.838,0.000,0.000,19.78,39.11
28.839,0.000,0.000,19.78,38.65
28.840,0.000,0.000,19.78,38.27
28.845,0.000,0.000,19.26,37.72
28.850,0.000,0.000,19.26,37.28
28.864,0.000,0.000,18.82,36.62
28.868,0.000,0.000,18.82,36.10
28.869,0.000,0.000,18.82,35.68
28.870,0.000,0.000,18.82,35.34
28.891,0.000,0.000,18.45,34.83
28.895,0.000,0.000,18.45,34.42
28.900,0.000,0.000,18.08,33.84
28.902,0.000,0.000,18.08,33.37
28.904,0.000,0.000,17.74,32.80
28.905,0.000,0.000,17.74,32.34
28.907,0.000,0.000,17.74,31.98
28.912,0.000,0.000,17.74,31.69
28.914,0.000,0.000,17.44,31.27
28.917,0.000,0.000,17.44,30.93
28.919,0.000,0.000,17.44,30.66
28.920,0.000,0.000,17.44,30.44
28.952,0.000,0.000,17.18,30.07
28.953,0.000,0.000,17.18,29.78
28.955,0.000,0.000,16.97,29.43
28.957,0.000,0.000,16.97,29.14
28.964,0.000,0.000,16.78,28.84
28.965,0.000,0.000,16.78,28.59
28.978,0.000,0.000,16.78,28.39
28.980,0.000,0.000,16.78,28.24
28.995,0.000,0.000,16.63,27.97
29.000,0.000,0.000,16.63,27.76
29.017,0.000,0.000,16.53,27.49
29.018,0.000,0.000,16.53,27.28
29.019,0.000,0.000,16.53,27.11
29.020,0.000,0.000,16.53,26.97
29.022,0.000,0.000,16.46,26.79
29.023,0.000,0.000,16.46,26.65
29.029,0.000,0.000,16.40,26.46
29.030,0.000,0.000,16.40,26.31
29.031,0.000,0.000,16.40,26.19
29.031,0.000,0.000,16.40,26.09
29.062,0.000,0.000,16.36,25.91
29.065,0.000,0.000,16.36,25.77
29.069,0.000,0.000,16.38,25.60
29.070,0.000,0.000,16.38,25.47
29.070,0.000,0.000,16.48,25.31
29.073,0.000,0.000,16.48,25.19
29.078,0.000,0.000,16.48,25.09
29.079,0.000,0.000,16.48,25.01
29.114,0.000,0.000,16.61,24.92
29.119,0.000,0.000,16.61,24.85
29.121,0.000,0.000,16.75,24.75
29.125,0.000,0.000,16.75,24.68
29.133,0.000,0.000,16.97,24.58
29.134,0.000,0.000,16.97,24.51
29.135,0.000,0.000,16.97,24.45
29.136,0.000,0.000,16.97,24.40
29.137,0.000,0.000,17.17,24.35
29.139,0.000,0.000,17.17,24.32
29.143,0.000,0.000,17.17,24.29
29.146,0.000,0.000,17.17,24.26
29.169,0.000,0.000,17.38,24.26
29.170,0.000,0.000,17.38,24.26
29.171,0.000,0.000,17.38,24.26
29.171,0.000,0.000,17.38,24.26
29.185,0.000,0.000,17.73,24.29
29.186,0.000,0.000,17.73,24.32
29.187,0.000,0.000,18.12,24.33
29.199,0.000,0.000,18.12,24.33
29.200,0.000,0.000,18.12,24.34
29.203,0.000,0.000,18.12,24.34
29.219,0.000,0.000,18.47,24.40
29.220,0.000,0.000,18.47,24.44
29.221,0.000,0.000,18.47,24.48
29.222,0.000,0.000,18.47,24.51
29.239,0.000,0.000,18.86,24.57
29.241,0.000,0.000,18.86,24.63
29.244,0.000,0.000,19.25,24.71
29.246,0.000,0.000,19.25,24.78
29.250,0.000,0.000,19.76,24.80
29.251,0.000,0.000,19.76,24.82
29.253,0.000,0.000,19.76,24.83
29.254,0.000,0.000,19.76,24.84
29.285,0.000,0.000,20.35,24.98
29.286,0.000,0.000,20.35,25.10
29.287,0.000,0.000,21.01,25.17
29.288,0.000,0.000,21.01,25.23
29.295,0.000,0.000,21.01,25.27
29.297,0.000,0.000,21.01,25.30
29.298,0.000,0.000,21.72,25.34
29.303,0.000,0.000,21.72,25.38
29.330,0.000,0.000,22.40,25.47
29.331,0.000,0.000,22.40,25.54
29.337,0.000,0.000,23.15,25.75
29.338,0.000,0.000,23.15,25.92
29.340,0.000,0.000,23.15,26.05
29.344,0.000,0.000,23.15,26.16
29.353,0.000,0.000,23.96,26.20
29.354,0.000,0.000,23.96,26.24
29.354,0.000,0.000,23.96,26.27
29.355,0.000,0.000,23.96,26.29
29.377,0.000,0.000,24.83,26.52
29.379,0.000,0.000,24.83,26.70
29.386,0.000,0.000,25.78,26.93
29.386,0.000,0.000,25.78,27.11
29.418,0.000,0.000,26.68,27.30
29.419,0.000,0.000,26.68,27.44
29.420,0.000,0.000,27.58,27.62
29.421,0.000,0.000,27.58,27.77
29.425,0.000,0.000,27.58,27.89
29.428,0.000,0.000,27.58,27.98
29.434,0.000,0.000,28.51,28.24
29.435,0.000,0.000,28.51,28.44
29.435,0.000,0.000,28.51,28.61
29.436,0.000,0.000,28.51,28.74
29.453,0.000,0.000,29.49,28.90
29.454,0.000,0.000,29.49,29.03
29.483,0.000,0.000,29.49,29.14
29.485,0.000,0.000,29.49,29.22
29.486,0.000,0.000,30.55,29.43
29.486,0.000,0.000,30.55,29.60
29.487,0.000,0.000,30.55,29.74
29.488,0.000,0.000,30.55,29.84
29.494,0.000,0.000,31.65,30.06
29.497,0.000,0.000,31.65,30.23
29.499,0.000,0.000,32.71,30.45
29.502,0.000,0.000,32.71,30.63
29.503,0.000,0.000,32.71,30.77
29.504,0.000,0.000,32.71,30.88
29.507,0.000,0.000,33.82,31.10
29.511,0.000,0.000,33.82,31.27
29.545,0.000,0.000,34.87,31.48
29.550,0.000,0.000,34.87,31.65
29.559,0.000,0.000,35.95,31.87
29.567,0.000,0.000,35.95,32.05
29.568,0.000,0.000,37.03,32.26
29.568,0.000,0.000,37.03,32.43
29.570,0.000,0.000,37.03,32.57
29.571,0.000,0.000,37.03,32.68
29.572,0.000,0.000,38.12,32.87
29.575,0.000,0.000,38.12,33.02
29.584,0.000,0.000,38.12,33.15
29.586,0.000,0.000,38.12,33.24
29.602,0.000,0.000,39.21,33.36
29.602,0.000,0.000,39.21,33.45
29.603,0.000,0.000,39.21,33.52
29.604,0.000,0.000,39.21,33.58
29.627,0.000,0.000,40.28,33.72
29.628,0.000,0.000,40.28,33.83
29.629,0.000,0.000,40.28,33.93
29.632,0.000,0.000,40.28,34.00
29.636,0.000,0.000,41.33,34.18
29.638,0.000,0.000,41.33,34.33
29.643,0.000,0.000,42.43,34.49
29.644,0.000,0.000,42.43,34.61
29.646,0.000,0.000,42.43,34.71
29.650,0.000,0.000,42.43,34.79
29.652,0.000,0.000,43.49,34.92
29.653,0.000,0.000,43.49,35.03
29.653,0.000,0.000,43.49,35.11
29.654,0.000,0.000,43.49,35.18
29.689,0.000,0.000,44.57,35.29
29.691,0.000,0.000,44.57,35.38
29.694,0.000,0.000,44.57,35.45
29.696,0.000,0.000,44.57,35.51
29.702,0.000,0.000,45.60,35.64
29.703,0.000,0.000,45.60,35.75
29.704,0.000,0.000,46.64,35.83
29.705,0.000,0.000,46.64,35.90
29.734,0.000,0.000,47.63,35.99
29.735,0.000,0.000,47.63,36.06
29.736,0.000,0.000,47.63,36.12
29.737,0.000,0.000,47.63,36.17
29.745,0.000,0.000,48.62,36.31
29.746,0.000,0.000,48.62,36.42
29.747,0.000,0.000,49.58,36.50
29.755,0.000,0.000,49.58,36.57
29.761,0.000,0.000,49.58,36.62
29.763,0.000,0.000,49.58,36.67
29.767,0.000,0.000,50.58,36.62
29.768,0.000,0.000,50.58,36.58
29.769,0.000,0.000,50.58,36.54
29.770,0.000,0.000,50.58,36.52
29.804,0.000,0.000,51.57,36.51
29.805,0.000,0.000,51.57,36.50
29.818,0.000,0.000,51.57,36.50
29.819,0.000,0.000,51.57,36.49
29.828,0.000,0.000,52.55,36.57
29.829,0.000,0.000,52.55,36.63
29.834,0.000,0.000,52.55,36.68
29.835,0.000,0.000,52.55,36.71
29.836,0.000,0.000,53.52,36.74
29.836,0.000,0.000,53.52,36.75
29.838,0.000,0.000,54.46,36.77
29.841,0.000,0.000,54.46,36.78
29.842,0.000,0.000,54.46,36.79
29.844,0.000,0.000,54.46,36.79
29.845,0.000,0.000,55.35,36.86
29.850,0.000,0.000,55.35,36.92
29.868,0.000,0.000,55.35,36.97
29.868,0.000,0.000,55.35,37.00
29.892,0.000,0.000,56.22,37.09
29.896,0.000,0.000,56.22,37.15
29.897,0.000,0.000,56.22,37.20
29.901,0.000,0.000,56.22,37.25
29.903,0.000,0.000,57.10,37.29
29.903,0.000,0.000,57.10,37.33
29.904,0.000,0.000,57.10,37.36
29.905,0.000,0.000,57.10,37.39
29.911,0.000,0.000,57.95,37.44
29.912,0.000,0.000,57.95,37.48
29.913,0.000,0.000,58.83,37.57
29.915,0.000,0.000,58.83,37.64
29.937,0.000,0.000,59.69,37.72
29.938,0.000,0.000,59.69,37.78
29.951,0.000,0.000,59.69,37.82
29.960,0.000,0.000,59.69,37.86
29.967,0.000,0.000,60.51,37.90
29.970,0.000,0.000,60.51,37.93
29.992,0.000,0.000,60.51,37.95
30.000,0.000,0.000,60.51,37.97
30.003,0.000,0.000,61.29,38.07
30.004,0.000,0.000,61.29,38.16
30.005,0.000,0.000,62.09,38.13
30.005,0.000,0.000,62.09,38.11
30.007,0.000,0.000,62.09,38.10
30.009,0.000,0.000,62.09,38.08
30.010,0.000,0.000,62.84,38.17
30.011,0.000,0.000,62.84,38.24
30.014,0.000,0.000,62.84,38.30
30.014,0.000,0.000,62.84,38.35
30.015,0.000,0.000,63.59,38.44
30.020,0.000,0.000,63.59,38.52
30.021,0.000,0.000,63.59,38.58
30.022,0.000,0.000,63.59,38.63
30.024,0.000,0.000,64.32,38.70
30.027,0.000,0.000,64.32,38.76
30.028,0.000,0.000,64.32,38.81
30.034,0.000,0.000,64.32,38.84
30.052,0.000,0.000,65.04,38.86
30.052,0.000,0.000,65.04,38.88
30.084,0.000,0.000,65.75,39.08
30.085,0.000,0.000,65.75,39.23
30.086,0.000,0.000,66.47,39.30
30.087,0.000,0.000,66.47,39.35
30.091,0.000,0.000,67.15,39.35
30.093,0.000,0.000,67.15,39.34
30.094,0.000,0.000,67.15,39.34
30.095,0.000,0.000,67.15,39.34
30.097,0.000,0.000,67.85,39.38
30.098,0.000,0.000,67.85,39.41
30.103,0.000,0.000,67.85,39.43
30.104,0.000,0.000,67.85,39.45
30.135,0.000,0.000,68.53,39.49
30.136,0.000,0.000,68.53,39.52
30.137,0.000,0.000,69.18,39.48
30.142,0.000,0.000,69.18,39.45
30.146,0.000,0.000,69.18,39.42
30.150,0.000,0.000,69.18,39.40
30.151,0.000,0.000,69.80,39.50
30.153,0.000,0.000,69.80,39.57
30.185,0.000,0.000,70.42,39.73
30.186,0.000,0.000,70.42,39.85
30.186,0.000,0.000,70.42,39.95
30.187,0.000,0.000,70.42,40.03
30.200,0.000,0.000,71.02,40.12
30.201,0.000,0.000,71.02,40.20
30.202,0.000,0.000,71.02,40.26
30.205,0.000,0.000,71.02,40.30
30.210,0.000,0.000,71.58,40.37
30.217,0.000,0.000,71.58,40.43
30.218,0.000,0.000,71.58,40.48
30.219,0.000,0.000,71.58,40.51
30.220,0.000,0.000,72.13,40.64
30.221,0.000,0.000,72.13,40.74
30.233,0.000,0.000,72.67,40.81
30.235,0.000,0.000,72.67,40.87
30.251,0.000,0.000,72.67,40.92
30.264,0.000,0.000,72.67,40.96
30.267,0.000,0.000,73.21,41.06
30.269,0.000,0.000,73.21,41.13
30.278,0.000,0.000,73.74,41.23
30.279,0.000,0.000,73.74,41.31
30.283,0.000,0.000,74.27,41.37
30.285,0.000,0.000,74.27,41.41
30.287,0.000,0.000,74.27,41.45
30.288,0.000,0.000,74.27,41.48
30.302,0.000,0.000,74.72,41.54
30.303,0.000,0.000,74.72,41.59
30.321,0.000,0.000,75.13,41.73
30.328,0.000,0.000,75.13,41.83
30.332,0.000,0.000,75.13,41.92
30.337,0.000,0.000,75.13,41.99
30.345,0.000,0.000,75.45,42.16
30.350,0.000,0.000,75.45,42.30
30.351,0.000,0.000,75.72,42.53
30.352,0.000,0.000,75.72,42.71
30.353,0.000,0.000,75.72,42.85
30.353,0.000,0.000,75.72,42.96
30.355,0.000,0.000,75.96,43.25
30.358,0.000,0.000,75.96,43.48
30.360,0.000,0.000,75.96,43.66
30.361,0.000,0.000,75.96,43.81
30.386,0.000,0.000,76.24,44.00
30.387,0.000,0.000,76.24,44.16
30.388,0.000,0.000,76.24,44.29
30.392,0.000,0.000,76.24,44.39
30.399,0.000,0.000,76.49,44.58
30.404,0.000,0.000,76.49,44.74
30.412,0.000,0.000,76.70,44.90
30.413,0.000,0.000,76.70,45.02
30.417,0.000,0.000,76.70,45.12
30.418,0.000,0.000,76.70,45.21
30.419,0.000,0.000,76.89,45.35
30.420,0.000,0.000,76.89,45.46
30.421,0.000,0.000,76.89,45.56
30.422,0.000,0.000,76.89,45.63
30.451,0.000,0.000,77.02,45.77
30.452,0.000,0.000,77.02,45.88
30.455,0.000,0.000,77.11,46.09
30.461,0.000,0.000,77.11,46.26
30.500,0.000,0.000,77.14,46.52
30.502,0.000,0.000,77.14,46.73
30.503,0.000,0.000,77.14,46.89
30.504,0.000,0.000,77.14,47.03
30.525,0.000,0.000,77.15,47.28
30.527,0.000,0.000,77.15,47.48
30.530,0.000,0.000,77.10,47.81
30.533,0.000,0.000,77.10,48.07
30.535,0.000,0.000,76.99,48.41
30.537,0.000,0.000,76.99,48.69
30.539,0.000,0.000,76.79,49.17
30.541,0.000,0.000,76.79,49.55
30.543,0.000,0.000,76.53,50.11
30.546,0.000,0.000,76.53,50.55
30.566,0.000,0.000,76.53,50.90
30.568,0.000,0.000,76.53,51.19
30.584,0.000,0.000,76.21,51.67
30.585,0.000,0.000,76.21,52.06
30.586,0.000,0.000,76.21,52.37
30.587,0.000,0.000,76.21,52.62
30.588,0.000,0.000,75.82,53.01
30.591,0.000,0.000,75.82,53.32
30.595,0.000,0.000,75.33,54.01
30.596,0.000,0.000,75.33,54.57
30.600,0.000,0.000,75.33,55.02
30.602,0.000,0.000,75.33,55.37
30.635,0.000,0.000,74.78,55.84
30.636,0.000,0.000,74.78,56.21
30.637,0.000,0.000,74.78,56.50
30.638,0.000,0.000,74.78,56.74
30.641,0.000,0.000,74.16,57.21
30.645,0.000,0.000,74.16,57.58
30.650,0.000,0.000,73.47,58.30
30.651,0.000,0.000,73.47,58.88
30.652,0.000,0.000,73.47,59.35
30.653,0.000,0.000,73.47,59.72
30.655,0.000,0.000,72.69,60.46
30.667,0.000,0.000,72.69,61.05
30.668,0.000,0.000,72.69,61.53
30.669,0.000,0.000,72.69,61.91
30.685,0.000,0.000,71.87,62.29
30.686,0.000,0.000,71.87,62.60
30.696,0.000,0.000,71.01,63.19
30.697,0.000,0.000,71.01,63.67
30.737,0.000,0.000,70.07,64.43
30.738,0.000,0.000,70.07,65.04
30.745,0.000,0.000,69.10,65.58
30.750,0.000,0.000,69.10,66.02
30.751,0.000,0.000,68.06,66.91
30.752,0.000,0.000,68.06,67.61
30.754,0.000,0.000,68.06,68.18
30.754,0.000,0.000,68.06,68.63
30.758,0.000,0.000,66.95,69.34
30.761,0.000,0.000,66.95,69.91
30.784,0.000,0.000,65.80,70.78
30.785,0.000,0.000,65.80,71.47
30.786,0.000,0.000,65.80,72.03
30.787,0.000,0.000,65.80,72.48
30.795,0.000,0.000,64.63,72.87
30.796,0.000,0.000,64.63,73.19
30.821,0.000,0.000,63.41,74.04
30.822,0.000,0.000,63.41,74.73
30.844,0.000,0.000,63.41,75.28
30.853,0.000,0.000,63.41,75.71
30.854,0.000,0.000,62.22,75.89
30.855,0.000,0.000,62.22,76.03
30.858,0.000,0.000,62.22,76.15
30.861,0.000,0.000,62.22,76.24
30.865,0.000,0.000,61.02,76.05
30.868,0.000,0.000,61.02,75.89
30.870,0.000,0.000,59.76,77.22
30.871,0.000,0.000,59.76,78.29
30.872,0.000,0.000,59.76,79.14
30.877,0.000,0.000,59.76,79.82
30.878,0.000,0.000,58.46,80.73
30.882,0.000,0.000,58.46,81.46
30.884,0.000,0.000,58.46,82.04
30.885,0.000,0.000,58.46,82.50
30.887,0.000,0.000,57.16,82.74
30.888,0.000,0.000,57.16,82.92
30.888,0.000,0.000,57.16,83.07
30.890,0.000,0.000,57.16,83.19
30.935,0.000,0.000,55.84,83.49
30.936,0.000,0.000,55.84,83.73
30.937,0.000,0.000,55.84,83.92
30.937,0.000,0.000,55.84,84.08
30.938,0.000,0.000,54.54,84.60
30.939,0.000,0.000,54.54,85.03
30.945,0.000,0.000,53.26,84.15
30.946,0.000,0.000,53.26,83.46
30.950,0.000,0.000,53.26,82.90
30.951,0.000,0.000,53.26,82.45
30.953,0.000,0.000,51.93,81.89
30.954,0.000,0.000,51.93,81.43
30.989,0.000,0.000,50.60,81.17
30.991,0.000,0.000,50.60,80.95
30.994,0.000,0.000,49.25,80.82
30.995,0.000,0.000,49.25,80.71
31.001,0.000,0.000,47.94,80.70
31.002,0.000,0.000,47.94,80.69
31.034,0.000,0.000,46.66,80.70
31.035,0.000,0.000,46.66,80.71
31.044,0.000,0.000,46.66,80.72
31.052,0.000,0.000,46.66,80.72
31.054,0.000,0.000,45.42,80.63
31.059,0.000,0.000,45.42,80.55
31.067,0.000,0.000,44.14,80.24
31.068,0.000,0.000,44.14,80.00
31.069,0.000,0.000,44.14,79.81
31.070,0.000,0.000,44.14,79.65
31.071,0.000,0.000,42.84,79.41
31.072,0.000,0.000,42.84,79.22
31.072,0.000,0.000,42.84,79.07
31.075,0.000,0.000,42.84,78.94
31.078,0.000,0.000,41.56,78.76
31.079,0.000,0.000,41.56,78.62
31.083,0.000,0.000,41.56,78.50
31.084,0.000,0.000,41.56,78.41
31.100,0.000,0.000,40.29,77.90
31.100,0.000,0.000,40.29,77.50
31.119,0.000,0.000,40.29,77.17
31.120,0.000,0.000,40.29,76.91
31.121,0.000,0.000,39.01,76.66
31.122,0.000,0.000,39.01,76.45
31.128,0.000,0.000,39.01,76.29
31.129,0.000,0.000,39.01,76.16
31.134,0.000,0.000,37.76,75.72
31.135,0.000,0.000,37.76,75.37
31.137,0.000,0.000,36.52,74.80
31.138,0.000,0.000,36.52,74.35
31.151,0.000,0.000,36.52,74.00
31.152,0.000,0.000,36.52,73.71
31.169,0.000,0.000,35.31,73.07
31.170,0.000,0.000,35.31,72.57
31.170,0.000,0.000,35.31,72.16
31.176,0.000,0.000,35.31,71.84
31.185,0.000,0.000,34.05,71.06
31.186,0.000,0.000,34.05,70.43
31.187,0.000,0.000,34.05,69.93
31.187,0.000,0.000,34.05,69.53
31.196,0.000,0.000,32.80,69.06
31.201,0.000,0.000,32.80,68.69
31.218,0.000,0.000,31.56,68.19
31.219,0.000,0.000,31.56,67.79
31.220,0.000,0.000,31.56,67.47
31.221,0.000,0.000,31.56,67.21
31.239,0.000,0.000,30.33,66.46
31.242,0.000,0.000,30.33,65.86
31.244,0.000,0.000,30.33,65.38
31.245,0.000,0.000,30.33,65.00
31.248,0.000,0.000,29.12,64.46
31.252,0.000,0.000,29.12,64.04
31.252,0.000,0.000,29.12,63.69
31.253,0.000,0.000,29.12,63.42
31.256,0.000,0.000,27.89,62.96
31.258,0.000,0.000,27.89,62.59
31.261,0.000,0.000,27.89,62.29
31.262,0.000,0.000,27.89,62.05
31.267,0.000,0.000,26.71,61.28
31.269,0.000,0.000,26.71,60.66
31.270,0.000,0.000,26.71,60.17
31.271,0.000,0.000,26.71,59.77
31.301,0.000,0.000,25.59,58.70
31.302,0.000,0.000,25.59,57.84
31.307,0.000,0.000,24.53,56.75
31.308,0.000,0.000,24.53,55.89
31.321,0.000,0.000,23.51,54.92
31.322,0.000,0.000,23.51,54.14
31.350,0.000,0.000,22.57,52.81
31.351,0.000,0.000,22.57,51.74
31.355,0.000,0.000,21.68,50.65
31.361,0.000,0.000,21.68,49.79
31.362,0.000,0.000,21.68,49.09
31.367,0.000,0.000,21.68,48.54
31.368,0.000,0.000,20.88,47.79
31.369,0.000,0.000,20.88,47.19
31.370,0.000,0.000,20.88,46.71
31.371,0.000,0.000,20.88,46.33
31.402,0.000,0.000,20.13,45.51
31.403,0.000,0.000,20.13,44.86
31.404,0.000,0.000,19.40,43.72
31.408,0.000,0.000,19.40,42.81
31.409,0.000,0.000,19.40,42.09
31.415,0.000,0.000,19.40,41.50
31.418,0.000,0.000,18.72,40.74
31.419,0.000,0.000,18.72,40.12
31.450,0.000,0.000,18.14,39.05
31.451,0.000,0.000,18.14,38.19
31.452,0.000,0.000,18.14,37.50
31.454,0.000,0.000,18.14,36.95
31.458,0.000,0.000,17.63,36.20
31.466,0.000,0.000,17.63,35.60
31.469,0.000,0.000,17.63,35.12
31.470,0.000,0.000,17.63,34.73
31.474,0.000,0.000,17.12,34.16
31.477,0.000,0.000,17.12,33.70
31.483,0.000,0.000,17.12,33.33
31.484,0.000,0.000,17.12,33.04
31.486,0.000,0.000,16.59,32.51
31.487,0.000,0.000,16.59,32.08
31.488,0.000,0.000,16.59,31.74
31.489,0.000,0.000,16.59,31.47
31.500,0.000,0.000,16.12,31.02
31.502,0.000,0.000,16.12,30.67
31.503,0.000,0.000,16.12,30.38
31.503,0.000,0.000,16.12,30.15
31.535,0.000,0.000,15.70,29.75
31.536,0.000,0.000,15.70,29.43
31.537,0.000,0.000,15.70,29.17
31.538,0.000,0.000,15.70,28.97
31.546,0.000,0.000,15.28,28.60
31.551,0.000,0.000,15.28,28.30
31.552,0.000,0.000,14.86,27.91
31.552,0.000,0.000,14.86,27.59
31.554,0.000,0.000,14.46,27.17
31.555,0.000,0.000,14.46,26.84
31.559,0.000,0.000,14.46,26.57
31.560,0.000,0.000,14.46,26.35
31.585,0.000,0.000,14.09,26.02
31.586,0.000,0.000,14.09,25.75
31.587,0.000,0.000,14.09,25.54
31.588,0.000,0.000,14.09,25.37
31.604,0.000,0.000,13.75,25.09
31.610,0.000,0.000,13.75,24.86
31.616,0.000,0.000,13.44,24.55
31.617,0.000,0.000,13.44,24.31
31.619,0.000,0.000,13.13,23.97
31.620,0.000,0.000,13.13,23.71
31.620,0.000,0.000,13.13,23.50
31.621,0.000,0.000,13.13,23.33
31.647,0.000,0.000,12.86,23.04
31.651,0.000,0.000,12.86,22.81
31.654,0.000,0.000,12.58,22.51
31.658,0.000,0.000,12.58,22.27
31.686,0.000,0.000,12.28,21.99
31.687,0.000,0.000,12.28,21.77
31.688,0.000,0.000,12.28,21.59
31.691,0.000,0.000,12.28,21.44
31.712,0.000,0.000,12.00,21.22
31.717,0.000,0.000,12.00,21.04
31.720,0.000,0.000,11.75,20.81
31.721,0.000,0.000,11.75,20.63
31.722,0.000,0.000,11.75,20.48
31.723,0.000,0.000,11.75,20.37
31.727,0.000,0.000,11.48,20.18
31.729,0.000,0.000,11.48,20.03
31.734,0.000,0.000,11.16,19.83
31.735,0.000,0.000,11.16,19.67
31.736,0.000,0.000,11.16,19.54
31.737,0.000,0.000,11.16,19.44
31.772,0.000,0.000,10.84,19.24
31.778,0.000,0.000,10.84,19.08
31.783,0.000,0.000,10.52,18.87
31.784,0.000,0.000,10.52,18.71
31.787,0.000,0.000,10.52,18.58
31.788,0.000,0.000,10.52,18.47
31.789,0.000,0.000,10.24,18.28
31.791,0.000,0.000,10.24,18.13
31.794,0.000,0.000,10.24,18.00
31.795,0.000,0.000,10.24,17.90
31.800,0.000,0.000,9.94,17.83
31.802,0.000,0.000,9.94,17.76
31.836,0.000,0.000,9.66,17.71
31.837,0.000,0.000,9.66,17.67
31.843,0.000,0.000,9.35,17.64
31.844,0.000,0.000,9.35,17.61
31.845,0.000,0.000,9.06,17.59
31.850,0.000,0.000,9.06,17.58
31.853,0.000,0.000,9.06,17.56
31.854,0.000,0.000,9.06,17.55
31.871,0.000,0.000,8.78,17.54
31.872,0.000,0.000,8.78,17.54
31.902,0.000,0.000,8.51,17.53
31.903,0.000,0.000,8.51,17.53
31.904,0.000,0.000,8.51,17.52
31.904,0.000,0.000,8.51,17.52
31.910,0.000,0.000,8.29,17.52
31.917,0.000,0.000,8.29,17.52
31.919,0.000,0.000,8.08,17.52
31.920,0.000,0.000,8.08,17.52
31.924,0.000,0.000,7.94,17.51
31.928,0.000,0.000,7.94,17.51
31.929,0.000,0.000,7.94,17.51
31.930,0.000,0.000,7.94,17.51
31.953,0.000,0.000,7.79,17.51
31.954,0.000,0.000,7.79,17.51
31.961,0.000,0.000,7.62,17.51
31.964,0.000,0.000,7.62,17.51
31.968,0.000,0.000,7.62,17.51
31.969,0.000,0.000,7.62,17.51
31.984,0.000,0.000,7.51,17.51
31.986,0.000,0.000,7.51,17.51
32.007,0.000,0.000,7.38,17.51
32.011,0.000,0.000,7.38,17.51
32.012,0.000,0.000,7.38,17.51
32.013,0.000,0.000,7.38,17.51
32.029,0.000,0.000,7.25,17.51
32.034,0.000,0.000,7.25,17.51
32.035,0.000,0.000,7.09,17.51
32.036,0.000,0.000,7.09,17.51
32.036,0.000,0.000,7.09,17.51
32.037,0.000,0.000,7.09,17.51
32.042,0.000,0.000,6.90,17.51
32.044,0.000,0.000,6.90,17.51
32.045,0.000,0.000,6.90,17.51
32.049,0.000,0.000,6.90,17.51
32.051,0.000,0.000,6.70,17.51
32.051,0.000,0.000,6.70,17.51
32.053,0.000,0.000,6.70,17.51
32.054,0.000,0.000,6.70,17.51
32.086,0.000,0.000,6.49,17.51
32.087,0.000,0.000,6.49,17.51
32.090,0.000,0.000,6.29,17.51
32.091,0.000,0.000,6.29,17.51
32.101,0.000,0.000,6.12,17.51
32.102,0.000,0.000,6.12,17.51
32.102,0.000,0.000,6.12,17.51
32.103,0.000,0.000,6.12,17.51
32.155,0.000,0.000,5.98,17.51
32.168,0.000,0.000,5.98,17.51
32.169,0.000,0.000,5.98,17.51
32.169,0.000,0.000,5.98,17.51
32.172,0.000,0.000,5.89,17.51
32.175,0.000,0.000,5.89,17.51
32.177,0.000,0.000,5.83,17.51
32.178,0.000,0.000,5.83,17.51
32.183,0.000,0.000,5.83,17.51
32.183,0.000,0.000,5.83,17.51
32.184,0.000,0.000,5.86,17.51
32.185,0.000,0.000,5.86,17.51
32.187,0.000,0.000,5.93,17.51
32.187,0.000,0.000,5.93,17.51
32.188,0.000,0.000,5.93,17.51
32.196,0.000,0.000,5.93,17.51
32.205,0.000,0.000,5.96,17.51
32.207,0.000,0.000,5.96,17.51
32.233,0.000,0.000,5.99,17.51
32.234,0.000,0.000,5.99,17.51
32.235,0.000,0.000,5.99,17.51
32.236,0.000,0.000,5.99,17.51
32.238,0.000,0.000,6.05,17.51
32.239,0.000,0.000,6.05,17.51
32.241,0.000,0.000,6.11,17.51
32.246,0.000,0.000,6.11,17.51
32.270,0.000,0.000,6.20,17.51
32.271,0.000,0.000,6.20,17.51
32.288,0.000,0.000,6.26,17.51
32.295,0.000,0.000,6.26,17.51
32.301,0.000,0.000,6.26,17.51
32.302,0.000,0.000,6.26,17.51
32.302,0.000,0.000,6.33,17.51
32.303,0.000,0.000,6.33,17.51
32.312,0.000,0.000,6.33,17.51
32.313,0.000,0.000,6.33,17.51
32.321,0.000,0.000,6.40,17.51
32.323,0.000,0.000,6.40,17.51
32.332,0.000,0.000,6.40,17.51
32.333,0.000,0.000,6.40,17.51
32.351,0.000,0.000,6.46,17.51
32.352,0.000,0.000,6.46,17.51
32.353,0.000,0.000,6.46,17.51
32.353,0.000,0.000,6.46,17.51
32.354,0.000,0.000,6.48,17.51
32.356,0.000,0.000,6.48,17.51
32.358,0.000,0.000,6.48,17.51
32.360,0.000,0.000,6.48,17.51
32.369,0.000,0.000,6.48,17.51
32.369,0.000,0.000,6.48,17.51
32.370,0.000,0.000,6.48,17.51
32.371,0.000,0.000,6.48,17.51
32.375,0.000,0.000,6.49,17.51
32.375,0.000,0.000,6.49,17.51
32.412,0.000,0.000,6.49,17.51
32.413,0.000,0.000,6.49,17.51
32.414,0.000,0.000,6.47,17.51
32.415,0.000,0.000,6.47,17.51
32.419,0.000,0.000,6.47,17.51
32.421,0.000,0.000,6.47,17.51
32.425,0.000,0.000,6.48,17.51
32.426,0.000,0.000,6.48,17.51
32.427,0.000,0.000,6.48,17.51
32.430,0.000,0.000,6.48,17.51
32.434,0.000,0.000,6.46,17.51
32.435,0.000,0.000,6.46,17.51
32.449,0.000,0.000,6.46,17.51
32.451,0.000,0.000,6.46,17.51
32.474,0.000,0.000,6.44,17.51
32.480,0.000,0.000,6.44,17.51
32.484,0.000,0.000,6.40,17.51
32.485,0.000,0.000,6.40,17.51
32.486,0.000,0.000,6.40,17.51
32.486,0.000,0.000,6.40,17.51
32.491,0.000,0.000,6.35,17.51
32.494,0.000,0.000,6.35,17.51
32.495,0.000,0.000,6.35,17.51
32.500,0.000,0.000,6.35,17.51
32.502,0.000,0.000,6.31,17.51
32.502,0.000,0.000,6.31,17.51
32.535,0.000,0.000,6.26,17.51
32.536,0.000,0.000,6.26,17.51
32.537,0.000,0.000,6.22,17.51
32.542,0.000,0.000,6.22,17.51
32.550,0.000,0.000,6.18,17.51
32.551,0.000,0.000,6.18,17.51
32.572,0.000,0.000,6.16,17.51
32.575,0.000,0.000,6.16,17.51
32.586,0.000,0.000,6.14,17.51
32.587,0.000,0.000,6.14,17.51
32.604,0.000,0.000,6.13,17.51
32.611,0.000,0.000,6.13,17.51
32.618,0.000,0.000,6.13,17.51
32.619,0.000,0.000,6.13,17.51
32.636,0.000,0.000,6.09,17.51
32.637,0.000,0.000,6.09,17.51
32.641,0.000,0.000,6.04,17.51
32.649,0.000,0.000,6.04,17.51
32.653,0.000,0.000,5.98,17.51
32.653,0.000,0.000,5.98,17.51
32.654,0.000,0.000,5.98,17.51
32.655,0.000,0.000,5.98,17.51
32.660,0.000,0.000,5.91,17.51
32.684,0.000,0.000,5.91,17.51
32.685,0.000,0.000,5.91,17.51
32.686,0.000,0.000,5.91,17.51
32.709,0.000,0.000,5.87,17.51
32.713,0.000,0.000,5.87,17.51
32.717,0.000,0.000,5.84,17.51
32.718,0.000,0.000,5.84,17.51
32.719,0.000,0.000,5.84,17.51
32.720,0.000,0.000,5.84,17.51
32.721,0.000,0.000,5.83,17.51
32.722,0.000,0.000,5.83,17.51
32.729,0.000,0.000,5.85,17.51
32.729,0.000,0.000,5.85,17.51
32.733,0.000,0.000,5.85,17.51
32.734,0.000,0.000,5.85,17.51
32.736,0.000,0.000,5.86,17.51
32.737,0.000,0.000,5.86,17.51
32.738,0.000,0.000,5.86,17.51
32.739,0.000,0.000,5.86,17.51
32.772,0.000,0.000,5.86,17.51
32.775,0.000,0.000,5.86,17.51
32.779,0.000,0.000,5.87,17.51
32.785,0.000,0.000,5.87,17.51
32.786,0.000,0.000,5.87,17.51
32.787,0.000,0.000,5.87,17.51
32.789,0.000,0.000,5.88,17.51
32.791,0.000,0.000,5.88,17.51
32.793,0.000,0.000,5.88,17.51
32.794,0.000,0.000,5.88,17.51
32.821,0.000,0.000,5.90,17.51
32.824,0.000,0.000,5.90,17.51
32.834,0.000,0.000,5.90,17.51
32.835,0.000,0.000,5.90,17.51
32.836,0.000,0.000,5.91,17.51
32.837,0.000,0.000,5.91,17.51
32.843,0.000,0.000,5.91,17.51
32.846,0.000,0.000,5.91,17.51
32.850,0.000,0.000,5.97,17.51
32.851,0.000,0.000,5.97,17.51
32.852,0.000,0.000,5.97,17.51
32.853,0.000,0.000,5.97,17.51
32.854,0.000,0.000,6.02,17.51
32.854,0.000,0.000,6.02,17.51
32.858,0.000,0.000,6.02,17.51
32.862,0.000,0.000,6.02,17.51
32.872,0.000,0.000,6.05,17.51
32.876,0.000,0.000,6.05,17.51
32.880,0.000,0.000,6.05,17.51
32.883,0.000,0.000,6.05,17.51
32.904,0.000,0.000,6.08,17.51
32.905,0.000,0.000,6.08,17.51
32.906,0.000,0.000,6.08,17.51
32.914,0.000,0.000,6.08,17.51
32.917,0.000,0.000,6.11,17.51
32.918,0.000,0.000,6.11,17.51
32.920,0.000,0.000,6.11,17.51
32.921,0.000,0.000,6.11,17.51
32.922,0.000,0.000,6.11,17.51
32.923,0.000,0.000,6.11,17.51
32.923,0.000,0.000,6.11,17.51
32.924,0.000,0.000,6.11,17.51
32.929,0.000,0.000,6.10,17.51
32.930,0.000,0.000,6.10,17.51
32.941,0.000,0.000,6.10,17.51
32.951,0.000,0.000,6.10,17.51
32.991,0.000,0.000,6.07,17.51
33.000,0.000,0.000,6.07,17.51
33.001,0.000,0.000,6.07,17.51
33.001,0.000,0.000,6.07,17.51
33.012,0.000,0.000,6.04,17.51
33.016,0.000,0.000,6.04,17.51
33.019,0.000,0.000,5.97,17.51
33.020,0.000,0.000,5.97,17.51
33.020,0.000,0.000,5.97,17.51
33.021,0.000,0.000,5.97,17.51
33.023,0.000,0.000,5.89,17.51
33.027,0.000,0.000,5.89,17.51
33.028,0.000,0.000,5.89,17.51
33.029,0.000,0.000,5.89,17.51
33.033,0.000,0.000,5.80,17.51
33.034,0.000,0.000,5.80,17.51
33.035,0.000,0.000,5.80,17.51
33.036,0.000,0.000,5.80,17.51
33.037,0.000,0.000,5.73,17.51
33.038,0.000,0.000,5.73,17.51
33.040,0.000,0.000,5.73,17.51
33.041,0.000,0.000,5.73,17.51
33.045,0.000,0.000,5.64,17.51
33.050,0.000,0.000,5.64,17.51
33.053,0.000,0.000,5.64,17.51
33.068,0.000,0.000,5.64,17.51
33.083,0.000,0.000,5.58,17.51
33.084,0.000,0.000,5.58,17.51
33.085,0.000,0.000,5.58,17.51
33.086,0.000,0.000,5.58,17.51
33.087,0.000,0.000,5.53,17.51
33.087,0.000,0.000,5.53,17.51
33.103,0.000,0.000,5.53,17.51
33.104,0.000,0.000,5.53,17.51
33.105,0.000,0.000,5.51,17.51
33.105,0.000,0.000,5.51,17.51
33.109,0.000,0.000,5.51,17.51
33.111,0.000,0.000,5.51,17.51
33.114,0.000,0.000,5.48,17.51
33.115,0.000,0.000,5.48,17.51
33.141,0.000,0.000,5.44,17.51
33.152,0.000,0.000,5.44,17.51
33.153,0.000,0.000,5.44,17.51
33.154,0.000,0.000,5.44,17.51
33.161,0.000,0.000,5.46,17.51
33.162,0.000,0.000,5.46,17.51
33.167,0.000,0.000,5.46,17.51
33.168,0.000,0.000,5.46,17.51
33.169,0.000,0.000,5.46,17.51
33.169,0.000,0.000,5.46,17.51
33.171,0.000,0.000,5.46,17.51
33.172,0.000,0.000,5.46,17.51
33.175,0.000,0.000,5.46,17.51
33.184,0.000,0.000,5.46,17.51
33.201,0.000,0.000,5.45,17.51
33.202,0.000,0.000,5.45,17.51
33.203,0.000,0.000,5.45,17.51
33.203,0.000,0.000,5.45,17.51
33.222,0.000,0.000,5.42,17.51
33.228,0.000,0.000,5.42,17.51
33.229,0.000,0.000,5.42,17.51
33.233,0.000,0.000,5.42,17.51
33.234,0.000,0.000,5.38,17.51
33.235,0.000,0.000,5.38,17.51
33.238,0.000,0.000,5.35,17.51
33.239,0.000,0.000,5.35,17.51
33.242,0.000,0.000,5.35,17.51
33.244,0.000,0.000,5.35,17.51
33.254,0.000,0.000,5.32,17.51
33.254,0.000,0.000,5.32,17.51
33.268,0.000,0.000,5.32,17.51
33.269,0.000,0.000,5.32,17.51
33.283,0.000,0.000,5.31,17.51
33.284,0.000,0.000,5.31,17.51
33.288,0.000,0.000,5.32,17.51
33.294,0.000,0.000,5.32,17.51
33.295,0.000,0.000,5.32,17.51
33.299,0.000,0.000,5.32,17.51
33.301,0.000,0.000,5.32,17.51
33.302,0.000,0.000,5.32,17.51
33.303,0.000,0.000,5.32,17.51
33.303,0.000,0.000,5.32,17.51
33.336,0.000,0.000,5.33,17.51
33.337,0.000,0.000,5.33,17.51
33.338,0.000,0.000,5.33,17.51
33.341,0.000,0.000,5.33,17.51
33.347,0.000,0.000,5.32,17.51
33.351,0.000,0.000,5.32,17.51
33.353,0.000,0.000,5.34,17.51
33.353,0.000,0.000,5.34,17.51
33.386,0.000,0.000,5.37,17.51
33.387,0.000,0.000,5.37,17.51
33.388,0.000,0.000,5.37,17.51
33.391,0.000,0.000,5.37,17.51
33.393,0.000,0.000,5.40,17.51
33.399,0.000,0.000,5.40,17.51
33.405,0.000,0.000,5.41,17.51
33.410,0.000,0.000,5.41,17.51
33.415,0.000,0.000,5.41,17.51
33.417,0.000,0.000,5.41,17.51
33.418,0.000,0.000,5.42,17.51
33.419,0.000,0.000,5.42,17.51
33.420,0.000,0.000,5.42,17.51
33.421,0.000,0.000,5.42,17.51
33.453,0.000,0.000,5.43,17.51
33.462,0.000,0.000,5.43,17.51
33.467,0.000,0.000,5.43,17.51
33.467,0.000,0.000,5.43,17.51
33.469,0.000,0.000,5.43,17.51
33.470,0.000,0.000,5.43,17.51
33.472,0.000,0.000,5.43,17.51
33.475,0.000,0.000,5.43,17.51
33.477,0.000,0.000,5.44,17.51
33.478,0.000,0.000,5.44,17.51
33.482,0.000,0.000,5.44,17.51
33.483,0.000,0.000,5.44,17.51
33.509,0.000,0.000,5.45,17.51
33.514,0.000,0.000,5.45,17.51
33.520,0.000,0.000,5.43,17.51
33.528,0.000,0.000,5.43,17.51
33.529,0.000,0.000,5.43,17.51
33.530,0.000,0.000,5.43,17.51
33.531,0.000,0.000,5.45,17.51
33.531,0.000,0.000,5.45,17.51
33.553,0.000,0.000,5.45,17.51
33.554,0.000,0.000,5.45,17.51
33.572,0.000,0.000,5.45,17.51
33.575,0.000,0.000,5.45,17.51
33.576,0.000,0.000,5.46,17.51
33.577,0.000,0.000,5.46,17.51
33.583,0.000,0.000,5.48,17.51
33.584,0.000,0.000,5.48,17.51
33.587,0.000,0.000,5.48,17.51
33.587,0.000,0.000,5.48,17.51
33.589,0.000,0.000,5.49,17.51
33.591,0.000,0.000,5.49,17.51
33.594,0.000,0.000,5.49,17.51
33.595,0.000,0.000,5.49,17.51
33.619,0.000,0.000,5.51,17.51
33.620,0.000,0.000,5.51,17.51
33.620,0.000,0.000,5.51,17.51
33.621,0.000,0.000,5.51,17.51
33.630,0.000,0.000,5.53,17.51
33.634,0.000,0.000,5.53,17.51
33.638,0.000,0.000,5.56,17.51
33.643,0.000,0.000,5.56,17.51
33.658,0.000,0.000,5.60,17.51
33.668,0.000,0.000,5.60,17.51
33.684,0.000,0.000,5.60,17.51
33.685,0.000,0.000,5.60,17.51
33.691,0.000,0.000,5.64,17.51
33.695,0.000,0.000,5.64,17.51
33.696,0.000,0.000,5.64,17.51
33.700,0.000,0.000,5.64,17.51
33.701,0.000,0.000,5.68,17.51
33.702,0.000,0.000,5.68,17.51
33.705,0.000,0.000,5.71,17.51
33.708,0.000,0.000,5.71,17.51
33.710,0.000,0.000,5.71,17.51
33.712,0.000,0.000,5.71,17.51
33.716,0.000,0.000,5.75,17.51
33.718,0.000,0.000,5.75,17.51
33.719,0.000,0.000,5.75,17.51
33.720,0.000,0.000,5.75,17.51
33.745,0.000,0.000,5.80,17.51
33.746,0.000,0.000,5.80,17.51
33.753,0.000,0.000,5.84,17.51
33.754,0.000,0.000,5.84,17.51
33.755,0.000,0.000,5.84,17.51
33.761,0.000,0.000,5.84,17.51
33.766,0.000,0.000,5.89,17.51
33.768,0.000,0.000,5.89,17.51
33.801,0.000,0.000,5.92,17.51
33.802,0.000,0.000,5.92,17.51
33.805,0.000,0.000,5.95,17.51
33.810,0.000,0.000,5.95,17.51
33.816,0.000,0.000,6.02,17.51
33.817,0.000,0.000,6.02,17.51
33.818,0.000,0.000,6.02,17.51
33.818,0.000,0.000,6.02,17.51
33.853,0.000,0.000,6.05,17.51
33.854,0.000,0.000,6.05,17.51
33.855,0.000,0.000,6.05,17.51
33.856,0.000,0.000,6.05,17.51
33.861,0.000,0.000,6.09,17.51
33.862,0.000,0.000,6.09,17.51
33.865,0.000,0.000,6.09,17.51
33.870,0.000,0.000,6.09,17.51
33.871,0.000,0.000,6.13,17.51
33.872,0.000,0.000,6.13,17.51
33.876,0.000,0.000,6.13,17.51
33.878,0.000,0.000,6.13,17.51
33.879,0.000,0.000,6.19,17.51
33.885,0.000,0.000,6.19,17.51
33.886,0.000,0.000,6.19,17.51
33.902,0.000,0.000,6.19,17.51
33.918,0.000,0.000,6.21,17.51
33.919,0.000,0.000,6.21,17.51
33.920,0.000,0.000,6.21,17.51
33.920,0.000,0.000,6.21,17.51
33.921,0.000,0.000,6.23,17.51
33.922,0.000,0.000,6.23,17.51
33.938,0.000,0.000,6.29,17.51
33.938,0.000,0.000,6.29,17.51
33.941,0.000,0.000,6.29,17.51
33.945,0.000,0.000,6.29,17.51
33.950,0.000,0.000,6.33,17.51
33.952,0.000,0.000,6.33,17.51
33.953,0.000,0.000,6.38,17.51
33.954,0.000,0.000,6.38,17.51
33.955,0.000,0.000,6.38,17.51
33.956,0.000,0.000,6.38,17.51
33.986,0.000,0.000,6.42,17.51
33.987,0.000,0.000,6.42,17.51
33.995,0.000,0.000,6.47,17.51
33.996,0.000,0.000,6.47,17.51
34.002,0.000,0.000,6.51,17.51
34.003,0.000,0.000,6.51,17.51
34.052,0.000,0.000,6.59,17.51
34.053,0.000,0.000,6.59,17.51
34.060,0.000,0.000,6.67,17.51
34.063,0.000,0.000,6.67,17.51
34.066,0.000,0.000,6.76,17.51
34.067,0.000,0.000,6.76,17.51
34.069,0.000,0.000,6.87,17.51
34.070,0.000,0.000,6.87,17.51
34.071,0.000,0.000,6.87,17.51
34.072,0.000,0.000,6.87,17.51
34.104,0.000,0.000,7.00,17.51
34.105,0.000,0.000,7.00,17.51
34.108,0.000,0.000,7.00,17.51
34.116,0.000,0.000,7.00,17.51
34.122,0.000,0.000,7.11,17.51
34.127,0.000,0.000,7.11,17.51
34.133,0.000,0.000,7.27,17.51
34.134,0.000,0.000,7.27,17.51
34.134,0.000,0.000,7.27,17.51
34.135,0.000,0.000,7.27,17.51
34.137,0.000,0.000,7.50,17.51
34.138,0.000,0.000,7.50,17.51
34.138,0.000,0.000,7.50,17.51
34.139,0.000,0.000,7.50,17.51
34.158,0.000,0.000,7.77,17.51
34.161,0.000,0.000,7.77,17.51
34.171,0.000,0.000,8.09,17.51
34.175,0.000,0.000,8.09,17.51
34.184,0.000,0.000,8.09,17.51
34.185,0.000,0.000,8.09,17.51
34.200,0.000,0.000,8.42,17.51
34.201,0.000,0.000,8.42,17.51
34.221,0.000,0.000,8.83,17.51
34.223,0.000,0.000,8.83,17.51
34.226,0.000,0.000,8.83,17.51
34.227,0.000,0.000,8.83,17.51
34.244,0.000,0.000,9.24,17.51
34.246,0.000,0.000,9.24,17.51
34.250,0.000,0.000,9.67,17.51
34.251,0.000,0.000,9.67,17.51
34.252,0.000,0.000,9.67,17.51
34.253,0.000,0.000,9.67,17.51
34.254,0.000,0.000,10.19,16.59
34.255,0.000,0.000,10.19,15.85
34.262,0.000,0.000,10.19,15.25
34.263,0.000,0.000,10.19,14.78
34.267,0.000,0.000,10.73,14.49
34.268,0.000,0.000,10.73,14.26
34.269,0.000,0.000,10.73,14.08
34.270,0.000,0.000,10.73,13.93
34.271,0.000,0.000,11.30,13.94
34.274,0.000,0.000,11.30,13.94
34.275,0.000,0.000,11.30,13.95
34.283,0.000,0.000,11.30,13.96
34.317,0.000,0.000,11.92,14.06
34.328,0.000,0.000,11.92,14.14
34.333,0.000,0.000,12.60,14.47
34.342,0.000,0.000,12.60,14.74
34.343,0.000,0.000,12.60,14.96
34.344,0.000,0.000,12.60,15.13
34.351,0.000,0.000,13.35,15.41
34.352,0.000,0.000,13.35,15.62
34.353,0.000,0.000,13.35,15.80
34.354,0.000,0.000,13.35,15.94
34.355,0.000,0.000,14.14,16.19
34.358,0.000,0.000,14.14,16.38
34.359,0.000,0.000,14.14,16.54
34.360,0.000,0.000,14.14,16.67
34.362,0.000,0.000,14.98,16.92
34.366,0.000,0.000,14.98,17.11
34.391,0.000,0.000,15.94,17.39
34.392,0.000,0.000,15.94,17.61
34.393,0.000,0.000,15.94,17.79
34.398,0.000,0.000,15.94,17.93
34.417,0.000,0.000,16.93,18.24
34.418,0.000,0.000,16.93,18.48
34.419,0.000,0.000,17.91,18.83
34.420,0.000,0.000,17.91,19.12
34.426,0.000,0.000,19.02,19.45
34.428,0.000,0.000,19.02,19.72
34.444,0.000,0.000,20.22,20.07
34.450,0.000,0.000,20.22,20.35
34.463,0.000,0.000,20.22,20.57
34.467,0.000,0.000,20.22,20.75
34.473,0.000,0.000,21.31,21.07
34.475,0.000,0.000,21.31,21.33
34.476,0.000,0.000,21.31,21.54
34.483,0.000,0.000,21.31,21.70
34.484,0.000,0.000,22.46,21.98
34.485,0.000,0.000,22.46,22.20
34.486,0.000,0.000,22.46,22.38
34.487,0.000,0.000,22.46,22.52
34.494,0.000,0.000,23.52,22.79
34.495,0.000,0.000,23.52,23.00
34.499,0.000,0.000,23.52,23.17
34.500,0.000,0.000,23.52,23.31
34.502,0.000,0.000,24.55,23.65
34.503,0.000,0.000,24.55,23.93
34.542,0.000,0.000,25.56,24.36
34.546,0.000,0.000,25.56,24.70
34.547,0.000,0.000,25.56,24.97
34.547,0.000,0.000,25.56,25.19
34.553,0.000,0.000,26.62,25.60
34.554,0.000,0.000,26.62,25.92
34.555,0.000,0.000,27.60,26.31
34.555,0.000,0.000,27.60,26.63
34.559,0.000,0.000,27.60,26.88
34.561,0.000,0.000,27.60,27.08
34.566,0.000,0.000,28.59,27.40
34.568,0.000,0.000,28.59,27.65
34.569,0.000,0.000,28.59,27.85
34.583,0.000,0.000,28.59,28.02
34.602,0.000,0.000,29.55,28.33
34.603,0.000,0.000,29.55,28.58
34.605,0.000,0.000,30.50,28.95
34.610,0.000,0.000,30.50,29.24
34.614,0.000,0.000,31.50,29.47
34.618,0.000,0.000,31.50,29.65
34.619,0.000,0.000,31.50,29.80
34.620,0.000,0.000,31.50,29.91
34.651,0.000,0.000,32.51,30.19
34.652,0.000,0.000,32.51,30.42
34.666,0.000,0.000,32.51,30.59
34.667,0.000,0.000,32.51,30.74
34.668,0.000,0.000,33.50,30.99
34.672,0.000,0.000,33.50,31.19
34.684,0.000,0.000,34.49,31.48
34.685,0.000,0.000,34.49,31.72
34.686,0.000,0.000,35.39,31.81
34.686,0.000,0.000,35.39,31.88
34.687,0.000,0.000,35.39,31.94
34.688,0.000,0.000,35.39,31.99
34.699,0.000,0.000,36.27,32.23
34.700,0.000,0.000,36.27,32.43
34.701,0.000,0.000,36.27,32.59
34.703,0.000,0.000,36.27,32.71
34.717,0.000,0.000,37.18,32.92
34.718,0.000,0.000,37.18,33.09
34.719,0.000,0.000,37.18,33.23
34.719,0.000,0.000,37.18,33.33
34.739,0.000,0.000,38.12,33.51
34.740,0.000,0.000,38.12,33.65
34.741,0.000,0.000,38.12,33.76
34.747,0.000,0.000,38.12,33.85
34.751,0.000,0.000,39.15,33.96
34.752,0.000,0.000,39.15,34.05
34.755,0.000,0.000,40.16,34.36
34.756,0.000,0.000,40.16,34.61
34.784,0.000,0.000,41.17,34.81
34.785,0.000,0.000,41.17,34.97
34.787,0.000,0.000,42.14,35.13
34.791,0.000,0.000,42.14,35.25
34.819,0.000,0.000,43.19,35.38
34.820,0.000,0.000,43.19,35.48
34.832,0.000,0.000,44.22,35.56
34.836,0.000,0.000,44.22,35.62
34.841,0.000,0.000,45.32,35.66
34.846,0.000,0.000,45.32,35.70
34.850,0.000,0.000,45.32,35.73
34.851,0.000,0.000,45.32,35.76
34.853,0.000,0.000,46.37,35.84
34.853,0.000,0.000,46.37,35.90
34.880,0.000,0.000,47.37,35.96
34.884,0.000,0.000,47.37,36.01
34.885,0.000,0.000,47.37,36.05
34.886,0.000,0.000,47.37,36.08
34.894,0.000,0.000,48.27,36.20
34.899,0.000,0.000,48.27,36.29
34.903,0.000,0.000,49.18,36.34
34.904,0.000,0.000,49.18,36.37
34.911,0.000,0.000,49.18,36.40
34.914,0.000,0.000,49.18,36.43
34.969,0.000,0.000,50.08,36.59
35.002,0.000,0.000,50.08,36.72
35.036,0.000,0.000,50.97,36.85
35.043,0.000,0.000,50.97,36.94
35.044,0.000,0.000,50.97,37.02
35.051,0.000,0.000,50.97,37.09
35.052,0.000,0.000,51.88,37.20
35.074,0.000,0.000,51.88,37.29
35.075,0.000,0.000,51.88,37.36
35.076,0.000,0.000,51.88,37.41
35.077,0.000,0.000,52.75,37.42
35.078,0.000,0.000,52.75,37.42
35.079,0.000,0.000,52.75,37.43
35.083,0.000,0.000,52.75,37.43
35.084,0.000,0.000,53.58,37.53
35.085,0.000,0.000,53.58,37.61
35.085,0.000,0.000,53.58,37.68
35.086,0.000,0.000,53.58,37.73
35.087,0.000,0.000,54.39,37.79
35.088,0.000,0.000,54.39,37.84
35.090,0.000,0.000,54.39,37.88
35.091,0.000,0.000,54.39,37.91
35.092,0.000,0.000,55.22,37.99
35.093,0.000,0.000,55.22,38.04
35.096,0.000,0.000,56.09,38.14
35.100,0.000,0.000,56.09,38.21
35.101,0.000,0.000,56.95,38.21
35.102,0.000,0.000,56.95,38.21
35.102,0.000,0.000,56.95,38.22
35.103,0.000,0.000,56.95,38.22
35.104,0.000,0.000,57.75,38.22
35.105,0.000,0.000,57.75,38.23
35.106,0.000,0.000,57.75,38.23
35.109,0.000,0.000,57.75,38.24
35.110,0.000,0.000,58.55,38.25
35.111,0.000,0.000,58.55,38.26
35.112,0.000,0.000,58.55,38.26
35.116,0.000,0.000,58.55,38.27
35.118,0.000,0.000,59.34,38.28
35.118,0.000,0.000,59.34,38.29
35.119,0.000,0.000,59.34,38.29
35.120,0.000,0.000,59.34,38.30
35.122,0.000,0.000,60.10,38.30
35.125,0.000,0.000,60.10,38.31
35.126,0.000,0.000,60.10,38.31
35.134,0.000,0.000,60.10,38.31
35.135,0.000,0.000,60.88,38.41
35.136,0.000,0.000,60.88,38.49
35.137,0.000,0.000,60.88,38.55
35.138,0.000,0.000,60.88,38.60
35.170,0.000,0.000,61.65,38.67
35.171,0.000,0.000,61.65,38.73
35.171,0.000,0.000,61.65,38.78
35.173,0.000,0.000,61.65,38.81
35.188,0.000,0.000,62.40,38.86
35.188,0.000,0.000,62.40,38.90
35.191,0.000,0.000,63.09,38.96
35.194,0.000,0.000,63.09,39.01
35.195,0.000,0.000,63.09,39.05
35.199,0.000,0.000,63.09,39.08
35.201,0.000,0.000,63.78,39.17
35.202,0.000,0.000,63.78,39.24
35.204,0.000,0.000,64.42,39.33
35.205,0.000,0.000,64.42,39.40
35.206,0.000,0.000,64.42,39.46
35.207,0.000,0.000,64.42,39.50
35.244,0.000,0.000,65.06,39.61
35.246,0.000,0.000,65.06,39.70
35.250,0.000,0.000,65.06,39.77
35.251,0.000,0.000,65.06,39.82
35.252,0.000,0.000,65.66,39.94
35.253,0.000,0.000,65.66,40.04
35.255,0.000,0.000,66.25,40.13
35.258,0.000,0.000,66.25,40.20
35.260,0.000,0.000,66.25,40.26
35.262,0.000,0.000,66.25,40.31
35.267,0.000,0.000,66.84,40.34
35.268,0.000,0.000,66.84,40.37
35.269,0.000,0.000,66.84,40.39
35.270,0.000,0.000,66.84,40.41
35.297,0.000,0.000,67.38,40.56
35.301,0.000,0.000,67.38,40.68
35.306,0.000,0.000,67.90,40.75
35.312,0.000,0.000,67.90,40.80
35.313,0.000,0.000,67.90,40.84
35.317,0.000,0.000,67.90,40.87
35.319,0.000,0.000,68.45,40.91
35.320,0.000,0.000,68.45,40.94
35.321,0.000,0.000,68.45,40.97
35.322,0.000,0.000,68.45,40.98
35.343,0.000,0.000,68.94,41.15
35.344,0.000,0.000,68.94,41.29
35.353,0.000,0.000,69.42,41.35
35.354,0.000,0.000,69.42,41.39
35.357,0.000,0.000,69.42,41.43
35.366,0.000,0.000,69.42,41.46
35.385,0.000,0.000,69.84,41.51
35.386,0.000,0.000,69.84,41.55
35.403,0.000,0.000,70.26,41.72
35.404,0.000,0.000,70.26,41.86
35.405,0.000,0.000,70.66,42.05
35.410,0.000,0.000,70.66,42.20
35.417,0.000,0.000,70.99,42.30
35.418,0.000,0.000,70.99,42.38
35.419,0.000,0.000,70.99,42.44
35.420,0.000,0.000,70.99,42.49
35.433,0.000,0.000,71.32,42.74
35.434,0.000,0.000,71.32,42.95
35.451,0.000,0.000,71.32,43.11
35.452,0.000,0.000,71.32,43.24
35.453,0.000,0.000,71.62,43.39
35.454,0.000,0.000,71.62,43.51
35.464,0.000,0.000,71.62,43.61
35.466,0.000,0.000,71.62,43.68
35.471,0.000,0.000,71.89,43.81
35.478,0.000,0.000,71.89,43.91
35.483,0.000,0.000,71.89,44.00
35.484,0.000,0.000,71.89,44.06
35.486,0.000,0.000,72.11,44.21
35.487,0.000,0.000,72.11,44.33
35.487,0.000,0.000,72.11,44.42
35.488,0.000,0.000,72.11,44.50
35.501,0.000,0.000,72.36,44.67
35.502,0.000,0.000,72.36,44.80
35.503,0.000,0.000,72.36,44.90
35.504,0.000,0.000,72.36,44.99
35.534,0.000,0.000,72.54,45.14
35.535,0.000,0.000,72.54,45.26
35.536,0.000,0.000,72.54,45.36
35.537,0.000,0.000,72.54,45.44
35.545,0.000,0.000,72.70,45.60
35.550,0.000,0.000,72.70,45.72
35.551,0.000,0.000,72.70,45.82
35.552,0.000,0.000,72.70,45.90
35.553,0.000,0.000,72.79,46.06
35.553,0.000,0.000,72.79,46.20
35.554,0.000,0.000,72.79,46.30
35.555,0.000,0.000,72.79,46.39
35.558,0.000,0.000,72.86,46.56
35.559,0.000,0.000,72.86,46.70
35.560,0.000,0.000,72.86,46.82
35.562,0.000,0.000,72.86,46.91
35.595,0.000,0.000,72.84,47.15
35.596,0.000,0.000,72.84,47.35
35.597,0.000,0.000,72.84,47.50
35.598,0.000,0.000,72.84,47.63
35.599,0.000,0.000,72.81,47.87
35.604,0.000,0.000,72.81,48.06
35.608,0.000,0.000,72.81,48.21
35.609,0.000,0.000,72.81,48.33
35.610,0.000,0.000,72.71,48.59
35.617,0.000,0.000,72.71,48.81
35.619,0.000,0.000,72.56,49.18
35.619,0.000,0.000,72.56,49.48
35.620,0.000,0.000,72.56,49.72
35.621,0.000,0.000,72.56,49.91
35.648,0.000,0.000,72.34,50.25
35.652,0.000,0.000,72.34,50.52
35.655,0.000,0.000,72.06,50.96
35.662,0.000,0.000,72.06,51.31
35.667,0.000,0.000,72.06,51.60
35.667,0.000,0.000,72.06,51.82
35.669,0.000,0.000,71.72,52.23
35.670,0.000,0.000,71.72,52.56
35.671,0.000,0.000,71.72,52.82
35.672,0.000,0.000,71.72,53.03
35.695,0.000,0.000,71.30,53.47
35.698,0.000,0.000,71.30,53.82
35.702,0.000,0.000,71.30,54.10
35.702,0.000,0.000,71.30,54.32
35.706,0.000,0.000,70.82,54.73
35.713,0.000,0.000,70.82,55.06
35.718,0.000,0.000,70.82,55.32
35.719,0.000,0.000,70.82,55.53
35.720,0.000,0.000,70.27,56.01
35.722,0.000,0.000,70.27,56.39
35.735,0.000,0.000,70.27,56.69
35.751,0.000,0.000,70.27,56.93
35.772,0.000,0.000,69.65,57.37
35.775,0.000,0.000,69.65,57.72
35.779,0.000,0.000,69.65,57.99
35.784,0.000,0.000,69.65,58.22
35.785,0.000,0.000,69.00,58.66
35.785,0.000,0.000,69.00,59.02
35.801,0.000,0.000,68.29,59.44
35.801,0.000,0.000,68.29,59.78
35.802,0.000,0.000,67.51,60.67
35.803,0.000,0.000,67.51,61.39
35.804,0.000,0.000,67.51,61.96
35.805,0.000,0.000,67.51,62.42
35.808,0.000,0.000,66.68,62.98
35.811,0.000,0.000,66.68,63.43
35.817,0.000,0.000,65.78,64.16
35.818,0.000,0.000,65.78,64.74
35.818,0.000,0.000,65.78,65.20
35.819,0.000,0.000,65.78,65.57
35.854,0.000,0.000,64.83,66.14
35.855,0.000,0.000,64.83,66.60
35.860,0.000,0.000,63.85,67.35
35.863,0.000,0.000,63.85,67.95
35.869,0.000,0.000,62.78,68.39
35.871,0.000,0.000,62.78,68.74
35.872,0.000,0.000,61.68,69.40
35.874,0.000,0.000,61.68,69.93
35.879,0.000,0.000,61.68,70.36
35.883,0.000,0.000,61.68,70.70
35.900,0.000,0.000,60.53,71.21
35.903,0.000,0.000,60.53,71.61
35.930,0.000,0.000,60.53,71.94
35.932,0.000,0.000,60.53,72.19
35.933,0.000,0.000,59.35,72.65
35.936,0.000,0.000,59.35,73.02
35.937,0.000,0.000,58.11,73.50
35.938,0.000,0.000,58.11,73.88
35.945,0.000,0.000,56.85,74.56
35.946,0.000,0.000,56.85,75.10
35.950,0.000,0.000,56.85,75.54
35.952,0.000,0.000,56.85,75.89
35.953,0.000,0.000,55.56,76.39
35.954,0.000,0.000,55.56,76.80
35.955,0.000,0.000,55.56,77.12
35.956,0.000,0.000,55.56,77.38
35.986,0.000,0.000,54.24,77.65
35.987,0.000,0.000,54.24,77.87
35.990,0.000,0.000,52.87,78.26
35.992,0.000,0.000,52.87,78.57
36.036,0.000,0.000,51.47,78.94
36.037,0.000,0.000,51.47,79.24
36.037,0.000,0.000,50.00,79.89
36.038,0.000,0.000,50.00,80.41
36.039,0.000,0.000,50.00,80.82
36.041,0.000,0.000,50.00,81.15
36.046,0.000,0.000,48.55,81.15
36.050,0.000,0.000,48.55,81.15
36.052,0.000,0.000,47.06,82.09
36.052,0.000,0.000,47.06,82.85
36.092,0.000,0.000,45.63,83.43
36.095,0.000,0.000,45.63,83.90
36.101,0.000,0.000,44.16,84.13
36.101,0.000,0.000,44.16,84.31
36.102,0.000,0.000,42.68,84.63
36.103,0.000,0.000,42.68,84.89
36.104,0.000,0.000,42.68,85.10
36.104,0.000,0.000,42.68,85.26
36.135,0.000,0.000,41.25,85.41
36.136,0.000,0.000,41.25,85.53
36.142,0.000,0.000,39.80,84.46
36.148,0.000,0.000,39.80,83.60
36.153,0.000,0.000,38.36,83.07
36.155,0.000,0.000,38.36,82.65
36.170,0.000,0.000,36.94,82.38
36.171,0.000,0.000,36.94,82.17
36.197,0.000,0.000,36.94,82.00
36.201,0.000,0.000,36.94,81.86
36.202,0.000,0.000,35.55,80.62
36.203,0.000,0.000,35.55,79.63
36.204,0.000,0.000,35.55,78.83
36.205,0.000,0.000,35.55,78.20
36.211,0.000,0.000,34.19,77.21
36.213,0.000,0.000,34.19,76.43
36.217,0.000,0.000,32.86,75.91
36.218,0.000,0.000,32.86,75.50
36.219,0.000,0.000,32.86,75.17
36.220,0.000,0.000,32.86,74.91
36.238,0.000,0.000,31.57,73.82
36.244,0.000,0.000,31.57,72.95
36.268,0.000,0.000,30.31,71.65
36.268,0.000,0.000,30.31,70.61
36.269,0.000,0.000,30.31,69.77
36.270,0.000,0.000,30.31,69.10
36.274,0.000,0.000,29.14,67.86
36.275,0.000,0.000,29.14,66.86
36.279,0.000,0.000,27.96,65.92
36.283,0.000,0.000,27.96,65.18
36.315,0.000,0.000,26.88,63.74
36.319,0.000,0.000,26.88,62.58
36.320,0.000,0.000,26.88,61.66
36.321,0.000,0.000,26.88,60.92
36.326,0.000,0.000,25.82,59.76
36.329,0.000,0.000,25.82,58.83
36.334,0.000,0.000,24.79,57.62
36.335,0.000,0.000,24.79,56.65
36.336,0.000,0.000,24.79,55.88
36.336,0.000,0.000,24.79,55.26
36.338,0.000,0.000,23.83,54.46
36.341,0.000,0.000,23.83,53.82
36.343,0.000,0.000,23.83,53.30
36.346,0.000,0.000,23.83,52.89
36.371,0.000,0.000,22.94,51.82
36.374,0.000,0.000,22.94,50.96
36.386,0.000,0.000,22.94,50.28
36.387,0.000,0.000,22.94,49.73
36.392,0.000,0.000,22.06,48.78
36.400,0.000,0.000,22.06,48.02
36.402,0.000,0.000,21.21,47.09
36.403,0.000,0.000,21.21,46.36
36.404,0.000,0.000,21.21,45.77
36.405,0.000,0.000,21.21,45.29
36.408,0.000,0.000,20.40,44.47
36.411,0.000,0.000,20.40,43.81
36.412,0.000,0.000,20.40,43.28
36.412,0.000,0.000,20.40,42.86
36.434,0.000,0.000,19.62,42.10
36.435,0.000,0.000,19.62,41.49
36.451,0.000,0.000,19.62,41.01
36.452,0.000,0.000,19.62,40.62
36.459,0.000,0.000,18.89,40.02
36.460,0.000,0.000,18.89,39.55
36.461,0.000,0.000,18.89,39.16
36.467,0.000,0.000,18.89,38.86
36.469,0.000,0.000,18.27,38.26
36.470,0.000,0.000,18.27,37.78
36.474,0.000,0.000,17.69,37.03
36.477,0.000,0.000,17.69,36.43
36.478,0.000,0.000,17.69,35.95
36.483,0.000,0.000,17.69,35.57
36.485,0.000,0.000,17.18,34.91
36.486,0.000,0.000,17.18,34.39
36.487,0.000,0.000,17.18,33.97
36.487,0.000,0.000,17.18,33.63
36.515,0.000,0.000,16.63,33.10
36.516,0.000,0.000,16.63,32.67
36.521,0.000,0.000,16.63,32.33
36.524,0.000,0.000,16.63,32.06
36.533,0.000,0.000,16.16,31.52
36.534,0.000,0.000,16.16,31.09
36.536,0.000,0.000,15.72,30.53
36.537,0.000,0.000,15.72,30.09
36.558,0.000,0.000,15.30,29.53
36.562,0.000,0.000,15.30,29.09
36.566,0.000,0.000,14.92,28.54
36.570,0.000,0.000,14.92,28.11
36.576,0.000,0.000,14.53,27.58
36.583,0.000,0.000,14.53,27.16
36.586,0.000,0.000,14.53,26.83
36.588,0.000,0.000,14.53,26.56
36.599,0.000,0.000,14.16,26.20
36.600,0.000,0.000,14.16,25.92
36.635,0.000,0.000,13.80,25.50
36.636,0.000,0.000,13.80,25.17
36.637,0.000,0.000,13.54,24.83
36.638,0.000,0.000,13.54,24.57
36.641,0.000,0.000,13.28,24.27
36.642,0.000,0.000,13.28,24.04
36.650,0.000,0.000,13.28,23.85
36.651,0.000,0.000,13.28,23.70
36.676,0.000,0.000,13.05,23.43
36.684,0.000,0.000,13.05,23.22
36.700,0.000,0.000,13.05,23.04
36.701,0.000,0.000,13.05,22.91
36.702,0.000,0.000,12.84,22.68
36.703,0.000,0.000,12.84,22.50
36.703,0.000,0.000,12.84,22.35
36.704,0.000,0.000,12.84,22.23
36.705,0.000,0.000,12.67,22.07
36.707,0.000,0.000,12.67,21.94
36.712,0.000,0.000,12.67,21.84
36.713,0.000,0.000,12.67,21.76
36.715,0.000,0.000,12.53,21.53
36.720,0.000,0.000,12.53,21.35
36.721,0.000,0.000,12.40,21.10
36.723,0.000,0.000,12.40,20.91
36.725,0.000,0.000,12.40,20.75
36.729,0.000,0.000,12.40,20.62
36.770,0.000,0.000,12.26,20.45
36.771,0.000,0.000,12.26,20.31
36.772,0.000,0.000,12.26,20.20
36.773,0.000,0.000,12.26,20.11
36.775,0.000,0.000,12.14,19.98
36.777,0.000,0.000,12.14,19.87
36.780,0.000,0.000,12.06,19.74
36.782,0.000,0.000,12.06,19.63
36.785,0.000,0.000,12.06,19.55
36.787,0.000,0.000,12.06,19.48
36.789,0.000,0.000,12.03,19.39
36.790,0.000,0.000,12.03,19.32
36.791,0.000,0.000,12.03,19.26
36.797,0.000,0.000,12.03,19.22
36.835,0.000,0.000,12.09,19.15
36.836,0.000,0.000,12.09,19.09
36.837,0.000,0.000,12.16,19.00
36.837,0.000,0.000,12.16,18.93
36.838,0.000,0.000,12.16,18.87
36.841,0.000,0.000,12.16,18.82
36.850,0.000,0.000,12.30,18.77
36.851,0.000,0.000,12.30,18.72
36.852,0.000,0.000,12.49,18.66
36.853,0.000,0.000,12.49,18.62
36.886,0.000,0.000,12.74,18.59
36.887,0.000,0.000,12.74,18.57
36.890,0.000,0.000,13.00,18.56
36.894,0.000,0.000,13.00,18.56
36.900,0.000,0.000,13.31,18.58
36.904,0.000,0.000,13.31,18.60
36.933,0.000,0.000,13.65,18.64
36.934,0.000,0.000,13.65,18.67
36.935,0.000,0.000,13.65,18.70
36.936,0.000,0.000,13.65,18.72
36.938,0.000,0.000,13.99,18.80
36.940,0.000,0.000,13.99,18.87
36.951,0.000,0.000,14.38,18.95
36.953,0.000,0.000,14.38,19.02
36.968,0.000,0.000,14.38,19.07
36.969,0.000,0.000,14.38,19.12
36.984,0.000,0.000,14.82,19.22
36.986,0.000,0.000,14.82,19.31
36.995,0.000,0.000,15.30,19.47
37.002,0.000,0.000,15.30,19.60
37.020,0.000,0.000,15.76,19.77
37.021,0.000,0.000,15.76,19.91
37.024,0.000,0.000,15.76,20.02
37.028,0.000,0.000,15.76,20.11
37.044,0.000,0.000,16.28,20.26
37.045,0.000,0.000,16.28,20.39
37.050,0.000,0.000,16.83,20.60
37.051,0.000,0.000,16.83,20.76
37.052,0.000,0.000,17.38,20.94
37.053,0.000,0.000,17.38,21.08
37.056,0.000,0.000,17.38,21.19
37.061,0.000,0.000,17.38,21.28
37.062,0.000,0.000,17.99,21.45
37.072,0.000,0.000,17.99,21.60
37.105,0.000,0.000,18.59,21.82
37.106,0.000,0.000,18.59,22.00
37.121,0.000,0.000,19.23,22.23
37.125,0.000,0.000,19.23,22.41
37.128,0.000,0.000,19.95,22.64
37.129,0.000,0.000,19.95,22.83
37.133,0.000,0.000,19.95,22.98
37.134,0.000,0.000,19.95,23.10
37.135,0.000,0.000,20.70,23.33
37.136,0.000,0.000,20.70,23.52
37.139,0.000,0.000,20.70,23.67
37.140,0.000,0.000,20.70,23.79
37.144,0.000,0.000,21.49,24.01
37.145,0.000,0.000,21.49,24.19
37.172,0.000,0.000,22.18,24.41
37.178,0.000,0.000,22.18,24.59
37.184,0.000,0.000,22.18,24.73
37.185,0.000,0.000,22.18,24.85
37.187,0.000,0.000,22.93,25.04
37.188,0.000,0.000,22.93,25.20
37.199,0.000,0.000,23.70,25.47
37.200,0.000,0.000,23.70,25.69
37.201,0.000,0.000,23.70,25.86
37.203,0.000,0.000,23.70,26.00
37.205,0.000,0.000,24.52,26.25
37.205,0.000,0.000,24.52,26.45
37.209,0.000,0.000,24.52,23.94
37.212,0.000,0.000,24.52,21.94
37.235,0.000,0.000,25.43,20.42
37.236,0.000,0.000,25.43,21.87
37.251,0.000,0.000,26.35,23.18
37.252,0.000,0.000,26.35,24.23
37.255,0.000,0.000,27.23,25.18
37.257,0.000,0.000,27.23,25.95
37.304,0.000,0.000,28.05,26.63
37.308,0.000,0.000,28.05,27.17
37.312,0.000,0.000,28.93,27.71
37.313,0.000,0.000,28.93,28.14
37.320,0.000,0.000,28.93,28.48
37.320,0.000,0.000,28.93,28.75
37.321,0.000,0.000,29.91,29.11
37.322,0.000,0.000,29.91,29.40
37.325,0.000,0.000,30.87,29.67
37.328,0.000,0.000,30.87,29.89
37.329,0.000,0.000,30.87,30.06
37.333,0.000,0.000,30.87,30.20
37.335,0.000,0.000,31.88,30.39
37.335,0.000,0.000,31.88,30.54
37.336,0.000,0.000,31.88,30.66
37.337,0.000,0.000,31.88,30.76
37.369,0.000,0.000,32.91,30.97
37.369,0.000,0.000,32.91,31.13
37.370,0.000,0.000,32.91,31.26
37.371,0.000,0.000,32.91,31.37
37.383,0.000,0.000,33.91,31.60
37.384,0.000,0.000,33.91,31.78
37.385,0.000,0.000,34.94,31.92
37.386,0.000,0.000,34.94,32.04
37.419,0.000,0.000,35.99,32.24
37.420,0.000,0.000,35.99,32.41
37.421,0.000,0.000,35.99,32.54
37.422,0.000,0.000,35.99,32.65
37.436,0.000,0.000,37.04,32.81
37.441,0.000,0.000,37.04,32.94
37.444,0.000,0.000,37.04,33.05
37.450,0.000,0.000,37.04,33.13
37.451,0.000,0.000,38.08,33.26
37.452,0.000,0.000,38.08,33.37
37.453,0.000,0.000,38.08,33.45
37.454,0.000,0.000,38.08,33.52
37.458,0.000,0.000,39.10,33.59
37.459,0.000,0.000,39.10,33.66
37.460,0.000,0.000,39.10,33.71
37.462,0.000,0.000,39.10,33.75
37.463,0.000,0.000,40.10,33.94
37.467,0.000,0.000,40.10,34.09
37.468,0.000,0.000,40.10,34.21
37.469,0.000,0.000,40.10,34.31
37.483,0.000,0.000,41.12,34.49
37.484,0.000,0.000,41.12,34.64
37.507,0.000,0.000,41.12,34.75
37.510,0.000,0.000,41.12,34.85
37.514,0.000,0.000,42.20,35.02
37.517,0.000,0.000,42.20,35.15
37.521,0.000,0.000,43.32,35.24
37.522,0.000,0.000,43.32,35.32
37.526,0.000,0.000,43.32,35.38
37.528,0.000,0.000,43.32,35.42
37.533,0.000,0.000,44.38,35.53
37.534,0.000,0.000,44.38,35.61
37.564,0.000,0.000,45.41,35.67
37.568,0.000,0.000,45.41,35.72
37.569,0.000,0.000,45.41,35.75
37.570,0.000,0.000,45.41,35.78
37.587,0.000,0.000,46.39,35.87
37.588,0.000,0.000,46.39,35.94
37.589,0.000,0.000,47.38,35.95
37.590,0.000,0.000,47.38,35.96
37.590,0.000,0.000,47.38,35.97
37.591,0.000,0.000,47.38,35.98
37.596,0.000,0.000,48.34,36.12
37.597,0.000,0.000,48.34,36.24
37.599,0.000,0.000,49.29,36.32
37.603,0.000,0.000,49.29,36.38
37.605,0.000,0.000,49.29,36.44
37.610,0.000,0.000,49.29,36.48
37.638,0.000,0.000,50.22,36.61
37.640,0.000,0.000,50.22,36.72
37.642,0.000,0.000,51.13,36.85
37.648,0.000,0.000,51.13,36.96
37.654,0.000,0.000,51.13,37.05
37.655,0.000,0.000,51.13,37.12
37.658,0.000,0.000,52.02,37.21
37.661,0.000,0.000,52.02,37.29
37.662,0.000,0.000,52.02,37.35
37.667,0.000,0.000,52.02,37.40
37.684,0.000,0.000,52.90,37.42
37.685,0.000,0.000,52.90,37.45
37.716,0.000,0.000,53.75,37.50
37.718,0.000,0.000,53.75,37.55
37.719,0.000,0.000,53.75,37.59
37.720,0.000,0.000,53.75,37.62
37.722,0.000,0.000,54.61,37.73
37.723,0.000,0.000,54.61,37.82
37.729,0.000,0.000,55.45,37.68
37.730,0.000,0.000,55.45,37.56
37.735,0.000,0.000,56.33,37.55
37.736,0.000,0.000,56.33,37.54
37.769,0.000,0.000,57.17,37.65
37.770,0.000,0.000,57.17,37.74
37.775,0.000,0.000,58.01,37.84
37.778,0.000,0.000,58.01,37.91
37.785,0.000,0.000,58.83,37.72
37.796,0.000,0.000,58.83,37.56
37.801,0.000,0.000,58.83,37.44
37.804,0.000,0.000,58.83,37.34
37.828,0.000,0.000,59.68,37.42
37.831,0.000,0.000,59.68,37.48
37.835,0.000,0.000,59.68,37.54
37.836,0.000,0.000,59.68,37.58
37.852,0.000,0.000,60.52,37.69
37.852,0.000,0.000,60.52,37.78
37.853,0.000,0.000,61.34,37.63
37.854,0.000,0.000,61.34,37.51
37.855,0.000,0.000,61.34,37.41
37.859,0.000,0.000,61.34,37.33
37.861,0.000,0.000,62.10,37.32
37.862,0.000,0.000,62.10,37.31
37.866,0.000,0.000,62.81,37.51
37.867,0.000,0.000,62.81,37.66
37.868,0.000,0.000,62.81,37.79
37.868,0.000,0.000,62.81,37.88
37.870,0.000,0.000,63.52,38.00
37.872,0.000,0.000,63.52,38.10
37.888,0.000,0.000,63.52,38.18
37.901,0.000,0.000,63.52,38.24
37.921,0.000,0.000,64.20,38.27
37.922,0.000,0.000,64.20,38.30
37.923,0.000,0.000,64.20,38.32
37.924,0.000,0.000,64.20,38.33
37.925,0.000,0.000,64.87,38.59
37.926,0.000,0.000,64.87,38.80
37.927,0.000,0.000,64.87,38.97
37.928,0.000,0.000,64.87,39.10
37.930,0.000,0.000,65.45,39.25
37.935,0.000,0.000,65.45,39.37
37.936,0.000,0.000,65.45,39.47
37.937,0.000,0.000,65.45,39.55
37.945,0.000,0.000,66.01,39.73
37.950,0.000,0.000,66.01,39.88
37.953,0.000,0.000,66.01,40.01
37.953,0.000,0.000,66.01,40.10
37.962,0.000,0.000,66.64,40.26
37.963,0.000,0.000,66.64,40.39
37.986,0.000,0.000,67.23,40.53
37.987,0.000,0.000,67.23,40.64
37.991,0.000,0.000,67.83,40.72
37.996,0.000,0.000,67.83,40.79
38.010,0.000,0.000,68.45,40.81
38.017,0.000,0.000,68.45,40.82
38.042,0.000,0.000,68.45,40.84
38.043,0.000,0.000,68.45,40.85
38.046,0.000,0.000,69.00,40.84
38.051,0.000,0.000,69.00,40.83
38.052,0.000,0.000,69.00,40.83
38.053,0.000,0.000,69.00,40.83
38.056,0.000,0.000,69.55,40.86
38.059,0.000,0.000,69.55,40.89
38.061,0.000,0.000,70.05,40.97
38.062,0.000,0.000,70.05,41.04
38.067,0.000,0.000,70.62,41.09
38.068,0.000,0.000,70.62,41.13
38.082,0.000,0.000,70.62,41.17
38.085,0.000,0.000,70.62,41.19
38.102,0.000,0.000,71.14,41.28
38.103,0.000,0.000,71.14,41.36
38.104,0.000,0.000,71.14,41.42
38.107,0.000,0.000,71.14,41.46
38.112,0.000,0.000,71.60,41.62
38.113,0.000,0.000,71.60,41.74
38.119,0.000,0.000,72.08,41.71
38.123,0.000,0.000,72.08,41.68
38.151,0.000,0.000,72.43,41.70
38.152,0.000,0.000,72.43,41.72
38.166,0.000,0.000,72.43,41.74
38.167,0.000,0.000,72.43,41.75
38.168,0.000,0.000,72.80,41.95
38.169,0.000,0.000,72.80,42.11
38.172,0.000,0.000,73.40,42.20
38.174,0.000,0.000,73.40,42.27
38.179,0.000,0.000,73.97,42.10
38.186,0.000,0.000,73.97,41.96
38.216,0.000,0.000,74.37,42.09
38.217,0.000,0.000,74.37,42.19
38.218,0.000,0.000,74.79,42.18
38.219,0.000,0.000,74.79,42.17
38.224,0.000,0.000,75.30,42.00
38.225,0.000,0.000,75.30,41.87
38.227,0.000,0.000,75.30,41.76
38.228,0.000,0.000,75.30,41.68
38.253,0.000,0.000,75.74,41.70
38.254,0.000,0.000,75.74,41.72
38.264,0.000,0.000,76.39,41.84
38.266,0.000,0.000,76.39,41.94
38.271,0.000,0.000,76.95,41.81
38.274,0.000,0.000,76.95,41.72
38.307,0.000,0.000,77.45,41.75
38.309,0.000,0.000,77.45,41.78
38.316,0.000,0.000,77.89,41.74
38.318,0.000,0.000,77.89,41.71
38.321,0.000,0.000,78.39,41.62
38.321,0.000,0.000,78.39,41.55
38.322,0.000,0.000,78.39,41.49
38.325,0.000,0.000,78.39,41.44
38.369,0.000,0.000,78.71,41.54
38.370,0.000,0.000,78.71,41.61
38.378,0.000,0.000,79.22,41.81
38.382,0.000,0.000,79.22,41.97
38.384,0.000,0.000,79.96,41.75
38.386,0.000,0.000,79.96,41.57
38.386,0.000,0.000,79.96,41.43
38.387,0.000,0.000,79.96,41.32
38.389,0.000,0.000,80.42,41.37
38.392,0.000,0.000,80.42,41.41
38.420,0.000,0.000,80.75,41.57
38.421,0.000,0.000,80.75,41.70
38.435,0.000,0.000,81.07,41.79
38.436,0.000,0.000,81.07,41.86
38.438,0.000,0.000,81.47,41.91
38.449,0.000,0.000,81.47,41.95
38.465,0.000,0.000,81.92,42.28
38.469,0.000,0.000,81.92,42.55
38.470,0.000,0.000,81.92,42.76
38.471,0.000,0.000,81.92,42.93
38.491,0.000,0.000,82.64,42.91
38.495,0.000,0.000,82.64,42.89
38.496,0.000,0.000,82.64,42.88
38.497,0.000,0.000,82.64,42.86
38.501,0.000,0.000,83.11,42.75
38.502,0.000,0.000,83.11,42.66
38.503,0.000,0.000,83.11,42.59
38.503,0.000,0.000,83.11,42.54
38.508,0.000,0.000,83.53,42.45
38.511,0.000,0.000,83.53,42.38
38.512,0.000,0.000,83.53,42.32
38.513,0.000,0.000,83.53,42.28
38.514,0.000,0.000,83.86,42.32
38.518,0.000,0.000,83.86,42.35
38.550,0.000,0.000,84.21,42.44
38.550,0.000,0.000,84.21,42.51
38.552,0.000,0.000,84.51,42.79
38.552,0.000,0.000,84.51,43.02
38.595,0.000,0.000,84.68,43.37
38.597,0.000,0.000,84.68,43.66
38.602,0.000,0.000,84.74,44.10
38.603,0.000,0.000,84.74,44.46
38.604,0.000,0.000,84.69,44.96
38.611,0.000,0.000,84.69,45.37
38.617,0.000,0.000,84.69,45.69
38.618,0.000,0.000,84.69,45.95
38.620,0.000,0.000,84.53,46.47
38.620,0.000,0.000,84.53,46.89
38.621,0.000,0.000,84.53,47.22
38.622,0.000,0.000,84.53,47.49
38.637,0.000,0.000,84.17,48.25
38.638,0.000,0.000,84.17,48.85
38.643,0.000,0.000,84.17,49.33
38.648,0.000,0.000,84.17,49.72
38.670,0.000,0.000,83.68,50.52
38.671,0.000,0.000,83.68,51.16
38.672,0.000,0.000,83.68,51.67
38.673,0.000,0.000,83.68,52.08
38.677,0.000,0.000,83.07,52.92
38.680,0.000,0.000,83.07,53.59
38.683,0.000,0.000,83.07,54.13
38.685,0.000,0.000,83.07,54.56
38.686,0.000,0.000,82.38,55.49
38.687,0.000,0.000,82.38,56.23
38.688,0.000,0.000,82.38,56.82
38.689,0.000,0.000,82.38,57.29
38.693,0.000,0.000,81.43,58.39
38.700,0.000,0.000,81.43,59.27
38.702,0.000,0.000,81.43,59.97
38.704,0.000,0.000,81.43,60.53
38.720,0.000,0.000,80.28,61.58
38.721,0.000,0.000,80.28,62.43
38.737,0.000,0.000,79.01,63.93
38.738,0.000,0.000,79.01,65.13
38.739,0.000,0.000,79.01,66.09
38.743,0.000,0.000,79.01,66.86
38.744,0.000,0.000,77.61,68.32
38.751,0.000,0.000,77.61,69.48
38.754,0.000,0.000,77.61,70.41
38.755,0.000,0.000,77.61,71.16
38.755,0.000,0.000,76.21,72.41
38.756,0.000,0.000,76.21,73.41
38.786,0.000,0.000,74.68,74.60
38.787,0.000,0.000,74.68,75.55
38.792,0.000,0.000,73.08,76.97
38.795,0.000,0.000,73.08,78.11
38.821,0.000,0.000,71.37,79.69
38.822,0.000,0.000,71.37,80.96
38.829,0.000,0.000,69.57,82.52
38.835,0.000,0.000,69.57,83.77
38.838,0.000,0.000,67.68,85.88
38.845,0.000,0.000,67.68,87.56
38.846,0.000,0.000,67.68,88.91
38.846,0.000,0.000,67.68,89.99
38.852,0.000,0.000,65.81,91.81
38.853,0.000,0.000,65.81,93.26
38.854,0.000,0.000,65.81,94.42
38.855,0.000,0.000,65.81,95.34
38.904,0.000,0.000,63.90,96.27
38.908,0.000,0.000,63.90,97.02
38.909,0.000,0.000,63.90,97.62
38.910,0.000,0.000,63.90,98.09
38.917,0.000,0.000,61.99,98.06
38.918,0.000,0.000,61.99,98.03
38.919,0.000,0.000,60.06,98.42
38.920,0.000,0.000,60.06,98.74
38.920,0.000,0.000,58.16,98.99
38.921,0.000,0.000,58.16,99.19
38.954,0.000,0.000,56.26,99.35
38.955,0.000,0.000,56.26,99.48
38.958,0.000,0.000,56.26,99.59
38.960,0.000,0.000,56.26,99.67
38.963,0.000,0.000,54.38,99.74
38.964,0.000,0.000,54.38,99.79
38.969,0.000,0.000,52.50,99.83
38.970,0.000,0.000,52.50,99.86
39.001,0.000,0.000,50.63,99.14
39.002,0.000,0.000,50.63,98.56
39.007,0.000,0.000,48.79,98.25
39.010,0.000,0.000,48.79,98.00
39.017,0.000,0.000,46.93,97.68
39.019,0.000,0.000,46.93,97.42
39.061,0.000,0.000,45.13,97.15
39.062,0.000,0.000,45.13,96.94
39.067,0.000,0.000,43.31,96.63
39.068,0.000,0.000,43.31,96.39
39.071,0.000,0.000,41.51,96.40
39.072,0.000,0.000,41.51,96.42
39.073,0.000,0.000,41.51,96.43
39.078,0.000,0.000,41.51,96.44
39.080,0.000,0.000,39.78,95.80
39.085,0.000,0.000,39.78,95.29
39.086,0.000,0.000,39.78,94.88
39.087,0.000,0.000,39.78,94.56
39.099,0.000,0.000,38.07,93.64
39.100,0.000,0.000,38.07,92.90
39.102,0.000,0.000,38.07,92.32
39.102,0.000,0.000,38.07,91.84
39.129,0.000,0.000,36.41,90.98
39.130,0.000,0.000,36.41,90.29
39.131,0.000,0.000,36.41,89.74
39.131,0.000,0.000,36.41,89.30
39.133,0.000,0.000,34.79,88.19
39.133,0.000,0.000,34.79,87.31
39.139,0.000,0.000,34.79,86.60
39.142,0.000,0.000,34.79,86.04
39.144,0.000,0.000,33.25,84.56
39.145,0.000,0.000,33.25,83.39
39.150,0.000,0.000,33.25,82.45
39.151,0.000,0.000,33.25,81.69
39.167,0.000,0.000,31.75,80.48
39.167,0.000,0.000,31.75,79.51
39.168,0.000,0.000,31.75,78.73
39.170,0.000,0.000,31.75,78.11
39.195,0.000,0.000,30.30,76.81
39.196,0.000,0.000,30.30,75.78
39.200,0.000,0.000,30.30,74.95
39.202,0.000,0.000,30.30,74.29
39.203,0.000,0.000,28.93,72.82
39.204,0.000,0.000,28.93,71.64
39.210,0.000,0.000,27.56,70.02
39.212,0.000,0.000,27.56,68.72
39.222,0.000,0.000,26.25,67.29
39.233,0.000,0.000,26.25,66.14
39.253,0.000,0.000,26.25,65.22
39.254,0.000,0.000,26.25,64.49
39.254,0.000,0.000,24.95,62.97
39.258,0.000,0.000,24.95,61.76
39.263,0.000,0.000,23.73,60.07
39.267,0.000,0.000,23.73,58.72
39.270,0.000,0.000,22.58,57.60
39.271,0.000,0.000,22.58,56.70
39.301,0.000,0.000,21.49,55.19
39.302,0.000,0.000,21.49,53.99
39.305,0.000,0.000,20.49,52.31
39.305,0.000,0.000,20.49,50.98
39.318,0.000,0.000,19.58,49.52
39.319,0.000,0.000,19.58,48.35
39.352,0.000,0.000,18.71,47.03
39.353,0.000,0.000,18.71,45.97
39.354,0.000,0.000,18.71,45.12
39.355,0.000,0.000,18.71,44.44
39.358,0.000,0.000,17.85,43.05
39.362,0.000,0.000,17.85,41.94
39.369,0.000,0.000,17.85,41.05
39.370,0.000,0.000,17.85,40.34
39.371,0.000,0.000,17.08,39.40
39.372,0.000,0.000,17.08,38.65
39.385,0.000,0.000,16.31,37.62
39.386,0.000,0.000,16.31,36.80
39.435,0.000,0.000,15.66,35.64
39.436,0.000,0.000,15.66,34.71
39.438,0.000,0.000,15.04,33.63
39.444,0.000,0.000,15.04,32.76
39.450,0.000,0.000,14.43,31.84
39.451,0.000,0.000,14.43,31.10
39.452,0.000,0.000,13.88,30.24
39.453,0.000,0.000,13.88,29.54
39.454,0.000,0.000,13.88,28.99
39.455,0.000,0.000,13.88,28.55
39.459,0.000,0.000,13.31,27.91
39.462,0.000,0.000,13.31,27.39
39.467,0.000,0.000,13.31,26.98
39.468,0.000,0.000,13.31,26.65
39.490,0.000,0.000,12.81,26.22
39.494,0.000,0.000,12.81,25.87
39.502,0.000,0.000,12.81,25.58
39.503,0.000,0.000,12.81,25.36
39.504,0.000,0.000,12.34,24.91
39.506,0.000,0.000,12.34,24.55
39.517,0.000,0.000,11.92,24.01
39.518,0.000,0.000,11.92,23.57
39.519,0.000,0.000,11.51,23.04
39.520,0.000,0.000,11.51,22.61
39.534,0.000,0.000,11.51,22.27
39.535,0.000,0.000,11.51,21.99
39.553,0.000,0.000,11.17,21.59
39.554,0.000,0.000,11.17,21.27
39.554,0.000,0.000,11.17,21.01
39.558,0.000,0.000,11.17,20.80
39.566,0.000,0.000,10.83,20.47
39.567,0.000,0.000,10.83,20.21
39.570,0.000,0.000,10.54,19.86
39.573,0.000,0.000,10.54,19.58
39.604,0.000,0.000,10.29,19.21
39.605,0.000,0.000,10.29,18.92
39.606,0.000,0.000,10.06,18.56
39.611,0.000,0.000,10.06,18.27
39.618,0.000,0.000,9.79,18.04
39.621,0.000,0.000,9.79,17.86
39.637,0.000,0.000,9.79,17.71
39.638,0.000,0.000,9.79,17.59
39.655,0.000,0.000,9.49,17.50
39.658,0.000,0.000,9.49,17.42
39.661,0.000,0.000,9.24,17.36
39.663,0.000,0.000,9.24,17.31
39.667,0.000,0.000,8.96,17.27
39.668,0.000,0.000,8.96,17.24
39.702,0.000,0.000,8.64,17.22
39.702,0.000,0.000,8.64,17.20
39.704,0.000,0.000,8.31,17.18
39.705,0.000,0.000,8.31,17.17
39.712,0.000,0.000,7.99,17.16
39.717,0.000,0.000,7.99,17.15
39.755,0.000,0.000,7.99,17.15
39.757,0.000,0.000,7.99,17.14
39.771,0.000,0.000,7.84,17.14
39.772,0.000,0.000,7.84,17.13
39.775,0.000,0.000,7.66,17.13
39.778,0.000,0.000,7.66,17.13
39.779,0.000,0.000,7.66,17.13
39.784,0.000,0.000,7.66,17.13
39.785,0.000,0.000,7.47,17.12
39.785,0.000,0.000,7.47,17.12
39.788,0.000,0.000,7.30,17.12
39.789,0.000,0.000,7.30,17.12
39.793,0.000,0.000,7.30,17.12
39.795,0.000,0.000,7.30,17.12
39.800,0.000,0.000,7.11,17.12
39.816,0.000,0.000,7.11,17.12
39.817,0.000,0.000,7.11,17.12
39.819,0.000,0.000,7.11,17.12
39.834,0.000,0.000,6.93,17.12
39.835,0.000,0.000,6.93,17.12
39.836,0.000,0.000,6.93,17.12
39.836,0.000,0.000,6.93,17.12
39.851,0.000,0.000,6.85,17.12
39.852,0.000,0.000,6.85,17.12
39.853,0.000,0.000,6.85,17.12
39.854,0.000,0.000,6.85,17.12
39.855,0.000,0.000,6.83,17.12
39.858,0.000,0.000,6.83,17.12
39.862,0.000,0.000,6.88,17.12
39.863,0.000,0.000,6.88,17.12
39.864,0.000,0.000,6.88,17.12
39.864,0.000,0.000,6.88,17.12
39.891,0.000,0.000,6.93,17.12
39.894,0.000,0.000,6.93,17.12
39.902,0.000,0.000,6.93,17.12
39.903,0.000,0.000,6.93,17.12
39.912,0.000,0.000,6.97,17.12
39.913,0.000,0.000,6.97,17.12
39.915,0.000,0.000,7.02,17.12
39.916,0.000,0.000,7.02,17.12
39.919,0.000,0.000,7.02,17.12
39.920,0.000,0.000,7.02,17.12
39.922,0.000,0.000,7.06,17.12
39.925,0.000,0.000,7.06,17.12
39.932,0.000,0.000,7.06,17.12
39.933,0.000,0.000,7.06,17.12
39.968,0.000,0.000,7.11,17.12
39.971,0.000,0.000,7.11,17.12
39.972,0.000,0.000,7.11,17.12
39.979,0.000,0.000,7.11,17.12
39.989,0.000,0.000,7.13,17.12
40.000,0.000,0.000,7.13,17.12
40.001,0.000,0.000,7.13,17.12
40.002,0.000,0.000,7.13,17.12
40.005,0.000,0.000,7.18,17.12
40.009,0.000,0.000,7.18,17.12
40.012,0.000,0.000,7.24,17.12
40.016,0.000,0.000,7.24,17.12
40.018,0.000,0.000,7.28,17.12
40.019,0.000,0.000,7.28,17.12
40.020,0.000,0.000,7.28,17.12
40.025,0.000,0.000,7.28,17.12
40.052,0.000,0.000,7.31,17.12
40.053,0.000,0.000,7.31,17.12
40.054,0.000,0.000,7.31,17.12
40.055,0.000,0.000,7.31,17.12
40.058,0.000,0.000,7.32,17.12
40.059,0.000,0.000,7.32,17.12
40.065,0.000,0.000,7.32,17.12
40.070,0.000,0.000,7.32,17.12
40.105,0.000,0.000,7.33,17.12
40.118,0.000,0.000,7.33,17.12
40.119,0.000,0.000,7.33,17.12
40.120,0.000,0.000,7.33,17.12
40.125,0.000,0.000,7.37,17.12
40.126,0.000,0.000,7.37,17.12
40.131,0.000,0.000,7.37,17.12
40.132,0.000,0.000,7.37,17.12
40.136,0.000,0.000,7.36,17.12
40.136,0.000,0.000,7.36,17.12
40.137,0.000,0.000,7.36,17.12
40.138,0.000,0.000,7.36,17.12
40.142,0.000,0.000,7.30,17.12
40.143,0.000,0.000,7.30,17.12
40.143,0.000,0.000,7.30,17.12
40.145,0.000,0.000,7.30,17.12
40.154,0.000,0.000,7.28,17.12
40.155,0.000,0.000,7.28,17.12
40.160,0.000,0.000,7.28,17.12
40.167,0.000,0.000,7.28,17.12
40.187,0.000,0.000,7.26,17.12
40.188,0.000,0.000,7.26,17.12
40.200,0.000,0.000,7.18,17.12
40.201,0.000,0.000,7.18,17.12
40.201,0.000,0.000,7.18,17.12
40.202,0.000,0.000,7.18,17.12
40.205,0.000,0.000,7.13,17.12
40.206,0.000,0.000,7.13,17.12
40.211,0.000,0.000,7.13,17.12
40.212,0.000,0.000,7.13,17.12
40.222,0.000,0.000,7.13,17.12
40.229,0.000,0.000,7.13,17.12
40.250,0.000,0.000,7.10,17.12
40.251,0.000,0.000,7.10,17.12
40.252,0.000,0.000,7.10,17.12
40.252,0.000,0.000,7.10,17.12
40.254,0.000,0.000,7.06,17.12
40.259,0.000,0.000,7.06,17.12
40.267,0.000,0.000,7.06,17.12
40.267,0.000,0.000,7.06,17.12
40.268,0.000,0.000,7.07,17.12
40.269,0.000,0.000,7.07,17.12
40.270,0.000,0.000,7.07,17.12
40.270,0.000,0.000,7.07,17.12
40.272,0.000,0.000,7.08,17.12
40.275,0.000,0.000,7.08,17.12
40.278,0.000,0.000,7.08,17.12
40.279,0.000,0.000,7.08,17.12
40.305,0.000,0.000,7.06,17.12
40.311,0.000,0.000,7.06,17.12
40.318,0.000,0.000,7.03,17.12
40.319,0.000,0.000,7.03,17.12
40.320,0.000,0.000,7.03,17.12
40.320,0.000,0.000,7.03,17.12
40.329,0.000,0.000,6.98,17.12
40.335,0.000,0.000,6.98,17.12
40.336,0.000,0.000,6.98,17.12
40.337,0.000,0.000,6.98,17.12
40.355,0.000,0.000,6.92,17.12
40.356,0.000,0.000,6.92,17.12
40.357,0.000,0.000,6.92,17.12
40.357,0.000,0.000,6.92,17.12
40.379,0.000,0.000,6.87,17.12
40.380,0.000,0.000,6.87,17.12
40.386,0.000,0.000,6.86,17.12
40.387,0.000,0.000,6.86,17.12
40.391,0.000,0.000,6.84,17.12
40.394,0.000,0.000,6.84,17.12
40.395,0.000,0.000,6.84,17.12
40.400,0.000,0.000,6.84,17.12
40.402,0.000,0.000,6.78,17.12
40.403,0.000,0.000,6.78,17.12
40.403,0.000,0.000,6.78,17.12
40.404,0.000,0.000,6.78,17.12
40.435,0.000,0.000,6.75,17.12
40.436,0.000,0.000,6.75,17.12
40.441,0.000,0.000,6.73,17.12
40.443,0.000,0.000,6.73,17.12
40.446,0.000,0.000,6.70,17.12
40.451,0.000,0.000,6.70,17.12
40.452,0.000,0.000,6.70,17.12
40.452,0.000,0.000,6.70,17.12
40.477,0.000,0.000,6.69,17.12
40.484,0.000,0.000,6.69,17.12
40.488,0.000,0.000,6.73,17.12
40.493,0.000,0.000,6.73,17.12
40.501,0.000,0.000,6.76,17.12
40.502,0.000,0.000,6.76,17.12
40.503,0.000,0.000,6.76,17.12
40.504,0.000,0.000,6.76,17.12
40.516,0.000,0.000,6.76,17.12
40.534,0.000,0.000,6.76,17.12
40.551,0.000,0.000,6.72,17.12
40.552,0.000,0.000,6.72,17.12
40.553,0.000,0.000,6.67,17.12
40.554,0.000,0.000,6.67,17.12
40.572,0.000,0.000,6.61,17.12
40.573,0.000,0.000,6.61,17.12
40.588,0.000,0.000,6.56,17.12
40.595,0.000,0.000,6.56,17.12
40.599,0.000,0.000,6.56,17.12
40.603,0.000,0.000,6.56,17.12
40.612,0.000,0.000,6.54,17.12
40.617,0.000,0.000,6.54,17.12
40.619,0.000,0.000,6.54,17.12
40.619,0.000,0.000,6.54,17.12
40.620,0.000,0.000,6.54,17.12
40.621,0.000,0.000,6.54,17.12
40.634,0.000,0.000,6.55,17.12
40.635,0.000,0.000,6.55,17.12
40.648,0.000,0.000,6.55,17.12
40.649,0.000,0.000,6.55,17.12
40.662,0.000,0.000,6.52,17.12
40.668,0.000,0.000,6.52,17.12
40.671,0.000,0.000,6.46,17.12
40.672,0.000,0.000,6.46,17.12
40.680,0.000,0.000,6.40,17.12
40.683,0.000,0.000,6.40,17.12
40.686,0.000,0.000,6.40,17.12
40.687,0.000,0.000,6.40,17.12
40.702,0.000,0.000,6.32,17.12
40.703,0.000,0.000,6.32,17.12
40.703,0.000,0.000,6.32,17.12
40.704,0.000,0.000,6.32,17.12
40.728,0.000,0.000,6.21,17.12
40.733,0.000,0.000,6.21,17.12
40.734,0.000,0.000,6.21,17.12
40.734,0.000,0.000,6.21,17.12
40.736,0.000,0.000,6.12,17.12
40.737,0.000,0.000,6.12,17.12
40.739,0.000,0.000,6.00,17.12
40.740,0.000,0.000,6.00,17.12
40.745,0.000,0.000,6.00,17.12
40.746,0.000,0.000,6.00,17.12
40.772,0.000,0.000,5.92,17.12
40.774,0.000,0.000,5.92,17.12
40.784,0.000,0.000,5.85,17.12
40.787,0.000,0.000,5.85,17.12
40.800,0.000,0.000,5.85,17.12
40.801,0.000,0.000,5.85,17.12
40.801,0.000,0.000,5.79,17.12
40.802,0.000,0.000,5.79,17.12
40.804,0.000,0.000,5.79,17.12
40.805,0.000,0.000,5.79,17.12
40.811,0.000,0.000,5.72,17.12
40.813,0.000,0.000,5.72,17.12
40.814,0.000,0.000,5.72,17.12
40.814,0.000,0.000,5.72,17.12
40.833,0.000,0.000,5.68,17.12
40.834,0.000,0.000,5.68,17.12
40.835,0.000,0.000,5.68,17.12
40.836,0.000,0.000,5.68,17.12
40.855,0.000,0.000,5.63,17.12
40.861,0.000,0.000,5.63,17.12
40.863,0.000,0.000,5.63,17.12
40.864,0.000,0.000,5.63,17.12
40.868,0.000,0.000,5.60,17.12
40.869,0.000,0.000,5.60,17.12
40.874,0.000,0.000,5.60,17.12
40.877,0.000,0.000,5.60,17.12
40.878,0.000,0.000,5.60,17.12
40.880,0.000,0.000,5.60,17.12
40.883,0.000,0.000,5.60,17.12
40.885,0.000,0.000,5.60,17.12
40.886,0.000,0.000,5.60,17.12
40.887,0.000,0.000,5.60,17.12
40.888,0.000,0.000,5.60,17.12
40.888,0.000,0.000,5.60,17.12
40.920,0.000,0.000,5.62,17.12
40.921,0.000,0.000,5.62,17.12
40.922,0.000,0.000,5.66,17.12
40.926,0.000,0.000,5.66,17.12
40.931,0.000,0.000,5.69,17.12
40.934,0.000,0.000,5.69,17.12
40.936,0.000,0.000,5.69,17.12
40.937,0.000,0.000,5.69,17.12
40.970,0.000,0.000,5.74,17.12
40.971,0.000,0.000,5.74,17.12
40.975,0.000,0.000,5.74,17.12
40.985,0.000,0.000,5.74,17.12
40.987,0.000,0.000,5.76,17.12
40.990,0.000,0.000,5.76,17.12
40.995,0.000,0.000,5.76,17.12
40.999,0.000,0.000,5.76,17.12
41.000,0.000,0.000,5.75,17.12
41.001,0.000,0.000,5.75,17.12
41.002,0.000,0.000,5.75,17.12
41.003,0.000,0.000,5.75,17.12
41.005,0.000,0.000,5.75,17.12
41.011,0.000,0.000,5.75,17.12
41.020,0.000,0.000,5.71,17.12
41.021,0.000,0.000,5.71,17.12
41.022,0.000,0.000,5.71,17.12
41.030,0.000,0.000,5.71,17.12
41.053,0.000,0.000,5.66,17.12
41.054,0.000,0.000,5.66,17.12
41.055,0.000,0.000,5.66,17.12
41.055,0.000,0.000,5.66,17.12
41.067,0.000,0.000,5.61,17.12
41.068,0.000,0.000,5.61,17.12
41.070,0.000,0.000,5.61,17.12
41.071,0.000,0.000,5.61,17.12
41.072,0.000,0.000,5.55,17.12
41.075,0.000,0.000,5.55,17.12
41.078,0.000,0.000,5.55,17.12
41.082,0.000,0.000,5.55,17.12
41.084,0.000,0.000,5.48,17.12
41.084,0.000,0.000,5.48,17.12
41.085,0.000,0.000,5.48,17.12
41.087,0.000,0.000,5.48,17.12
41.101,0.000,0.000,5.40,17.12
41.102,0.000,0.000,5.40,17.12
41.103,0.000,0.000,5.40,17.12
41.104,0.000,0.000,5.40,17.12
41.125,0.000,0.000,5.32,17.12
41.130,0.000,0.000,5.32,17.12
41.133,0.000,0.000,5.32,17.12
41.135,0.000,0.000,5.32,17.12
41.136,0.000,0.000,5.26,17.12
41.137,0.000,0.000,5.26,17.12
41.144,0.000,0.000,5.19,17.12
41.145,0.000,0.000,5.19,17.12
41.185,0.000,0.000,5.13,17.12
41.189,0.000,0.000,5.13,17.12
41.195,0.000,0.000,5.05,17.12
41.200,0.000,0.000,5.05,17.12
41.201,0.000,0.000,4.99,17.12
41.203,0.000,0.000,4.99,17.12
41.204,0.000,0.000,4.99,17.12
41.204,0.000,0.000,4.99,17.12
41.207,0.000,0.000,4.92,17.12
41.210,0.000,0.000,4.92,17.12
41.212,0.000,0.000,4.92,17.12
41.216,0.000,0.000,4.92,17.12
41.225,0.000,0.000,4.85,17.12
41.230,0.000,0.000,4.85,17.12
41.253,0.000,0.000,4.77,17.12
41.254,0.000,0.000,4.77,17.12
41.254,0.000,0.000,4.77,17.12
41.255,0.000,0.000,4.77,17.12
41.270,0.000,0.000,4.69,17.12
41.271,0.000,0.000,4.69,17.12
41.275,0.000,0.000,4.62,17.12
41.279,0.000,0.000,4.62,17.12
41.289,0.000,0.000,4.57,17.12
41.295,0.000,0.000,4.57,17.12
41.306,0.000,0.000,4.57,17.12
41.316,0.000,0.000,4.57,17.12
41.321,0.000,0.000,4.50,17.12
41.328,0.000,0.000,4.50,17.12
41.333,0.000,0.000,4.50,17.12
41.334,0.000,0.000,4.50,17.12
41.335,0.000,0.000,4.42,17.12
41.336,0.000,0.000,4.42,17.12
41.337,0.000,0.000,4.42,17.12
41.337,0.000,0.000,4.42,17.12
41.341,0.000,0.000,4.34,17.12
41.344,0.000,0.000,4.34,17.12
41.345,0.000,0.000,4.34,17.12
41.350,0.000,0.000,4.34,17.12
41.351,0.000,0.000,4.25,17.12
41.352,0.000,0.000,4.25,17.12
41.353,0.000,0.000,4.25,17.12
41.354,0.000,0.000,4.25,17.12
41.387,0.000,0.000,4.16,17.12
41.388,0.000,0.000,4.16,17.12
41.400,0.000,0.000,4.09,17.12
41.401,0.000,0.000,4.09,17.12
41.402,0.000,0.000,4.01,17.12
41.402,0.000,0.000,4.01,17.12
41.404,0.000,0.000,4.01,17.12
41.405,0.000,0.000,4.01,17.12
41.416,0.000,0.000,3.96,17.12
41.418,0.000,0.000,3.96,17.12
41.433,0.000,0.000,3.96,17.12
41.434,0.000,0.000,3.96,17.12
41.441,0.000,0.000,3.89,17.12
41.449,0.000,0.000,3.89,17.12
41.452,0.000,0.000,3.85,17.12
41.453,0.000,0.000,3.85,17.12
41.454,0.000,0.000,3.85,17.12
41.455,0.000,0.000,3.85,17.12
41.461,0.000,0.000,3.80,17.12
41.462,0.000,0.000,3.80,17.12
41.466,0.000,0.000,3.80,17.12
41.468,0.000,0.000,3.80,17.12
41.470,0.000,0.000,3.75,17.12
41.471,0.000,0.000,3.75,17.12
41.484,0.000,0.000,3.75,17.12
41.485,0.000,0.000,3.75,17.12
41.502,0.000,0.000,3.69,17.12
41.503,0.000,0.000,3.69,17.12
41.504,0.000,0.000,3.69,17.12
41.516,0.000,0.000,3.69,17.12
41.520,0.000,0.000,3.63,17.12
41.521,0.000,0.000,3.63,17.12
41.525,0.000,0.000,3.63,17.12
41.532,0.000,0.000,3.63,17.12
41.535,0.000,0.000,3.57,17.12
41.535,0.000,0.000,3.57,17.12
41.537,0.000,0.000,3.53,17.12
41.538,0.000,0.000,3.53,17.12
41.568,0.000,0.000,3.48,17.12
41.569,0.000,0.000,3.48,17.12
41.574,0.000,0.000,3.44,17.12
41.580,0.000,0.000,3.44,17.12
41.586,0.000,0.000,3.38,17.12
41.587,0.000,0.000,3.38,17.12
41.604,0.000,0.000,3.38,17.12
41.615,0.000,0.000,3.38,17.12
41.633,0.000,0.000,3.33,17.12
41.634,0.000,0.000,3.33,17.12
41.634,0.000,0.000,3.27,17.12
41.635,0.000,0.000,3.27,17.12
41.637,0.000,0.000,3.23,17.12
41.638,0.000,0.000,3.23,17.12
41.680,0.000,0.000,3.20,17.12
41.681,0.000,0.000,3.20,17.12
41.687,0.000,0.000,3.20,17.12
41.692,0.000,0.000,3.20,17.12
41.699,0.000,0.000,3.18,17.12
41.700,0.000,0.000,3.18,17.12
41.701,0.000,0.000,3.15,17.12
41.703,0.000,0.000,3.15,17.12
41.704,0.000,0.000,3.15,17.12
41.705,0.000,0.000,3.15,17.12
41.728,0.000,0.000,3.11,17.12
41.730,0.000,0.000,3.11,17.12
41.733,0.000,0.000,3.08,17.12
41.734,0.000,0.000,3.08,17.12
41.772,0.000,0.000,3.04,17.12
41.776,0.000,0.000,3.04,17.12
41.783,0.000,0.000,3.02,17.12
41.784,0.000,0.000,3.02,17.12
41.787,0.000,0.000,3.00,17.12
41.791,0.000,0.000,3.00,17.12
41.794,0.000,0.000,2.98,17.12
41.799,0.000,0.000,2.98,17.12
41.833,0.000,0.000,2.93,17.12
41.834,0.000,0.000,2.93,17.12
41.835,0.000,0.000,2.91,17.12
41.836,0.000,0.000,2.91,17.12
41.838,0.000,0.000,2.91,17.12
41.839,0.000,0.000,2.91,17.12
41.844,0.000,0.000,2.89,17.12
41.845,0.000,0.000,2.89,17.12
41.938,0.000,0.000,2.89,17.12
41.955,0.000,0.000,2.89,17.12
41.969,0.000,0.000,2.89,17.12
41.970,0.000,0.000,2.89,17.12
41.977,0.000,0.000,2.89,17.12
41.983,0.000,0.000,2.89,17.12
41.984,0.000,0.000,2.89,17.12
41.985,0.000,0.000,2.89,17.12
41.987,0.000,0.000,2.93,17.12
41.988,0.000,0.000,2.93,17.12
41.989,0.000,0.000,2.98,17.12
41.991,0.000,0.000,2.98,17.12
41.991,0.000,0.000,3.04,17.12
41.995,0.000,0.000,3.04,17.12
41.996,0.000,0.000,3.04,17.12
42.000,0.000,0.000,3.04,17.12
42.001,0.000,0.000,3.11,17.12
42.002,0.000,0.000,3.11,17.12
42.003,0.000,0.000,3.11,17.12
42.003,0.000,0.000,3.11,17.12
42.004,0.000,0.000,3.17,17.12
42.005,0.000,0.000,3.17,17.12
42.006,0.000,0.000,3.17,17.12
42.009,0.000,0.000,3.17,17.12
42.009,0.000,0.000,3.22,17.12
42.010,0.000,0.000,3.22,17.12
42.011,0.000,0.000,3.22,17.12
42.016,0.000,0.000,3.22,17.12
42.019,0.000,0.000,3.28,17.12
42.020,0.000,0.000,3.28,17.12
42.020,0.000,0.000,3.28,17.12
42.021,0.000,0.000,3.28,17.12
42.022,0.000,0.000,3.31,17.12
42.022,0.000,0.000,3.31,17.12
42.024,0.000,0.000,3.31,17.12
42.025,0.000,0.000,3.31,17.12
42.028,0.000,0.000,3.35,17.12
42.032,0.000,0.000,3.35,17.12
42.033,0.000,0.000,3.35,17.12
42.034,0.000,0.000,3.35,17.12
42.036,0.000,0.000,3.39,17.12
42.037,0.000,0.000,3.39,17.12
42.038,0.000,0.000,3.39,17.12
42.038,0.000,0.000,3.39,17.12
42.070,0.000,0.000,3.39,17.12
42.070,0.000,0.000,3.39,17.12
42.072,0.000,0.000,3.41,17.12
42.075,0.000,0.000,3.41,17.12
42.083,0.000,0.000,3.44,17.12
42.084,0.000,0.000,3.44,17.12
42.085,0.000,0.000,3.44,17.12
42.086,0.000,0.000,3.44,17.12
42.117,0.000,0.000,3.44,17.12
42.118,0.000,0.000,3.44,17.12
42.128,0.000,0.000,3.41,17.12
42.133,0.000,0.000,3.41,17.12
42.135,0.000,0.000,3.40,17.12
42.136,0.000,0.000,3.40,17.12
42.169,0.000,0.000,3.39,17.12
42.170,0.000,0.000,3.39,17.12
42.171,0.000,0.000,3.37,17.12
42.174,0.000,0.000,3.37,17.12
42.180,0.000,0.000,3.37,17.12
42.184,0.000,0.000,3.37,17.12
42.213,0.000,0.000,3.37,17.12
42.214,0.000,0.000,3.37,17.12
42.216,0.000,0.000,3.37,17.12
42.220,0.000,0.000,3.37,17.12
42.224,0.000,0.000,3.35,17.12
42.228,0.000,0.000,3.35,17.12
42.233,0.000,0.000,3.33,17.12
42.234,0.000,0.000,3.33,17.12
42.269,0.000,0.000,3.33,17.12
42.270,0.000,0.000,3.33,17.12
42.271,0.000,0.000,3.32,17.12
42.272,0.000,0.000,3.32,17.12
42.275,0.000,0.000,3.32,17.12
42.279,0.000,0.000,3.32,17.12
42.283,0.000,0.000,3.33,17.12
42.284,0.000,0.000,3.33,17.12
42.284,0.000,0.000,3.33,17.12
42.286,0.000,0.000,3.33,17.12
42.288,0.000,0.000,3.36,17.12
42.289,0.000,0.000,3.36,17.12
42.290,0.000,0.000,3.36,17.12
42.290,0.000,0.000,3.36,17.12
42.318,0.000,0.000,3.39,17.12
42.319,0.000,0.000,3.39,17.12
42.320,0.000,0.000,3.39,17.12
42.320,0.000,0.000,3.39,17.12
42.328,0.000,0.000,3.39,17.12
42.333,0.000,0.000,3.39,17.12
42.351,0.000,0.000,3.39,17.12
42.352,0.000,0.000,3.39,17.12
42.371,0.000,0.000,3.40,17.12
42.372,0.000,0.000,3.40,17.12
42.378,0.000,0.000,3.40,17.12
42.379,0.000,0.000,3.40,17.12
42.385,0.000,0.000,3.40,17.12
42.385,0.000,0.000,3.40,17.12
42.388,0.000,0.000,3.40,17.12
42.389,0.000,0.000,3.40,17.12
42.394,0.000,0.000,3.40,17.12
42.399,0.000,0.000,3.40,17.12
42.401,0.000,0.000,3.39,17.12
42.402,0.000,0.000,3.39,17.12
42.402,0.000,0.000,3.39,17.12
42.403,0.000,0.000,3.39,17.12
42.427,0.000,0.000,3.38,17.12
42.435,0.000,0.000,3.38,17.12
42.436,0.000,0.000,3.38,17.12
42.437,0.000,0.000,3.38,17.12
42.445,0.000,0.000,3.37,17.12
42.450,0.000,0.000,3.37,17.12
42.452,0.000,0.000,3.37,17.12
42.453,0.000,0.000,3.37,17.12
42.454,0.000,0.000,3.32,17.12
42.455,0.000,0.000,3.32,17.12
42.456,0.000,0.000,3.32,17.12
42.461,0.000,0.000,3.32,17.12
42.470,0.000,0.000,3.30,17.12
42.471,0.000,0.000,3.30,17.12
42.493,0.000,0.000,3.29,17.12
42.502,0.000,0.000,3.29,17.12
42.503,0.000,0.000,3.29,17.12
42.504,0.000,0.000,3.29,17.12
42.512,0.000,0.000,3.25,17.12
42.516,0.000,0.000,3.25,17.12
42.518,0.000,0.000,3.25,17.12
42.519,0.000,0.000,3.25,17.12
42.520,0.000,0.000,3.21,17.12
42.521,0.000,0.000,3.21,17.12
42.522,0.000,0.000,3.21,17.12
42.523,0.000,0.000,3.21,17.12
42.545,0.000,0.000,3.18,17.12
42.552,0.000,0.000,3.18,17.12
42.568,0.000,0.000,3.15,17.12
42.569,0.000,0.000,3.15,17.12
42.569,0.000,0.000,3.15,17.12
42.570,0.000,0.000,3.15,17.12
42.585,0.000,0.000,3.12,17.12
42.586,0.000,0.000,3.12,17.12
42.587,0.000,0.000,3.12,17.12
42.588,0.000,0.000,3.12,17.12
42.605,0.000,0.000,3.10,17.12
42.608,0.000,0.000,3.10,17.12
42.622,0.000,0.000,3.07,17.12
42.627,0.000,0.000,3.07,17.12
42.629,0.000,0.000,3.04,17.12
42.630,0.000,0.000,3.04,17.12
42.636,0.000,0.000,3.02,17.12
42.637,0.000,0.000,3.02,17.12
42.637,0.000,0.000,3.02,17.12
42.638,0.000,0.000,3.02,17.12
42.641,0.000,0.000,3.01,17.12
42.644,0.000,0.000,3.01,17.12
42.651,0.000,0.000,3.01,17.12
42.655,0.000,0.000,3.01,17.12
42.671,0.000,0.000,3.01,17.12
42.677,0.000,0.000,3.01,17.12
42.679,0.000,0.000,3.01,17.12
42.680,0.000,0.000,3.01,17.12
42.695,0.000,0.000,2.99,17.12
42.700,0.000,0.000,2.99,17.12
42.701,0.000,0.000,2.99,17.12
42.701,0.000,0.000,2.99,17.12
42.703,0.000,0.000,2.97,17.12
42.704,0.000,0.000,2.97,17.12
42.706,0.000,0.000,2.95,17.12
42.710,0.000,0.000,2.95,17.12
42.713,0.000,0.000,2.95,17.12
42.716,0.000,0.000,2.95,17.12
42.728,0.000,0.000,2.92,17.12
42.733,0.000,0.000,2.92,17.12
42.749,0.000,0.000,2.92,17.12
42.752,0.000,0.000,2.92,17.12
42.761,0.000,0.000,2.89,17.12
42.767,0.000,0.000,2.89,17.12
42.768,0.000,0.000,2.89,17.12
42.769,0.000,0.000,2.89,17.12
42.770,0.000,0.000,2.89,17.12
42.771,0.000,0.000,2.89,17.12
42.771,0.000,0.000,2.89,17.12
42.773,0.000,0.000,2.89,17.12
42.778,0.000,0.000,2.89,17.12
42.779,0.000,0.000,2.89,17.12
42.783,0.000,0.000,2.89,17.12
42.784,0.000,0.000,2.89,17.12
42.786,0.000,0.000,2.89,17.12
42.787,0.000,0.000,2.89,17.12
42.787,0.000,0.000,2.89,17.12
42.788,0.000,0.000,2.89,17.12
42.826,0.000,0.000,2.87,17.12
42.830,0.000,0.000,2.87,17.12
42.835,0.000,0.000,2.88,17.12
42.836,0.000,0.000,2.88,17.12
42.839,0.000,0.000,2.89,17.12
42.841,0.000,0.000,2.89,17.12
42.844,0.000,0.000,2.89,17.12
42.845,0.000,0.000,2.89,17.12
42.849,0.000,0.000,2.90,17.12
42.850,0.000,0.000,2.90,17.12
42.866,0.000,0.000,2.90,17.12
42.869,0.000,0.000,2.90,17.12
42.900,0.000,0.000,2.91,17.12
42.901,0.000,0.000,2.91,17.12
42.902,0.000,0.000,2.91,17.12
42.903,0.000,0.000,2.91,17.12
42.909,0.000,0.000,2.91,17.12
42.911,0.000,0.000,2.91,17.12
42.916,0.000,0.000,2.87,17.12
42.918,0.000,0.000,2.87,17.12
42.935,0.000,0.000,2.87,17.12
42.936,0.000,0.000,2.87,17.12
42.954,0.000,0.000,2.85,17.12
42.955,0.000,0.000,2.85,17.12
42.956,0.000,0.000,2.84,17.12
42.962,0.000,0.000,2.84,17.12
42.966,0.000,0.000,2.84,17.12
42.967,0.000,0.000,2.84,17.12
42.967,0.000,0.000,2.84,17.12
42.968,0.000,0.000,2.84,17.12
43.000,0.000,0.000,2.82,17.12
43.001,0.000,0.000,2.82,17.12
43.004,0.000,0.000,2.82,17.12
43.005,0.000,0.000,2.82,17.12
43.008,0.000,0.000,2.82,17.12
43.013,0.000,0.000,2.82,17.12
43.020,0.000,0.000,2.80,17.12
43.022,0.000,0.000,2.80,17.12
43.037,0.000,0.000,2.74,17.12
43.039,0.000,0.000,2.74,17.12
43.048,0.000,0.000,2.74,17.12
43.050,0.000,0.000,2.74,17.12
43.068,0.000,0.000,2.68,17.12
43.068,0.000,0.000,2.68,17.12
43.069,0.000,0.000,2.68,17.12
43.070,0.000,0.000,2.68,17.12
43.072,0.000,0.000,2.64,17.12
43.074,0.000,0.000,2.64,17.12
43.077,0.000,0.000,2.64,17.12
43.078,0.000,0.000,2.64,17.12
43.083,0.000,0.000,2.59,17.12
43.084,0.000,0.000,2.59,17.12
43.102,0.000,0.000,2.54,17.12
43.103,0.000,0.000,2.54,17.12
43.120,0.000,0.000,2.50,17.12
43.122,0.000,0.000,2.50,17.12
43.125,0.000,0.000,2.50,17.12
43.129,0.000,0.000,2.50,17.12
43.133,0.000,0.000,2.46,17.12
43.135,0.000,0.000,2.46,17.12
43.136,0.000,0.000,2.43,17.12
43.137,0.000,0.000,2.43,17.12
43.164,0.000,0.000,2.40,17.12
43.168,0.000,0.000,2.40,17.12
43.171,0.000,0.000,2.38,17.12
43.172,0.000,0.000,2.38,17.12
43.179,0.000,0.000,2.38,17.12
43.184,0.000,0.000,2.38,17.12
43.186,0.000,0.000,2.38,17.12
43.187,0.000,0.000,2.38,17.12
43.187,0.000,0.000,2.38,17.12
43.191,0.000,0.000,2.38,17.12
43.220,0.000,0.000,2.38,17.12
43.221,0.000,0.000,2.38,17.12
43.232,0.000,0.000,2.42,17.12
43.233,0.000,0.000,2.42,17.12
43.237,0.000,0.000,2.45,17.12
43.238,0.000,0.000,2.45,17.12
43.239,0.000,0.000,2.45,17.12
43.241,0.000,0.000,2.45,17.12
43.267,0.000,0.000,2.48,17.12
43.268,0.000,0.000,2.48,17.12
43.269,0.000,0.000,2.48,17.12
43.270,0.000,0.000,2.48,17.12
43.277,0.000,0.000,2.49,17.12
43.285,0.000,0.000,2.49,17.12
43.287,0.000,0.000,2.51,17.12
43.287,0.000,0.000,2.51,17.12
43.288,0.000,0.000,2.51,17.12
43.301,0.000,0.000,2.51,17.12
43.318,0.000,0.000,2.49,17.12
43.318,0.000,0.000,2.49,17.12
43.319,0.000,0.000,2.49,17.12
43.320,0.000,0.000,2.49,17.12
43.336,0.000,0.000,2.47,17.12
43.337,0.000,0.000,2.47,17.12
43.338,0.000,0.000,2.50,17.12
43.339,0.000,0.000,2.50,17.12
43.349,0.000,0.000,2.51,17.12
43.350,0.000,0.000,2.51,17.12
43.352,0.000,0.000,2.51,17.12
43.353,0.000,0.000,2.51,17.12
43.383,0.000,0.000,2.52,17.12
43.384,0.000,0.000,2.52,17.12
43.386,0.000,0.000,2.52,17.12
43.387,0.000,0.000,2.52,17.12
43.389,0.000,0.000,2.51,17.12
43.392,0.000,0.000,2.51,17.12
43.400,0.000,0.000,2.53,17.12
43.404,0.000,0.000,2.53,17.12
43.433,0.000,0.000,2.55,17.12
43.434,0.000,0.000,2.55,17.12
43.438,0.000,0.000,2.55,17.12
43.438,0.000,0.000,2.55,17.12
43.452,0.000,0.000,2.56,17.12
43.453,0.000,0.000,2.56,17.12
43.454,0.000,0.000,2.56,17.12
43.455,0.000,0.000,2.56,17.12
43.458,0.000,0.000,2.57,17.12
43.460,0.000,0.000,2.57,17.12
43.462,0.000,0.000,2.57,17.12
43.466,0.000,0.000,2.57,17.12
43.469,0.000,0.000,2.58,17.12
43.470,0.000,0.000,2.58,17.12
43.470,0.000,0.000,2.58,17.12
43.471,0.000,0.000,2.58,17.12
43.475,0.000,0.000,2.62,17.12
43.476,0.000,0.000,2.62,17.12
43.484,0.000,0.000,2.62,17.12
43.485,0.000,0.000,2.62,17.12
43.502,0.000,0.000,2.71,17.12
43.503,0.000,0.000,2.71,17.12
43.518,0.000,0.000,2.71,17.12
43.525,0.000,0.000,2.71,17.12
43.527,0.000,0.000,2.83,17.12
43.532,0.000,0.000,2.83,17.12
43.534,0.000,0.000,2.95,17.12
43.534,0.000,0.000,2.95,17.12
43.537,0.000,0.000,2.95,17.12
43.538,0.000,0.000,2.95,17.12
43.538,0.000,0.000,3.10,17.12
43.539,0.000,0.000,3.10,17.12
43.544,0.000,0.000,3.10,17.12
43.549,0.000,0.000,3.10,17.12
43.551,0.000,0.000,3.30,17.12
43.552,0.000,0.000,3.30,17.12
43.568,0.000,0.000,3.30,17.12
43.569,0.000,0.000,3.30,17.12
43.594,0.000,0.000,3.48,17.12
43.595,0.000,0.000,3.48,17.12
43.600,0.000,0.000,3.48,17.12
43.601,0.000,0.000,3.48,17.12
43.602,0.000,0.000,3.72,17.12
43.603,0.000,0.000,3.72,17.12
43.604,0.000,0.000,3.72,17.12
43.604,0.000,0.000,3.72,17.12
43.611,0.000,0.000,3.99,17.12
43.612,0.000,0.000,3.99,17.12
43.616,0.000,0.000,3.99,17.12
43.617,0.000,0.000,3.99,17.12
43.619,0.000,0.000,4.24,17.12
43.620,0.000,0.000,4.24,17.12
43.620,0.000,0.000,4.24,17.12
43.621,0.000,0.000,4.24,17.12
43.653,0.000,0.000,4.48,17.12
43.654,0.000,0.000,4.48,17.12
43.663,0.000,0.000,4.71,17.12
43.664,0.000,0.000,4.71,17.12
43.669,0.000,0.000,4.71,17.12
43.670,0.000,0.000,4.71,17.12
43.675,0.000,0.000,4.90,17.12
43.682,0.000,0.000,4.90,17.12
43.683,0.000,0.000,4.90,17.12
43.685,0.000,0.000,4.90,17.12
43.699,0.000,0.000,5.09,17.12
43.700,0.000,0.000,5.09,17.12
43.717,0.000,0.000,5.28,17.12
43.718,0.000,0.000,5.28,17.12
43.719,0.000,0.000,5.51,17.12
43.720,0.000,0.000,5.51,17.12
43.727,0.000,0.000,5.51,17.12
43.728,0.000,0.000,5.51,17.12
43.732,0.000,0.000,5.77,17.12
43.733,0.000,0.000,5.77,17.12
43.770,0.000,0.000,5.91,17.12
43.771,0.000,0.000,5.91,17.12
43.772,0.000,0.000,6.03,17.12
43.773,0.000,0.000,6.03,17.12
43.783,0.000,0.000,6.22,17.12
43.786,0.000,0.000,6.22,17.12
43.801,0.000,0.000,6.22,17.12
43.802,0.000,0.000,6.22,17.12
43.826,0.000,0.000,6.29,17.12
43.833,0.000,0.000,6.29,17.12
43.834,0.000,0.000,6.29,17.12
43.835,0.000,0.000,6.29,17.12
43.836,0.000,0.000,6.29,17.12
43.837,0.000,0.000,6.29,17.12
43.841,0.000,0.000,6.27,17.12
43.844,0.000,0.000,6.27,17.12
43.845,0.000,0.000,6.27,17.12
43.849,0.000,0.000,6.27,17.12
43.850,0.000,0.000,6.21,17.12
43.851,0.000,0.000,6.21,17.12
43.853,0.000,0.000,6.21,17.12
43.854,0.000,0.000,6.21,17.12
43.868,0.000,0.000,6.15,17.12
43.869,0.000,0.000,6.15,17.12
43.870,0.000,0.000,6.15,17.12
43.870,0.000,0.000,6.15,17.12
43.893,0.000,0.000,6.10,17.12
43.900,0.000,0.000,6.10,17.12
43.901,0.000,0.000,6.10,17.12
43.901,0.000,0.000,6.10,17.12
43.903,0.000,0.000,6.07,17.12
43.904,0.000,0.000,6.07,17.12
43.909,0.000,0.000,6.07,17.12
43.911,0.000,0.000,6.07,17.12
43.912,0.000,0.000,6.05,17.12
43.913,0.000,0.000,6.05,17.12
43.917,0.000,0.000,6.05,17.12
43.918,0.000,0.000,6.05,17.12
43.919,0.000,0.000,6.05,17.12
43.920,0.000,0.000,6.05,17.12
43.935,0.000,0.000,6.05,17.12
43.937,0.000,0.000,6.05,17.12
43.961,0.000,0.000,6.05,17.12
43.963,0.000,0.000,6.05,17.12
43.968,0.000,0.000,6.05,17.12
43.969,0.000,0.000,6.05,17.12
43.970,0.000,0.000,6.04,17.12
43.971,0.000,0.000,6.04,17.12
43.977,0.000,0.000,6.03,17.12
43.978,0.000,0.000,6.03,17.12
43.979,0.000,0.000,6.03,17.12
43.980,0.000,0.000,6.03,17.12
44.002,0.000,0.000,6.02,17.12
44.003,0.000,0.000,6.02,17.12
44.004,0.000,0.000,6.02,17.12
44.004,0.000,0.000,6.02,17.12
44.037,0.000,0.000,6.04,17.12
44.038,0.000,0.000,6.04,17.12
44.039,0.000,0.000,6.04,17.12
44.040,0.000,0.000,6.04,17.12
44.041,0.000,0.000,6.04,17.12
44.043,0.000,0.000,6.04,17.12
44.046,0.000,0.000,6.04,17.12
44.050,0.000,0.000,6.04,17.12
44.053,0.000,0.000,5.99,17.12
44.053,0.000,0.000,5.99,17.12
44.054,0.000,0.000,5.99,17.12
44.055,0.000,0.000,5.99,17.12
44.058,0.000,0.000,5.97,17.12
44.061,0.000,0.000,5.97,17.12
44.068,0.000,0.000,5.92,17.12
44.072,0.000,0.000,5.92,17.12
44.102,0.000,0.000,5.92,17.12
44.103,0.000,0.000,5.92,17.12
44.104,0.000,0.000,5.85,17.12
44.105,0.000,0.000,5.85,17.12
44.120,0.000,0.000,5.85,17.12
44.121,0.000,0.000,5.85,17.12
44.122,0.000,0.000,5.79,17.12
44.124,0.000,0.000,5.79,17.12
44.128,0.000,0.000,5.79,17.12
44.129,0.000,0.000,5.79,17.12
44.133,0.000,0.000,5.78,17.12
44.134,0.000,0.000,5.78,17.12
44.137,0.000,0.000,5.74,17.12
44.137,0.000,0.000,5.74,17.12
44.138,0.000,0.000,5.74,17.12
44.143,0.000,0.000,5.74,17.12
44.145,0.000,0.000,5.72,17.12
44.146,0.000,0.000,5.72,17.12
44.147,0.000,0.000,5.72,17.12
44.147,0.000,0.000,5.72,17.12
44.172,0.000,0.000,5.65,17.12
44.174,0.000,0.000,5.65,17.12
44.183,0.000,0.000,5.59,17.12
44.184,0.000,0.000,5.59,17.12
44.190,0.000,0.000,5.55,17.12
44.195,0.000,0.000,5.55,17.12
44.200,0.000,0.000,5.55,17.12
44.201,0.000,0.000,5.55,17.12
44.237,0.000,0.000,5.47,17.12
44.238,0.000,0.000,5.47,17.12
44.242,0.000,0.000,5.47,17.12
44.243,0.000,0.000,5.47,17.12
44.244,0.000,0.000,5.37,17.12
44.250,0.000,0.000,5.37,17.12
44.253,0.000,0.000,5.37,17.12
44.254,0.000,0.000,5.37,17.12
44.254,0.000,0.000,5.25,17.12
44.255,0.000,0.000,5.25,17.12
44.256,0.000,0.000,5.25,17.12
44.258,0.000,0.000,5.25,17.12
44.262,0.000,0.000,5.08,17.12
44.267,0.000,0.000,5.08,17.12
44.267,0.000,0.000,5.08,17.12
44.268,0.000,0.000,5.08,17.12
44.289,0.000,0.000,4.89,17.12
44.297,0.000,0.000,4.89,17.12
44.302,0.000,0.000,4.89,17.12
44.303,0.000,0.000,4.89,17.12
44.305,0.000,0.000,4.73,17.12
44.311,0.000,0.000,4.73,17.12
44.317,0.000,0.000,4.68,17.12
44.318,0.000,0.000,4.68,17.12
44.318,0.000,0.000,4.68,17.12
44.319,0.000,0.000,4.68,17.12
44.321,0.000,0.000,4.71,17.12
44.321,0.000,0.000,4.71,17.12
44.322,0.000,0.000,4.71,17.12
44.326,0.000,0.000,4.71,17.12
44.358,0.000,0.000,4.76,17.12
44.363,0.000,0.000,4.76,17.12
44.364,0.000,0.000,4.76,17.12
44.370,0.000,0.000,4.76,17.12
44.379,0.000,0.000,4.92,17.12
44.383,0.000,0.000,4.92,17.12
44.386,0.000,0.000,5.20,17.12
44.387,0.000,0.000,5.20,17.12
44.387,0.000,0.000,5.20,17.12
44.388,0.000,0.000,5.20,17.12
44.389,0.000,0.000,5.52,17.12
44.395,0.000,0.000,5.52,17.12
44.399,0.000,0.000,5.52,17.12
44.400,0.000,0.000,5.52,17.12
44.402,0.000,0.000,5.88,17.12
44.403,0.000,0.000,5.88,17.12
44.404,0.000,0.000,5.88,17.12
44.405,0.000,0.000,5.88,17.12
44.456,0.000,0.000,6.25,17.12
44.462,0.000,0.000,6.25,17.12
44.468,0.000,0.000,6.64,17.12
44.469,0.000,0.000,6.64,17.12
44.470,0.000,0.000,7.07,17.12
44.470,0.000,0.000,7.07,17.12
44.471,0.000,0.000,7.07,17.12
44.472,0.000,0.000,7.07,17.12
44.475,0.000,0.000,7.67,17.12
44.478,0.000,0.000,7.67,17.12
44.489,0.000,0.000,7.67,17.12
44.495,0.000,0.000,7.67,17.12
44.498,0.000,0.000,8.27,17.12
44.503,0.000,0.000,8.27,17.12
44.516,0.000,0.000,8.27,17.12
44.517,0.000,0.000,8.27,17.12
44.518,0.000,0.000,9.06,17.12
44.519,0.000,0.000,9.06,17.12
44.520,0.000,0.000,9.06,17.12
44.520,0.000,0.000,9.06,17.12
44.544,0.000,0.000,9.80,17.12
44.549,0.000,0.000,9.80,17.12
44.550,0.000,0.000,9.80,17.12
44.551,0.000,0.000,9.80,17.12
44.552,0.000,0.000,10.49,17.12
44.553,0.000,0.000,10.49,17.12
44.554,0.000,0.000,10.49,17.12
44.555,0.000,0.000,10.49,17.12
44.558,0.000,0.000,11.06,17.12
44.562,0.000,0.000,11.06,17.12
44.567,0.000,0.000,11.06,17.12
44.567,0.000,0.000,11.06,17.12
44.569,0.000,0.000,11.64,15.13
44.570,0.000,0.000,11.64,13.53
44.571,0.000,0.000,11.64,12.26
44.572,0.000,0.000,11.64,11.24
44.619,0.000,0.000,12.49,10.52
44.621,0.000,0.000,12.49,9.94
44.622,0.000,0.000,12.49,9.48
44.625,0.000,0.000,12.49,9.12
44.632,0.000,0.000,13.43,8.93
44.634,0.000,0.000,13.43,8.78
44.636,0.000,0.000,14.24,8.76
44.637,0.000,0.000,14.24,8.74
44.638,0.000,0.000,14.24,8.72
44.639,0.000,0.000,14.24,8.70
44.642,0.000,0.000,15.15,8.80
44.645,0.000,0.000,15.15,8.87
44.649,0.000,0.000,15.15,8.93
44.651,0.000,0.000,15.15,8.97
44.653,0.000,0.000,16.58,9.17
44.653,0.000,0.000,16.58,9.33
44.654,0.000,0.000,16.58,9.45
44.655,0.000,0.000,16.58,9.55
44.669,0.000,0.000,18.35,9.82
44.670,0.000,0.000,18.35,10.04
44.671,0.000,0.000,18.35,10.21
44.672,0.000,0.000,18.35,10.35
44.700,0.000,0.000,20.04,10.63
44.701,0.000,0.000,20.04,10.86
44.702,0.000,0.000,20.04,11.04
44.703,0.000,0.000,20.04,11.19
44.703,0.000,0.000,21.70,11.47
44.704,0.000,0.000,21.70,11.70
44.705,0.000,0.000,21.70,11.88
44.708,0.000,0.000,21.70,12.02
44.709,0.000,0.000,23.34,12.30
44.712,0.000,0.000,23.34,12.51
44.718,0.000,0.000,23.34,12.69
44.719,0.000,0.000,23.34,12.83
44.721,0.000,0.000,24.87,13.08
44.721,0.000,0.000,24.87,13.28
44.722,0.000,0.000,24.87,13.44
44.725,0.000,0.000,24.87,13.57
44.754,0.000,0.000,26.30,13.80
44.755,0.000,0.000,26.30,13.98
44.762,0.000,0.000,27.72,14.24
44.763,0.000,0.000,27.72,14.45
44.792,0.000,0.000,29.25,14.74
44.793,0.000,0.000,29.25,14.97
44.794,0.000,0.000,30.76,15.27
44.802,0.000,0.000,30.76,15.51
44.805,0.000,0.000,32.16,15.79
44.805,0.000,0.000,32.16,16.02
44.810,0.000,0.000,32.16,16.21
44.812,0.000,0.000,32.16,16.35
44.829,0.000,0.000,33.42,16.55
44.835,0.000,0.000,33.42,16.71
44.856,0.000,0.000,33.42,16.84
44.861,0.000,0.000,33.42,16.94
44.862,0.000,0.000,34.82,17.11
44.863,0.000,0.000,34.82,17.24
44.864,0.000,0.000,34.82,17.34
44.864,0.000,0.000,34.82,17.43
44.869,0.000,0.000,36.07,17.57
44.870,0.000,0.000,36.07,17.68
44.875,0.000,0.000,37.17,17.82
44.878,0.000,0.000,37.17,17.94
44.883,0.000,0.000,38.13,18.07
44.896,0.000,0.000,38.13,18.18
44.900,0.000,0.000,38.13,18.27
44.902,0.000,0.000,38.13,18.34
44.918,0.000,0.000,39.02,18.44
44.919,0.000,0.000,39.02,18.51
44.934,0.000,0.000,39.83,18.61
44.935,0.000,0.000,39.83,18.69
44.936,0.000,0.000,39.83,18.75
44.937,0.000,0.000,39.83,18.79
44.938,0.000,0.000,40.63,18.86
44.939,0.000,0.000,40.63,18.92
44.949,0.000,0.000,41.44,18.99
44.952,0.000,0.000,41.44,19.05
44.985,0.000,0.000,42.09,19.12
44.986,0.000,0.000,42.09,19.17
44.987,0.000,0.000,42.67,19.23
44.991,0.000,0.000,42.67,19.28
45.000,0.000,0.000,43.29,19.33
45.003,0.000,0.000,43.29,19.38
45.004,0.000,0.000,43.29,19.41
45.005,0.000,0.000,43.29,19.44
45.018,0.000,0.000,43.88,19.48
45.021,0.000,0.000,43.88,19.51
45.047,0.000,0.000,43.88,19.54
45.051,0.000,0.000,43.88,19.55
45.052,0.000,0.000,44.47,19.58
45.053,0.000,0.000,44.47,19.61
45.056,0.000,0.000,44.47,19.63
45.058,0.000,0.000,44.47,19.64
45.067,0.000,0.000,45.05,19.66
45.068,0.000,0.000,45.05,19.68
45.068,0.000,0.000,45.58,19.71
45.069,0.000,0.000,45.58,19.73
45.071,0.000,0.000,46.09,19.75
45.072,0.000,0.000,46.09,19.77
45.073,0.000,0.000,46.09,19.79
45.078,0.000,0.000,46.09,19.80
45.104,0.000,0.000,46.49,19.82
45.105,0.000,0.000,46.49,19.83
45.114,0.000,0.000,46.77,19.84
45.117,0.000,0.000,46.77,19.85
45.119,0.000,0.000,46.99,19.86
45.119,0.000,0.000,46.99,19.87
45.134,0.000,0.000,46.99,19.88
45.135,0.000,0.000,46.99,19.89
45.151,0.000,0.000,47.25,19.89
45.152,0.000,0.000,47.25,19.90
45.155,0.000,0.000,47.45,19.91
45.164,0.000,0.000,47.45,19.91
45.188,0.000,0.000,47.64,19.92
45.189,0.000,0.000,47.64,19.92
45.201,0.000,0.000,47.82,19.93
45.202,0.000,0.000,47.82,19.94
45.218,0.000,0.000,48.01,19.94
45.219,0.000,0.000,48.01,19.94
45.220,0.000,0.000,48.01,19.95
45.221,0.000,0.000,48.01,19.95
45.239,0.000,0.000,48.19,19.95
45.240,0.000,0.000,48.19,19.96
45.246,0.000,0.000,48.19,19.96
45.252,0.000,0.000,48.19,19.96
45.267,0.000,0.000,48.30,19.96
45.268,0.000,0.000,48.30,19.96
45.268,0.000,0.000,48.33,19.97
45.269,0.000,0.000,48.33,19.97
45.272,0.000,0.000,48.34,19.97
45.273,0.000,0.000,48.34,19.97
45.277,0.000,0.000,48.34,19.97
45.282,0.000,0.000,48.34,19.97
45.284,0.000,0.000,48.32,19.97
45.285,0.000,0.000,48.32,19.97
45.286,0.000,0.000,48.32,19.97
45.286,0.000,0.000,48.32,19.97
45.318,0.000,0.000,48.32,19.97
45.319,0.000,0.000,48.32,19.97
45.325,0.000,0.000,48.27,20.00
45.333,0.000,0.000,48.27,20.01
45.335,0.000,0.000,48.18,20.29
45.335,0.000,0.000,48.18,20.52
45.337,0.000,0.000,48.18,20.70
45.337,0.000,0.000,48.18,20.84
45.370,0.000,0.000,48.08,21.10
45.371,0.000,0.000,48.08,21.30
45.379,0.000,0.000,47.92,21.63
45.380,0.000,0.000,47.92,21.89
45.385,0.000,0.000,47.73,22.42
45.386,0.000,0.000,47.73,22.85
45.413,0.000,0.000,47.52,23.60
45.417,0.000,0.000,47.52,24.20
45.418,0.000,0.000,47.52,24.68
45.419,0.000,0.000,47.52,25.07
45.422,0.000,0.000,47.31,25.41
45.428,0.000,0.000,47.31,25.69
45.434,0.000,0.000,47.06,26.15
45.435,0.000,0.000,47.06,26.52
45.464,0.000,0.000,46.78,27.11
45.468,0.000,0.000,46.78,27.58
45.469,0.000,0.000,46.78,27.96
45.470,0.000,0.000,46.78,28.26
45.471,0.000,0.000,46.54,28.53
45.475,0.000,0.000,46.54,28.75
45.480,0.000,0.000,46.33,28.79
45.484,0.000,0.000,46.33,28.82
45.485,0.000,0.000,46.33,28.85
45.486,0.000,0.000,46.33,28.87
45.488,0.000,0.000,46.13,28.90
45.489,0.000,0.000,46.13,28.93
45.519,0.000,0.000,45.96,28.85
45.520,0.000,0.000,45.96,28.78
45.521,0.000,0.000,45.96,28.72
45.526,0.000,0.000,45.96,28.68
45.533,0.000,0.000,45.82,28.35
45.536,0.000,0.000,45.82,28.09
45.537,0.000,0.000,45.69,27.71
45.541,0.000,0.000,45.69,27.41
45.551,0.000,0.000,45.69,27.17
45.553,0.000,0.000,45.69,26.97
45.575,0.000,0.000,45.52,26.76
45.577,0.000,0.000,45.52,26.58
45.579,0.000,0.000,45.52,26.44
45.585,0.000,0.000,45.52,26.33
45.600,0.000,0.000,45.35,26.18
45.601,0.000,0.000,45.35,26.06
45.602,0.000,0.000,45.24,25.86
45.602,0.000,0.000,45.24,25.71
45.603,0.000,0.000,45.24,25.59
45.604,0.000,0.000,45.24,25.49
45.611,0.000,0.000,45.20,25.27
45.612,0.000,0.000,45.20,25.10
45.651,0.000,0.000,45.15,24.82
45.652,0.000,0.000,45.15,24.60
45.667,0.000,0.000,45.15,24.43
45.672,0.000,0.000,45.15,24.29
45.672,0.000,0.000,45.06,24.05
45.677,0.000,0.000,45.06,23.86
45.678,0.000,0.000,45.06,23.70
45.679,0.000,0.000,45.06,23.58
45.683,0.000,0.000,44.98,23.37
45.684,0.000,0.000,44.98,23.20
45.686,0.000,0.000,44.99,22.86
45.686,0.000,0.000,44.99,22.59
45.687,0.000,0.000,44.99,22.37
45.688,0.000,0.000,44.99,22.20
45.693,0.000,0.000,45.04,21.94
45.695,0.000,0.000,45.04,21.73
45.699,0.000,0.000,45.04,21.57
45.700,0.000,0.000,45.04,21.43
45.702,0.000,0.000,45.11,21.15
45.703,0.000,0.000,45.11,20.93
45.704,0.000,0.000,45.11,20.75
45.705,0.000,0.000,45.11,20.61
45.733,0.000,0.000,45.16,20.44
45.734,0.000,0.000,45.16,20.31
45.742,0.000,0.000,45.20,20.20
45.746,0.000,0.000,45.20,20.11
45.750,0.000,0.000,45.27,20.05
45.751,0.000,0.000,45.27,19.99
45.780,0.000,0.000,45.35,19.95
45.783,0.000,0.000,45.35,19.92
45.786,0.000,0.000,45.47,19.90
45.787,0.000,0.000,45.47,19.88
45.788,0.000,0.000,45.47,19.86
45.789,0.000,0.000,45.47,19.85
45.800,0.000,0.000,45.63,19.84
45.802,0.000,0.000,45.63,19.83
45.803,0.000,0.000,45.63,19.83
45.804,0.000,0.000,45.63,19.83
45.809,0.000,0.000,45.86,19.83
45.817,0.000,0.000,45.86,19.83
45.841,0.000,0.000,45.86,19.83
45.842,0.000,0.000,45.86,19.83
45.857,0.000,0.000,46.08,19.83
45.858,0.000,0.000,46.08,19.84
45.859,0.000,0.000,46.27,19.84
45.867,0.000,0.000,46.27,19.85
45.870,0.000,0.000,46.52,19.85
45.871,0.000,0.000,46.52,19.86
45.872,0.000,0.000,46.81,19.87
45.875,0.000,0.000,46.81,19.87
45.884,0.000,0.000,46.81,19.88
45.885,0.000,0.000,46.81,19.88
45.916,0.000,0.000,47.14,19.89
45.917,0.000,0.000,47.14,19.90
45.918,0.000,0.000,47.42,19.90
45.919,0.000,0.000,47.42,19.91
45.920,0.000,0.000,47.42,19.91
45.921,0.000,0.000,47.42,19.92
45.924,0.000,0.000,47.67,19.92
45.928,0.000,0.000,47.67,19.93
45.929,0.000,0.000,47.67,19.93
45.933,0.000,0.000,47.67,19.93
45.935,0.000,0.000,47.89,19.94
45.936,0.000,0.000,47.89,19.94
45.949,0.000,0.000,47.89,19.95
45.953,0.000,0.000,47.89,19.95
45.971,0.000,0.000,48.08,19.95
45.972,0.000,0.000,48.08,19.95
45.978,0.000,0.000,48.08,19.96
45.979,0.000,0.000,48.08,19.96
45.983,0.000,0.000,48.26,19.96
45.985,0.000,0.000,48.26,19.96
45.987,0.000,0.000,48.26,19.96
45.988,0.000,0.000,48.26,19.96
45.989,0.000,0.000,48.36,19.97
45.992,0.000,0.000,48.36,19.97
45.993,0.000,0.000,48.36,19.97
45.994,0.000,0.000,48.36,19.97
46.034,0.000,0.000,48.42,19.97
46.035,0.000,0.000,48.42,19.97
46.035,0.000,0.000,48.42,19.97
46.036,0.000,0.000,48.42,19.97
46.039,0.000,0.000,48.36,19.97
46.039,0.000,0.000,48.36,19.97
46.040,0.000,0.000,48.36,19.97
46.041,0.000,0.000,48.36,19.97
46.054,0.000,0.000,48.26,20.04
46.055,0.000,0.000,48.26,20.10
46.086,0.000,0.000,48.26,20.14
46.087,0.000,0.000,48.26,20.17
46.092,0.000,0.000,48.09,20.59
46.093,0.000,0.000,48.09,20.92
46.094,0.000,0.000,48.09,21.18
46.102,0.000,0.000,48.09,21.40
46.104,0.000,0.000,47.84,21.98
46.105,0.000,0.000,47.84,22.45
46.106,0.000,0.000,47.54,23.27
46.111,0.000,0.000,47.54,23.92
46.116,0.000,0.000,47.21,24.88
46.118,0.000,0.000,47.21,25.65
46.119,0.000,0.000,47.21,26.26
46.120,0.000,0.000,47.21,26.75
46.154,0.000,0.000,46.81,27.51
46.155,0.000,0.000,46.81,28.12
46.165,0.000,0.000,46.33,28.97
46.166,0.000,0.000,46.33,29.65
46.170,0.000,0.000,45.82,30.72
46.171,0.000,0.000,45.82,31.59
46.208,0.000,0.000,45.28,32.73
46.209,0.000,0.000,45.28,33.65
46.216,0.000,0.000,45.28,34.38
46.218,0.000,0.000,45.28,34.97
46.219,0.000,0.000,44.63,35.79
46.220,0.000,0.000,44.63,36.45
46.221,0.000,0.000,44.63,36.97
46.222,0.000,0.000,44.63,37.39
46.226,0.000,0.000,43.93,38.25
46.232,0.000,0.000,43.93,38.93
46.234,0.000,0.000,43.93,39.47
46.235,0.000,0.000,43.93,39.91
46.235,0.000,0.000,43.19,40.68
46.236,0.000,0.000,43.19,41.29
46.238,0.000,0.000,43.19,41.78
46.239,0.000,0.000,43.19,42.17
46.254,0.000,0.000,42.39,42.68
46.255,0.000,0.000,42.39,43.09
46.262,0.000,0.000,42.39,43.42
46.268,0.000,0.000,42.39,43.69
46.287,0.000,0.000,41.54,44.20
46.288,0.000,0.000,41.54,44.62
46.289,0.000,0.000,41.54,44.95
46.292,0.000,0.000,41.54,45.21
46.295,0.000,0.000,40.62,45.58
46.300,0.000,0.000,40.62,45.87
46.303,0.000,0.000,39.67,46.17
46.304,0.000,0.000,39.67,46.41
46.304,0.000,0.000,39.67,46.61
46.305,0.000,0.000,39.67,46.76
46.306,0.000,0.000,39.67,46.89
46.308,0.000,0.000,39.67,46.99
46.312,0.000,0.000,38.69,46.97
46.313,0.000,0.000,38.69,46.95
46.326,0.000,0.000,38.69,46.93
46.333,0.000,0.000,38.69,46.92
46.350,0.000,0.000,37.69,46.80
46.352,0.000,0.000,37.69,46.70
46.353,0.000,0.000,36.63,46.49
46.354,0.000,0.000,36.63,46.33
46.368,0.000,0.000,36.63,46.19
46.369,0.000,0.000,36.63,46.08
46.369,0.000,0.000,35.53,45.85
46.371,0.000,0.000,35.53,45.67
46.371,0.000,0.000,35.53,45.52
46.372,0.000,0.000,35.53,45.40
46.375,0.000,0.000,34.41,45.14
46.379,0.000,0.000,34.41,44.94
46.416,0.000,0.000,33.30,44.60
46.417,0.000,0.000,33.30,44.34
46.418,0.000,0.000,32.18,43.94
46.419,0.000,0.000,32.18,43.63
46.421,0.000,0.000,31.02,43.18
46.422,0.000,0.000,31.02,42.82
46.423,0.000,0.000,31.02,42.53
46.424,0.000,0.000,31.02,42.30
46.437,0.000,0.000,29.82,41.89
46.438,0.000,0.000,29.82,41.57
46.461,0.000,0.000,29.82,41.31
46.469,0.000,0.000,29.82,41.11
46.470,0.000,0.000,28.70,40.73
46.471,0.000,0.000,28.70,40.43
46.479,0.000,0.000,27.55,39.96
46.483,0.000,0.000,27.55,39.58
46.484,0.000,0.000,27.55,39.28
46.485,0.000,0.000,27.55,39.04
46.487,0.000,0.000,26.49,38.62
46.488,0.000,0.000,26.49,38.29
46.492,0.000,0.000,26.49,38.03
46.495,0.000,0.000,26.49,37.81
46.504,0.000,0.000,25.37,37.41
46.505,0.000,0.000,25.37,37.08
46.506,0.000,0.000,25.37,36.82
46.512,0.000,0.000,25.37,36.61
46.535,0.000,0.000,24.27,36.19
46.535,0.000,0.000,24.27,35.86
46.536,0.000,0.000,24.27,35.59
46.537,0.000,0.000,24.27,35.38
46.539,0.000,0.000,23.14,34.95
46.544,0.000,0.000,23.14,34.61
46.562,0.000,0.000,22.06,34.07
46.568,0.000,0.000,22.06,33.65
46.569,0.000,0.000,22.06,33.31
46.570,0.000,0.000,22.06,33.03
46.584,0.000,0.000,21.03,32.56
46.585,0.000,0.000,21.03,32.19
46.600,0.000,0.000,20.02,31.63
46.601,0.000,0.000,20.02,31.19
46.603,0.000,0.000,19.04,30.58
46.604,0.000,0.000,19.04,30.10
46.604,0.000,0.000,19.04,29.71
46.605,0.000,0.000,19.04,29.40
46.611,0.000,0.000,18.12,28.91
46.612,0.000,0.000,18.12,28.52
46.619,0.000,0.000,18.12,28.20
46.628,0.000,0.000,18.12,27.95
46.644,0.000,0.000,17.19,27.51
46.646,0.000,0.000,17.19,27.15
46.646,0.000,0.000,17.19,26.86
46.650,0.000,0.000,17.19,26.63
46.667,0.000,0.000,16.28,26.20
46.668,0.000,0.000,16.28,25.85
46.669,0.000,0.000,16.28,25.58
46.669,0.000,0.000,16.28,25.36
46.670,0.000,0.000,15.45,24.95
46.671,0.000,0.000,15.45,24.63
46.675,0.000,0.000,15.45,24.37
46.682,0.000,0.000,15.45,24.16
46.685,0.000,0.000,14.63,23.77
46.686,0.000,0.000,14.63,23.45
46.687,0.000,0.000,14.63,23.20
46.687,0.000,0.000,14.63,22.99
46.689,0.000,0.000,13.84,22.61
46.702,0.000,0.000,13.84,22.30
46.703,0.000,0.000,13.84,22.05
46.703,0.000,0.000,13.84,21.85
46.719,0.000,0.000,13.10,21.48
46.720,0.000,0.000,13.10,21.19
46.743,0.000,0.000,12.43,20.65
46.745,0.000,0.000,12.43,20.22
46.749,0.000,0.000,11.75,19.55
46.750,0.000,0.000,11.75,19.02
46.751,0.000,0.000,11.14,18.39
46.753,0.000,0.000,11.14,17.89
46.768,0.000,0.000,11.14,17.48
46.769,0.000,0.000,11.14,17.16
46.786,0.000,0.000,10.55,16.62
46.787,0.000,0.000,10.55,16.19
46.789,0.000,0.000,10.02,15.64
46.796,0.000,0.000,10.02,15.20
46.797,0.000,0.000,10.02,14.84
46.801,0.000,0.000,10.02,14.56
46.803,0.000,0.000,9.51,14.33
46.804,0.000,0.000,9.51,14.15
46.825,0.000,0.000,9.05,14.01
46.835,0.000,0.000,9.05,13.89
46.837,0.000,0.000,8.58,13.80
46.840,0.000,0.000,8.58,13.73
46.881,0.000,0.000,8.15,13.67
46.886,0.000,0.000,8.15,13.62
46.887,0.000,0.000,8.00,13.58
46.887,0.000,0.000,8.00,13.55
46.892,0.000,0.000,8.00,13.53
46.899,0.000,0.000,8.00,13.51
46.902,0.000,0.000,7.96,13.49
46.903,0.000,0.000,7.96,13.48
46.903,0.000,0.000,7.96,13.47
46.904,0.000,0.000,7.96,13.46
46.905,0.000,0.000,7.82,13.46
46.906,0.000,0.000,7.82,13.45
46.911,0.000,0.000,7.82,13.45
46.912,0.000,0.000,7.82,13.44
46.917,0.000,0.000,7.75,13.44
46.928,0.000,0.000,7.75,13.44
46.954,0.000,0.000,7.75,13.44
46.965,0.000,0.000,7.75,13.44
46.996,0.000,0.000,7.72,13.44
47.000,0.000,0.000,7.72,13.44
47.001,0.000,0.000,7.70,13.43
47.002,0.000,0.000,7.70,13.43
47.002,0.000,0.000,7.70,13.43
47.003,0.000,0.000,7.70,13.43
47.004,0.000,0.000,7.70,13.43
47.004,0.000,0.000,7.70,13.43
47.005,0.000,0.000,7.70,13.43
47.006,0.000,0.000,7.70,13.43
47.020,0.000,0.000,7.72,13.43
47.020,0.000,0.000,7.72,13.43
47.021,0.000,0.000,7.72,13.43
47.022,0.000,0.000,7.72,13.43
47.023,0.000,0.000,7.73,13.43
47.027,0.000,0.000,7.73,13.43
47.028,0.000,0.000,7.73,13.43
47.033,0.000,0.000,7.73,13.43
47.034,0.000,0.000,7.81,13.43
47.034,0.000,0.000,7.81,13.43
47.036,0.000,0.000,7.81,13.43
47.036,0.000,0.000,7.81,13.43
47.039,0.000,0.000,7.89,13.43
47.043,0.000,0.000,7.89,13.43
47.045,0.000,0.000,7.89,13.43
47.049,0.000,0.000,7.89,13.43
47.051,0.000,0.000,7.99,13.43
47.052,0.000,0.000,7.99,13.43
47.079,0.000,0.000,8.09,13.43
47.083,0.000,0.000,8.09,13.43
47.084,0.000,0.000,8.09,13.43
47.085,0.000,0.000,8.09,13.43
47.088,0.000,0.000,8.25,13.43
47.089,0.000,0.000,8.25,13.43
47.093,0.000,0.000,8.43,13.43
47.100,0.000,0.000,8.43,13.43
47.101,0.000,0.000,8.43,13.43
47.101,0.000,0.000,8.43,13.43
47.103,0.000,0.000,8.67,13.43
47.104,0.000,0.000,8.67,13.43
47.117,0.000,0.000,8.67,13.43
47.118,0.000,0.000,8.67,13.43
47.136,0.000,0.000,8.96,13.43
47.137,0.000,0.000,8.96,13.43
47.138,0.000,0.000,8.96,13.43
47.139,0.000,0.000,8.96,13.43
47.148,0.000,0.000,9.27,13.43
47.153,0.000,0.000,9.27,13.43
47.154,0.000,0.000,9.27,13.43
47.154,0.000,0.000,9.27,13.43
47.167,0.000,0.000,9.61,13.43
47.171,0.000,0.000,9.61,13.43
47.179,0.000,0.000,9.61,13.43
47.185,0.000,0.000,9.61,13.43
47.200,0.000,0.000,10.02,13.51
47.201,0.000,0.000,10.02,13.57
47.202,0.000,0.000,10.02,13.62
47.202,0.000,0.000,10.02,13.66
47.204,0.000,0.000,10.44,13.77
47.204,0.000,0.000,10.44,13.86
47.205,0.000,0.000,10.44,13.93
47.209,0.000,0.000,10.44,13.98
47.221,0.000,0.000,11.03,14.13
47.222,0.000,0.000,11.03,14.24
47.225,0.000,0.000,11.03,14.33
47.228,0.000,0.000,11.03,14.40
47.233,0.000,0.000,11.66,14.56
47.234,0.000,0.000,11.66,14.69
47.235,0.000,0.000,11.66,14.79
47.236,0.000,0.000,11.66,14.88
47.238,0.000,0.000,12.35,15.04
47.239,0.000,0.000,12.35,15.18
47.242,0.000,0.000,12.35,15.29
47.243,0.000,0.000,12.35,15.37
47.253,0.000,0.000,13.09,15.56
47.254,0.000,0.000,13.09,15.70
47.283,0.000,0.000,13.09,15.82
47.284,0.000,0.000,13.09,15.91
47.285,0.000,0.000,13.86,16.14
47.286,0.000,0.000,13.86,14.60
47.288,0.000,0.000,14.70,13.46
47.289,0.000,0.000,14.70,12.55
47.318,0.000,0.000,15.63,11.93
47.319,0.000,0.000,15.63,11.43
47.321,0.000,0.000,16.46,11.12
47.324,0.000,0.000,16.46,10.87
47.333,0.000,0.000,16.46,10.68
47.336,0.000,0.000,16.46,10.52
47.338,0.000,0.000,17.39,10.49
47.351,0.000,0.000,17.39,10.47
47.369,0.000,0.000,18.30,10.55
47.370,0.000,0.000,18.30,10.62
47.371,0.000,0.000,18.30,10.67
47.377,0.000,0.000,18.30,10.71
47.392,0.000,0.000,19.09,10.83
47.399,0.000,0.000,19.09,10.92
47.400,0.000,0.000,19.91,11.08
47.401,0.000,0.000,19.91,11.20
47.410,0.000,0.000,20.71,11.39
47.411,0.000,0.000,20.71,11.53
47.416,0.000,0.000,20.71,11.65
47.417,0.000,0.000,20.71,11.74
47.418,0.000,0.000,21.58,11.90
47.419,0.000,0.000,21.58,12.03
47.452,0.000,0.000,22.47,12.22
47.453,0.000,0.000,22.47,12.37
47.454,0.000,0.000,22.47,12.49
47.455,0.000,0.000,22.47,12.59
47.458,0.000,0.000,23.36,12.75
47.471,0.000,0.000,23.36,12.88
47.473,0.000,0.000,23.36,12.98
47.476,0.000,0.000,23.36,13.07
47.478,0.000,0.000,24.29,13.22
47.483,0.000,0.000,24.29,13.34
47.485,0.000,0.000,25.22,13.52
47.486,0.000,0.000,25.22,13.66
47.487,0.000,0.000,25.22,13.78
47.488,0.000,0.000,25.22,13.87
47.500,0.000,0.000,26.16,14.03
47.501,0.000,0.000,26.16,14.15
47.502,0.000,0.000,26.16,14.25
47.503,0.000,0.000,26.16,14.33
47.524,0.000,0.000,27.12,14.47
47.529,0.000,0.000,27.12,14.59
47.533,0.000,0.000,27.12,14.68
47.534,0.000,0.000,27.12,14.75
47.537,0.000,0.000,27.94,14.88
47.538,0.000,0.000,27.94,14.98
47.539,0.000,0.000,28.69,15.12
47.540,0.000,0.000,28.69,15.23
47.569,0.000,0.000,29.46,15.38
47.569,0.000,0.000,29.46,15.50
47.574,0.000,0.000,30.20,15.65
47.585,0.000,0.000,30.20,15.77
47.587,0.000,0.000,31.03,15.93
47.587,0.000,0.000,31.03,16.05
47.636,0.000,0.000,31.83,16.21
47.637,0.000,0.000,31.83,16.33
47.638,0.000,0.000,31.83,16.43
47.639,0.000,0.000,31.83,16.51
47.642,0.000,0.000,32.55,16.62
47.649,0.000,0.000,32.55,16.71
47.652,0.000,0.000,32.55,16.78
47.653,0.000,0.000,32.55,16.84
47.653,0.000,0.000,33.29,16.93
47.654,0.000,0.000,33.29,17.01
47.655,0.000,0.000,33.29,17.07
47.657,0.000,0.000,33.29,17.12
47.659,0.000,0.000,33.29,17.16
47.662,0.000,0.000,33.29,17.19
47.666,0.000,0.000,33.29,17.21
47.667,0.000,0.000,33.29,17.23
47.669,0.000,0.000,34.78,17.34
47.670,0.000,0.000,34.78,17.42
47.670,0.000,0.000,34.78,17.49
47.671,0.000,0.000,34.78,17.54
47.701,0.000,0.000,35.57,17.63
47.702,0.000,0.000,35.57,17.70
47.703,0.000,0.000,35.57,17.75
47.703,0.000,0.000,35.57,17.80
47.705,0.000,0.000,36.34,17.88
47.707,0.000,0.000,36.34,17.94
47.717,0.000,0.000,36.34,17.99
47.718,0.000,0.000,36.34,18.03
47.720,0.000,0.000,37.08,18.10
47.721,0.000,0.000,37.08,18.15
47.721,0.000,0.000,37.08,18.20
47.723,0.000,0.000,37.08,18.23
47.737,0.000,0.000,37.81,18.30
47.739,0.000,0.000,37.81,18.35
47.767,0.000,0.000,38.45,18.42
47.768,0.000,0.000,38.45,18.47
47.786,0.000,0.000,39.08,18.55
47.787,0.000,0.000,39.08,18.60
47.788,0.000,0.000,39.08,18.65
47.789,0.000,0.000,39.08,18.69
47.820,0.000,0.000,39.69,18.74
47.821,0.000,0.000,39.69,18.79
47.822,0.000,0.000,40.26,18.84
47.823,0.000,0.000,40.26,18.89
47.824,0.000,0.000,40.26,18.92
47.824,0.000,0.000,40.26,18.95
47.833,0.000,0.000,40.78,19.00
47.834,0.000,0.000,40.78,19.03
47.837,0.000,0.000,40.78,19.06
47.838,0.000,0.000,40.78,19.08
47.839,0.000,0.000,41.28,19.11
47.841,0.000,0.000,41.28,19.14
47.845,0.000,0.000,41.79,19.18
47.852,0.000,0.000,41.79,19.21
47.854,0.000,0.000,41.79,19.24
47.857,0.000,0.000,41.79,19.26
47.871,0.000,0.000,42.29,19.29
47.872,0.000,0.000,42.29,19.31
47.874,0.000,0.000,42.29,19.34
47.882,0.000,0.000,42.29,19.35
47.899,0.000,0.000,42.81,19.38
47.901,0.000,0.000,42.81,19.40
47.901,0.000,0.000,42.81,19.42
47.902,0.000,0.000,42.81,19.43
47.903,0.000,0.000,43.27,19.46
47.904,0.000,0.000,43.27,19.48
47.905,0.000,0.000,43.27,19.49
47.906,0.000,0.000,43.27,19.51
47.909,0.000,0.000,43.67,19.53
47.910,0.000,0.000,43.67,19.54
47.918,0.000,0.000,43.67,19.55
47.919,0.000,0.000,43.67,19.56
47.920,0.000,0.000,44.00,19.58
47.921,0.000,0.000,44.00,19.59
47.922,0.000,0.000,44.00,19.60
47.925,0.000,0.000,44.00,19.61
47.964,0.000,0.000,44.30,19.63
47.965,0.000,0.000,44.30,19.64
47.968,0.000,0.000,44.61,19.65
47.969,0.000,0.000,44.61,19.66
47.972,0.000,0.000,44.89,19.68
47.972,0.000,0.000,44.89,19.69
47.974,0.000,0.000,44.89,19.70
47.979,0.000,0.000,44.89,19.71
48.002,0.000,0.000,45.17,19.72
48.003,0.000,0.000,45.17,19.73
48.004,0.000,0.000,45.17,19.74
48.005,0.000,0.000,45.17,19.75
48.008,0.000,0.000,45.41,19.76
48.016,0.000,0.000,45.41,19.76
48.021,0.000,0.000,45.62,19.77
48.022,0.000,0.000,45.62,19.78
48.029,0.000,0.000,45.62,19.79
48.032,0.000,0.000,45.62,19.79
48.034,0.000,0.000,45.77,19.80
48.036,0.000,0.000,45.77,19.80
48.054,0.000,0.000,45.77,19.81
48.055,0.000,0.000,45.77,19.81
48.083,0.000,0.000,45.91,19.82
48.084,0.000,0.000,45.91,19.82
48.084,0.000,0.000,46.07,19.82
48.085,0.000,0.000,46.07,19.83
48.087,0.000,0.000,46.20,19.84
48.088,0.000,0.000,46.20,19.84
48.091,0.000,0.000,46.20,19.84
48.095,0.000,0.000,46.20,19.85
48.098,0.000,0.000,46.34,19.85
48.101,0.000,0.000,46.34,19.85
48.102,0.000,0.000,46.34,19.86
48.103,0.000,0.000,46.34,19.86
48.141,0.000,0.000,46.44,19.86
48.150,0.000,0.000,46.44,19.86
48.153,0.000,0.000,46.55,19.87
48.153,0.000,0.000,46.55,19.87
48.154,0.000,0.000,46.64,19.87
48.155,0.000,0.000,46.64,19.88
48.159,0.000,0.000,46.64,19.88
48.161,0.000,0.000,46.64,19.88
48.166,0.000,0.000,46.77,19.88
48.168,0.000,0.000,46.77,19.89
48.169,0.000,0.000,46.77,19.89
48.170,0.000,0.000,46.77,19.89
48.196,0.000,0.000,46.92,19.89
48.201,0.000,0.000,46.92,19.90
48.202,0.000,0.000,46.92,19.90
48.203,0.000,0.000,46.92,19.90
48.209,0.000,0.000,47.10,19.90
48.212,0.000,0.000,47.10,19.91
48.217,0.000,0.000,47.27,19.91
48.220,0.000,0.000,47.27,19.91
48.220,0.000,0.000,47.27,19.92
48.221,0.000,0.000,47.27,19.92
48.233,0.000,0.000,47.44,19.92
48.234,0.000,0.000,47.44,19.92
48.236,0.000,0.000,47.44,19.93
48.237,0.000,0.000,47.44,19.93
48.258,0.000,0.000,47.69,19.93
48.262,0.000,0.000,47.69,19.94
48.267,0.000,0.000,47.69,19.94
48.268,0.000,0.000,47.69,19.94
48.271,0.000,0.000,47.94,19.94
48.272,0.000,0.000,47.94,19.95
48.274,0.000,0.000,48.16,19.95
48.277,0.000,0.000,48.16,19.95
48.283,0.000,0.000,48.16,19.96
48.284,0.000,0.000,48.16,19.96
48.296,0.000,0.000,48.37,19.96
48.297,0.000,0.000,48.37,19.96
48.318,0.000,0.000,48.37,19.97
48.319,0.000,0.000,48.37,19.97
48.320,0.000,0.000,48.59,19.97
48.320,0.000,0.000,48.59,19.97
48.321,0.000,0.000,48.59,19.97
48.324,0.000,0.000,48.59,19.98
48.326,0.000,0.000,48.76,19.98
48.331,0.000,0.000,48.76,19.98
48.334,0.000,0.000,48.76,19.98
48.336,0.000,0.000,48.76,19.98
48.338,0.000,0.000,48.96,19.98
48.339,0.000,0.000,48.96,19.98
48.342,0.000,0.000,48.96,19.98
48.344,0.000,0.000,48.96,19.99
48.366,0.000,0.000,49.14,19.99
48.367,0.000,0.000,49.14,19.99
48.370,0.000,0.000,49.31,19.99
48.372,0.000,0.000,49.31,19.99
48.375,0.000,0.000,49.31,19.99
48.384,0.000,0.000,49.31,19.99
48.387,0.000,0.000,49.47,19.99
48.388,0.000,0.000,49.47,19.99
48.424,0.000,0.000,49.68,20.00
48.427,0.000,0.000,49.68,20.00
48.428,0.000,0.000,49.91,20.00
48.434,0.000,0.000,49.91,20.00
48.435,0.000,0.000,49.91,20.00
48.436,0.000,0.000,49.91,20.00
48.439,0.000,0.000,50.11,20.00
48.440,0.000,0.000,50.11,20.00
48.442,0.000,0.000,50.11,20.00
48.446,0.000,0.000,50.11,20.00
48.449,0.000,0.000,50.37,20.00
48.450,0.000,0.000,50.37,20.00
48.453,0.000,0.000,50.37,20.00
48.454,0.000,0.000,50.37,20.00
48.484,0.000,0.000,50.62,20.00
48.485,0.000,0.000,50.62,20.00
48.490,0.000,0.000,50.91,20.00
48.494,0.000,0.000,50.91,20.00
48.500,0.000,0.000,50.91,20.00
48.505,0.000,0.000,50.91,20.00
48.518,0.000,0.000,51.18,20.00
48.519,0.000,0.000,51.18,20.00
48.534,0.000,0.000,51.47,20.00
48.535,0.000,0.000,51.47,20.00
48.535,0.000,0.000,51.47,20.00
48.536,0.000,0.000,51.47,20.00
48.551,0.000,0.000,51.71,20.00
48.552,0.000,0.000,51.71,20.00
48.552,0.000,0.000,51.96,20.00
48.553,0.000,0.000,51.96,20.00
48.555,0.000,0.000,51.96,20.00
48.555,0.000,0.000,51.96,20.00
48.562,0.000,0.000,52.19,20.00
48.570,0.000,0.000,52.19,20.00
48.575,0.000,0.000,52.19,20.00
48.576,0.000,0.000,52.19,20.00
48.594,0.000,0.000,52.29,20.00
48.595,0.000,0.000,52.29,20.00
48.612,0.000,0.000,52.33,20.00
48.612,0.000,0.000,52.33,20.00
48.613,0.000,0.000,52.33,20.00
48.614,0.000,0.000,52.33,20.00
48.619,0.000,0.000,52.35,20.00
48.620,0.000,0.000,52.35,20.00
48.636,0.000,0.000,52.32,20.00
48.637,0.000,0.000,52.32,20.00
48.658,0.000,0.000,52.32,20.00
48.665,0.000,0.000,52.32,20.00
48.670,0.000,0.000,52.27,20.00
48.671,0.000,0.000,52.27,20.00
48.672,0.000,0.000,52.14,20.23
48.678,0.000,0.000,52.14,20.41
48.681,0.000,0.000,51.93,20.97
48.684,0.000,0.000,51.93,21.42
48.685,0.000,0.000,51.93,21.78
48.686,0.000,0.000,51.93,22.07
48.688,0.000,0.000,51.65,22.75
48.689,0.000,0.000,51.65,23.29
48.692,0.000,0.000,51.65,23.72
48.700,0.000,0.000,51.65,24.07
48.718,0.000,0.000,51.34,24.76
48.719,0.000,0.000,51.34,25.32
48.735,0.000,0.000,51.34,25.76
48.736,0.000,0.000,51.34,26.12
48.736,0.000,0.000,50.96,26.89
48.737,0.000,0.000,50.96,27.50
48.738,0.000,0.000,50.96,27.99
48.739,0.000,0.000,50.96,28.38
48.745,0.000,0.000,50.49,29.20
48.750,0.000,0.000,50.49,29.85
48.751,0.000,0.000,49.92,30.86
48.752,0.000,0.000,49.92,31.66
48.768,0.000,0.000,49.92,32.31
48.769,0.000,0.000,49.92,32.82
48.791,0.000,0.000,49.29,33.76
48.795,0.000,0.000,49.29,34.51
48.800,0.000,0.000,48.59,35.53
48.800,0.000,0.000,48.59,36.34
48.803,0.000,0.000,47.82,37.89
48.804,0.000,0.000,47.82,39.12
48.805,0.000,0.000,47.82,40.11
48.806,0.000,0.000,47.82,40.90
48.834,0.000,0.000,47.05,41.98
48.835,0.000,0.000,47.05,42.84
48.836,0.000,0.000,47.05,43.53
48.836,0.000,0.000,47.05,44.08
48.840,0.000,0.000,46.20,44.82
48.852,0.000,0.000,46.20,45.41
48.854,0.000,0.000,45.32,46.22
48.855,0.000,0.000,45.32,46.87
48.872,0.000,0.000,45.32,47.39
48.902,0.000,0.000,45.32,47.80
48.949,0.000,0.000,44.38,48.09
48.954,0.000,0.000,44.38,48.31
48.955,0.000,0.000,43.37,48.43
48.960,0.000,0.000,43.37,48.53
48.961,0.000,0.000,42.35,48.54
48.966,0.000,0.000,42.35,48.54
48.967,0.000,0.000,42.35,48.55
48.974,0.000,0.000,42.35,48.55
48.999,0.000,0.000,41.31,48.47
49.000,0.000,0.000,41.31,48.41
49.004,0.000,0.000,41.31,48.35
49.005,0.000,0.000,41.31,48.31
49.006,0.000,0.000,40.23,48.18
49.007,0.000,0.000,40.23,48.08
49.010,0.000,0.000,40.23,48.00
49.012,0.000,0.000,40.23,47.93
49.013,0.000,0.000,39.15,47.77
49.014,0.000,0.000,39.15,47.64
49.015,0.000,0.000,38.06,47.42
49.019,0.000,0.000,38.06,47.24
49.020,0.000,0.000,38.06,47.10
49.021,0.000,0.000,38.06,46.98
49.022,0.000,0.000,36.96,46.76
49.023,0.000,0.000,36.96,46.58
49.026,0.000,0.000,35.84,46.29
49.027,0.000,0.000,35.84,46.06
49.033,0.000,0.000,35.84,45.87
49.034,0.000,0.000,35.84,45.73
49.036,0.000,0.000,34.74,45.45
49.037,0.000,0.000,34.74,45.23
49.038,0.000,0.000,34.74,45.06
49.039,0.000,0.000,34.74,44.92
49.042,0.000,0.000,33.64,44.64
49.043,0.000,0.000,33.64,44.42
49.044,0.000,0.000,33.64,44.25
49.045,0.000,0.000,33.64,44.11
49.049,0.000,0.000,32.51,43.81
49.050,0.000,0.000,32.51,43.58
49.056,0.000,0.000,32.51,43.39
49.066,0.000,0.000,32.51,43.24
49.083,0.000,0.000,31.33,42.92
49.084,0.000,0.000,31.33,42.67
49.085,0.000,0.000,31.33,42.46
49.085,0.000,0.000,31.33,42.30
49.101,0.000,0.000,30.20,41.97
49.103,0.000,0.000,30.20,41.70
49.103,0.000,0.000,29.12,41.28
49.104,0.000,0.000,29.12,40.95
49.105,0.000,0.000,29.12,40.69
49.108,0.000,0.000,29.12,40.47
49.112,0.000,0.000,28.12,40.11
49.113,0.000,0.000,28.12,39.82
49.117,0.000,0.000,28.12,39.58
49.118,0.000,0.000,28.12,39.40
49.120,0.000,0.000,27.15,39.05
49.121,0.000,0.000,27.15,38.77
49.122,0.000,0.000,27.15,38.55
49.122,0.000,0.000,27.15,38.37
49.152,0.000,0.000,26.17,38.03
49.153,0.000,0.000,26.17,37.75
49.154,0.000,0.000,26.17,37.52
49.158,0.000,0.000,26.17,37.34
49.166,0.000,0.000,25.15,36.98
49.167,0.000,0.000,25.15,36.69
49.168,0.000,0.000,25.15,36.45
49.169,0.000,0.000,25.15,36.27
49.170,0.000,0.000,24.12,35.89
49.171,0.000,0.000,24.12,35.58
49.172,0.000,0.000,24.12,35.34
49.174,0.000,0.000,24.12,35.14
49.200,0.000,0.000,23.10,34.75
49.201,0.000,0.000,23.10,34.44
49.202,0.000,0.000,23.10,34.19
49.203,0.000,0.000,23.10,33.99
49.209,0.000,0.000,22.14,33.60
49.218,0.000,0.000,22.14,33.29
49.220,0.000,0.000,21.28,32.83
49.221,0.000,0.000,21.28,32.46
49.253,0.000,0.000,20.43,31.96
49.254,0.000,0.000,20.43,31.55
49.264,0.000,0.000,19.62,31.02
49.269,0.000,0.000,19.62,30.60
49.271,0.000,0.000,18.86,30.07
49.272,0.000,0.000,18.86,29.64
49.304,0.000,0.000,18.16,29.11
49.307,0.000,0.000,18.16,28.69
49.312,0.000,0.000,18.16,28.35
49.318,0.000,0.000,18.16,28.08
49.322,0.000,0.000,17.50,27.53
49.326,0.000,0.000,17.50,27.09
49.332,0.000,0.000,16.87,26.52
49.333,0.000,0.000,16.87,26.07
49.336,0.000,0.000,16.87,25.71
49.336,0.000,0.000,16.87,25.42
49.338,0.000,0.000,16.30,24.96
49.339,0.000,0.000,16.30,24.59
49.343,0.000,0.000,16.30,24.30
49.344,0.000,0.000,16.30,24.07
49.353,0.000,0.000,15.73,23.51
49.354,0.000,0.000,15.73,23.07
49.355,0.000,0.000,15.73,22.71
49.356,0.000,0.000,15.73,22.43
49.378,0.000,0.000,15.19,21.78
49.380,0.000,0.000,15.19,21.26
49.386,0.000,0.000,14.71,20.80
49.387,0.000,0.000,14.71,20.42
49.388,0.000,0.000,14.71,20.12
49.390,0.000,0.000,14.71,19.89
49.400,0.000,0.000,14.28,19.39
49.403,0.000,0.000,14.28,19.00
49.404,0.000,0.000,14.28,18.68
49.405,0.000,0.000,14.28,18.43
49.429,0.000,0.000,13.90,18.02
49.433,0.000,0.000,13.90,17.69
49.438,0.000,0.000,13.90,17.43
49.439,0.000,0.000,13.90,17.22
49.451,0.000,0.000,13.57,16.83
49.452,0.000,0.000,13.57,16.52
49.453,0.000,0.000,13.57,16.28
49.454,0.000,0.000,13.57,16.08
49.454,0.000,0.000,13.31,17.58
49.455,0.000,0.000,13.31,18.78
49.458,0.000,0.000,13.31,19.73
49.461,0.000,0.000,13.31,20.50
49.465,0.000,0.000,13.11,20.91
49.467,0.000,0.000,13.11,21.24
49.468,0.000,0.000,13.11,21.50
49.469,0.000,0.000,13.11,21.71
49.470,0.000,0.000,12.94,19.74
49.471,0.000,0.000,12.94,18.17
49.486,0.000,0.000,12.94,16.91
49.487,0.000,0.000,12.94,15.91
49.516,0.000,0.000,12.82,14.93
49.517,0.000,0.000,12.82,14.14
49.518,0.000,0.000,12.82,13.52
49.519,0.000,0.000,12.82,13.02
49.520,0.000,0.000,12.75,12.45
49.521,0.000,0.000,12.75,11.99
49.522,0.000,0.000,12.75,11.63
49.523,0.000,0.000,12.75,11.34
49.526,0.000,0.000,12.72,10.98
49.534,0.000,0.000,12.72,10.69
49.535,0.000,0.000,12.71,10.34
49.536,0.000,0.000,12.71,10.05
49.537,0.000,0.000,12.71,9.83
49.538,0.000,0.000,12.71,9.65
49.571,0.000,0.000,12.73,9.40
49.571,0.000,0.000,12.73,9.20
49.574,0.000,0.000,12.73,9.04
49.575,0.000,0.000,12.73,8.92
49.583,0.000,0.000,12.75,8.74
49.584,0.000,0.000,12.75,8.60
49.587,0.000,0.000,12.77,8.44
49.588,0.000,0.000,12.77,8.31
49.589,0.000,0.000,12.77,8.21
49.593,0.000,0.000,12.77,8.13
49.620,0.000,0.000,12.82,8.07
49.621,0.000,0.000,12.82,8.03
49.621,0.000,0.000,12.82,7.99
49.624,0.000,0.000,12.82,7.96
49.627,0.000,0.000,12.87,7.94
49.633,0.000,0.000,12.87,7.93
49.637,0.000,0.000,12.96,7.93
49.642,0.000,0.000,12.96,7.92
49.670,0.000,0.000,13.11,7.94
49.671,0.000,0.000,13.11,7.95
49.684,0.000,0.000,13.27,7.98
49.685,0.000,0.000,13.27,8.00
49.692,0.000,0.000,13.44,8.04
49.702,0.000,0.000,13.44,8.07
49.703,0.000,0.000,13.44,8.10
49.704,0.000,0.000,13.44,8.12
49.714,0.000,0.000,13.65,8.16
49.725,0.000,0.000,13.65,8.19
49.742,0.000,0.000,13.65,8.21
49.750,0.000,0.000,13.65,8.23
49.768,0.000,0.000,13.89,8.28
49.777,0.000,0.000,13.89,8.31
49.823,0.000,0.000,13.89,8.34
49.865,0.000,0.000,13.89,8.36
49.904,0.000,0.000,14.20,8.42
49.924,0.000,0.000,14.20,8.46
49.926,0.000,0.000,14.55,8.53
49.933,0.000,0.000,14.55,8.59
49.934,0.000,0.000,14.55,8.64
49.935,0.000,0.000,14.55,8.68
49.967,0.000,0.000,14.96,8.75
49.988,0.000,0.000,14.96,8.81
50.000,0.000,0.000,15.33,8.90
50.029,0.000,0.000,15.33,8.98
50.061,0.000,0.000,15.71,9.08
50.094,0.000,0.000,15.71,9.15
50.120,0.000,0.000,15.71,9.22
50.136,0.000,0.000,15.71,9.27
50.164,0.000,0.000,16.13,9.36
50.182,0.000,0.000,16.13,9.43
50.208,0.000,0.000,16.70,9.54
50.234,0.000,0.000,16.70,9.64
50.265,0.000,0.000,16.70,9.71
50.288,0.000,0.000,16.70,9.77
50.314,0.000,0.000,17.36,9.89
50.340,0.000,0.000,17.36,9.99
50.357,0.000,0.000,17.36,10.07
50.383,0.000,0.000,17.36,10.13
50.402,0.000,0.000,18.02,10.25
50.418,0.000,0.000,18.02,10.35
50.434,0.000,0.000,18.02,10.42
50.445,0.000,0.000,18.02,10.48
50.454,0.000,0.000,18.66,10.60
50.462,0.000,0.000,18.66,10.69
50.469,0.000,0.000,18.66,10.77
50.478,0.000,0.000,18.66,10.83
50.486,0.000,0.000,19.36,10.95
50.495,0.000,0.000,19.36,11.04
50.503,0.000,0.000,19.36,11.12
50.511,0.000,0.000,19.36,11.18
50.530,0.000,0.000,20.17,11.31
50.554,0.000,0.000,20.17,11.42
50.566,0.000,0.000,20.17,11.50
50.567,0.000,0.000,20.17,11.57
50.567,0.000,0.000,21.02,11.71
50.568,0.000,0.000,21.02,11.82
50.569,0.000,0.000,21.02,11.91
50.570,0.000,0.000,21.02,11.98
50.570,0.000,0.000,21.80,12.12
50.571,0.000,0.000,21.80,12.22
50.572,0.000,0.000,21.80,12.31
50.575,0.000,0.000,21.80,12.38
50.581,0.000,0.000,22.52,12.50
50.582,0.000,0.000,22.52,12.60
50.582,0.000,0.000,22.52,12.68
50.586,0.000,0.000,22.52,12.74
50.586,0.000,0.000,23.22,12.86
50.587,0.000,0.000,23.22,12.95
50.588,0.000,0.000,23.22,13.03
50.589,0.000,0.000,23.22,13.09
50.594,0.000,0.000,23.96,13.21
50.595,0.000,0.000,23.96,13.30
50.600,0.000,0.000,23.96,13.37
50.601,0.000,0.000,23.96,13.43
50.602,0.000,0.000,24.71,13.55
50.602,0.000,0.000,24.71,13.64
50.603,0.000,0.000,25.60,13.80
50.604,0.000,0.000,25.60,13.92
50.605,0.000,0.000,25.60,14.01
50.606,0.000,0.000,25.60,14.09
50.607,0.000,0.000,26.45,14.23
50.608,0.000,0.000,26.45,14.34
50.609,0.000,0.000,27.22,14.49
50.616,0.000,0.000,27.22,14.61
50.617,0.000,0.000,27.22,14.71
50.618,0.000,0.000,27.22,14.78
50.619,0.000,0.000,27.92,14.90
50.620,0.000,0.000,27.92,15.00
50.620,0.000,0.000,28.60,15.13
50.621,0.000,0.000,28.60,15.23
50.625,0.000,0.000,28.60,15.32
50.626,0.000,0.000,28.60,15.38
50.627,0.000,0.000,29.33,15.49
50.632,0.000,0.000,29.33,15.58
50.633,0.000,0.000,29.33,15.65
50.634,0.000,0.000,29.33,15.71
50.635,0.000,0.000,30.11,15.81
50.635,0.000,0.000,30.11,15.89
50.636,0.000,0.000,30.11,15.96
50.637,0.000,0.000,30.11,16.01
50.638,0.000,0.000,30.91,16.11
50.638,0.000,0.000,30.91,16.19
50.641,0.000,0.000,30.91,16.25
50.643,0.000,0.000,30.91,16.31
50.644,0.000,0.000,31.70,16.40
50.649,0.000,0.000,31.70,16.48
50.650,0.000,0.000,32.43,16.59
50.650,0.000,0.000,32.43,16.68
50.651,0.000,0.000,32.43,16.75
50.652,0.000,0.000,32.43,16.80
50.653,0.000,0.000,33.10,16.89
50.653,0.000,0.000,33.10,16.96
50.654,0.000,0.000,33.10,17.02
50.655,0.000,0.000,33.10,17.07
50.656,0.000,0.000,33.81,17.15
50.661,0.000,0.000,33.81,17.21
50.666,0.000,0.000,33.81,17.26
50.667,0.000,0.000,33.81,17.30
50.668,0.000,0.000,34.52,17.38
50.668,0.000,0.000,34.52,17.44
50.669,0.000,0.000,34.52,17.49
50.670,0.000,0.000,34.52,17.53
50.671,0.000,0.000,35.26,17.60
50.671,0.000,0.000,35.26,17.66
50.674,0.000,0.000,35.97,17.74
50.676,0.000,0.000,35.97,17.81
50.676,0.000,0.000,35.97,17.87
50.677,0.000,0.000,35.97,17.91
50.678,0.000,0.000,36.66,17.98
50.682,0.000,0.000,36.66,18.04
50.683,0.000,0.000,36.66,18.09
50.684,0.000,0.000,36.66,18.12
50.685,0.000,0.000,37.31,18.19
50.685,0.000,0.000,37.31,18.24
50.686,0.000,0.000,37.31,18.27
50.687,0.000,0.000,37.31,18.31
50.688,0.000,0.000,37.90,18.36
50.689,0.000,0.000,37.90,18.40
50.692,0.000,0.000,37.90,18.44
50.693,0.000,0.000,37.90,18.46
50.693,0.000,0.000,38.48,18.51
50.695,0.000,0.000,38.48,18.55
50.699,0.000,0.000,38.48,18.58
50.700,0.000,0.000,38.48,18.60
50.701,0.000,0.000,38.99,18.65
50.701,0.000,0.000,38.99,18.68
50.702,0.000,0.000,38.99,18.71
50.703,0.000,0.000,38.99,18.73
50.704,0.000,0.000,39.46,18.77
50.705,0.000,0.000,39.46,18.80
50.705,0.000,0.000,39.46,18.82
50.709,0.000,0.000,39.46,18.84
50.710,0.000,0.000,39.96,18.87
50.710,0.000,0.000,39.96,18.90
50.711,0.000,0.000,39.96,18.92
50.715,0.000,0.000,39.96,18.94
50.716,0.000,0.000,40.40,18.97
50.717,0.000,0.000,40.40,19.00
50.718,0.000,0.000,40.40,19.02
50.719,0.000,0.000,40.40,19.03
50.720,0.000,0.000,40.75,19.06
50.721,0.000,0.000,40.75,19.08
50.722,0.000,0.000,40.75,19.10
50.722,0.000,0.000,40.75,19.11
50.726,0.000,0.000,41.05,19.13
50.727,0.000,0.000,41.05,19.15
50.728,0.000,0.000,41.05,19.16
50.732,0.000,0.000,41.05,19.17
50.733,0.000,0.000,41.36,19.19
50.734,0.000,0.000,41.36,19.21
50.735,0.000,0.000,41.36,19.22
50.736,0.000,0.000,41.36,19.23
50.736,0.000,0.000,41.66,19.25
50.737,0.000,0.000,41.66,19.26
50.738,0.000,0.000,41.66,19.27
50.739,0.000,0.000,41.66,19.28
50.740,0.000,0.000,41.93,19.30
50.743,0.000,0.000,41.93,19.31
50.744,0.000,0.000,41.93,19.32
50.745,0.000,0.000,41.93,19.33
50.749,0.000,0.000,42.17,19.34
50.750,0.000,0.000,42.17,19.35
50.751,0.000,0.000,42.30,19.37
50.751,0.000,0.000,42.30,19.38
50.752,0.000,0.000,42.30,19.38
50.753,0.000,0.000,42.30,19.39
50.754,0.000,0.000,42.34,19.40
50.755,0.000,0.000,42.34,19.40
50.755,0.000,0.000,42.32,19.41
50.757,0.000,0.000,42.32,19.41
50.758,0.000,0.000,42.32,19.41
50.760,0.000,0.000,42.32,19.41
50.761,0.000,0.000,42.31,19.41
50.766,0.000,0.000,42.31,19.42
50.767,0.000,0.000,42.31,19.42
50.768,0.000,0.000,42.31,19.42
50.768,0.000,0.000,42.27,19.42
50.769,0.000,0.000,42.27,19.42
50.770,0.000,0.000,42.27,19.41
50.771,0.000,0.000,42.27,19.41
50.771,0.000,0.000,42.23,19.51
50.772,0.000,0.000,42.23,19.59
50.775,0.000,0.000,42.23,19.65
50.776,0.000,0.000,42.23,19.70
50.777,0.000,0.000,42.17,19.90
50.779,0.000,0.000,42.17,20.05
50.779,0.000,0.000,42.17,20.17
50.783,0.000,0.000,42.17,20.27
50.785,0.000,0.000,42.08,20.45
50.786,0.000,0.000,42.08,20.59
50.787,0.000,0.000,42.08,20.70
50.787,0.000,0.000,42.08,20.79
50.788,0.000,0.000,41.98,21.00
50.789,0.000,0.000,41.98,21.16
50.800,0.000,0.000,41.98,21.29
50.801,0.000,0.000,41.98,21.40
50.802,0.000,0.000,41.83,21.61
50.802,0.000,0.000,41.83,21.78
50.803,0.000,0.000,41.83,21.92
50.804,0.000,0.000,41.83,22.03
50.805,0.000,0.000,41.69,22.27
50.809,0.000,0.000,41.69,22.45
50.815,0.000,0.000,41.52,22.76
50.818,0.000,0.000,41.52,23.01
50.819,0.000,0.000,41.52,23.20
50.820,0.000,0.000,41.52,23.36
50.821,0.000,0.000,41.34,23.61
50.821,0.000,0.000,41.34,23.81
50.825,0.000,0.000,41.34,23.97
50.830,0.000,0.000,41.34,24.10
50.834,0.000,0.000,41.15,24.32
50.835,0.000,0.000,41.15,24.50
50.836,0.000,0.000,41.15,24.64
50.837,0.000,0.000,41.15,24.76
50.838,0.000,0.000,40.89,24.99
50.839,0.000,0.000,40.89,25.17
50.842,0.000,0.000,40.62,25.49
50.843,0.000,0.000,40.62,25.74
50.844,0.000,0.000,40.62,25.95
50.845,0.000,0.000,40.62,26.11
50.849,0.000,0.000,40.26,26.51
50.850,0.000,0.000,40.26,26.84
50.851,0.000,0.000,40.26,27.10
50.852,0.000,0.000,40.26,27.30
50.853,0.000,0.000,39.89,27.73
50.853,0.000,0.000,39.89,28.07
50.854,0.000,0.000,39.89,28.34
50.855,0.000,0.000,39.89,28.56
50.857,0.000,0.000,39.46,29.04
50.859,0.000,0.000,39.46,29.43
50.860,0.000,0.000,39.46,29.73
50.860,0.000,0.000,39.46,29.98
50.861,0.000,0.000,38.96,30.50
50.866,0.000,0.000,38.96,30.91
50.867,0.000,0.000,38.96,31.24
50.868,0.000,0.000,38.96,31.50
50.878,0.000,0.000,38.38,32.11
50.883,0.000,0.000,38.38,32.59
50.885,0.000,0.000,38.38,32.97
50.885,0.000,0.000,38.38,33.28
50.886,0.000,0.000,37.72,33.80
50.887,0.000,0.000,37.72,34.22
50.888,0.000,0.000,37.72,34.56
50.889,0.000,0.000,37.72,34.83
50.891,0.000,0.000,37.04,35.46
50.892,0.000,0.000,37.04,35.96
50.893,0.000,0.000,37.04,36.37
50.895,0.000,0.000,37.04,36.69
50.895,0.000,0.000,36.34,37.22
50.896,0.000,0.000,36.34,37.65
50.897,0.000,0.000,36.34,37.99
50.901,0.000,0.000,36.34,38.26
50.902,0.000,0.000,35.62,38.70
50.903,0.000,0.000,35.62,39.05
50.904,0.000,0.000,35.62,39.33
50.905,0.000,0.000,35.62,39.55
50.919,0.000,0.000,34.88,39.86
50.919,0.000,0.000,34.88,40.10
50.920,0.000,0.000,34.88,40.29
50.921,0.000,0.000,34.88,40.45
50.922,0.000,0.000,34.10,40.70
50.923,0.000,0.000,34.10,40.91
50.927,0.000,0.000,34.10,41.07
50.928,0.000,0.000,34.10,41.20
50.929,0.000,0.000,33.28,41.27
50.930,0.000,0.000,33.28,41.32
50.935,0.000,0.000,33.28,41.37
50.935,0.000,0.000,33.28,41.40
50.938,0.000,0.000,32.44,41.49
50.939,0.000,0.000,32.44,41.56
50.942,0.000,0.000,32.44,41.62
50.943,0.000,0.000,32.44,41.66
50.945,0.000,0.000,31.55,41.70
50.950,0.000,0.000,31.55,41.72
50.984,0.000,0.000,30.66,41.48
50.985,0.000,0.000,30.66,41.28
50.987,0.000,0.000,29.77,41.07
50.988,0.000,0.000,29.77,40.91
50.990,0.000,0.000,28.88,40.60
50.991,0.000,0.000,28.88,40.36
51.005,0.000,0.000,28.88,40.17
51.008,0.000,0.000,28.88,40.01
51.035,0.000,0.000,27.95,39.70
51.037,0.000,0.000,27.95,39.46
51.039,0.000,0.000,27.95,39.26
51.049,0.000,0.000,27.95,39.10
51.052,0.000,0.000,27.06,38.80
51.053,0.000,0.000,27.06,38.55
51.054,0.000,0.000,26.14,38.16
51.055,0.000,0.000,26.14,37.85
51.055,0.000,0.000,26.14,37.60
51.059,0.000,0.000,26.14,37.40
51.062,0.000,0.000,25.24,37.05
51.067,0.000,0.000,25.24,36.76
51.068,0.000,0.000,25.24,36.53
51.068,0.000,0.000,25.24,36.35
51.083,0.000,0.000,24.33,36.00
51.085,0.000,0.000,24.33,35.72
51.109,0.000,0.000,24.33,35.50
51.114,0.000,0.000,24.33,35.32
51.115,0.000,0.000,23.51,34.99
51.118,0.000,0.000,23.51,34.72
51.121,0.000,0.000,22.66,34.31
51.122,0.000,0.000,22.66,33.98
51.125,0.000,0.000,21.83,33.52
51.128,0.000,0.000,21.83,33.15
51.129,0.000,0.000,21.83,32.85
51.133,0.000,0.000,21.83,32.61
51.135,0.000,0.000,21.01,32.22
51.136,0.000,0.000,21.01,31.91
51.149,0.000,0.000,21.01,31.66
51.151,0.000,0.000,21.01,31.46
51.169,0.000,0.000,20.31,31.12
51.170,0.000,0.000,20.31,30.86
51.171,0.000,0.000,20.31,30.64
51.176,0.000,0.000,20.31,30.47
51.183,0.000,0.000,19.59,30.04
51.184,0.000,0.000,19.59,29.69
51.186,0.000,0.000,18.89,29.29
51.187,0.000,0.000,18.89,28.96
51.187,0.000,0.000,18.89,28.71
51.188,0.000,0.000,18.89,28.50
51.218,0.000,0.000,18.23,27.86
51.219,0.000,0.000,18.23,27.34
51.221,0.000,0.000,17.55,26.64
51.225,0.000,0.000,17.55,26.08
51.234,0.000,0.000,16.87,25.49
51.235,0.000,0.000,16.87,25.01
51.236,0.000,0.000,16.87,24.62
51.237,0.000,0.000,16.87,24.32
51.269,0.000,0.000,16.24,23.89
51.270,0.000,0.000,16.24,23.54
51.271,0.000,0.000,15.65,22.96
51.272,0.000,0.000,15.65,22.49
51.283,0.000,0.000,15.08,22.03
51.284,0.000,0.000,15.08,21.66
51.285,0.000,0.000,15.08,21.36
51.286,0.000,0.000,15.08,21.12
51.307,0.000,0.000,14.48,20.69
51.308,0.000,0.000,14.48,20.34
51.311,0.000,0.000,13.90,19.89
51.312,0.000,0.000,13.90,19.52
51.328,0.000,0.000,13.41,19.08
51.335,0.000,0.000,13.41,18.73
51.336,0.000,0.000,13.41,20.03
51.337,0.000,0.000,13.41,21.08
51.373,0.000,0.000,12.98,21.68
51.375,0.000,0.000,12.98,22.17
51.378,0.000,0.000,12.59,22.32
51.383,0.000,0.000,12.59,22.45
51.386,0.000,0.000,12.24,22.37
51.387,0.000,0.000,12.24,22.30
51.388,0.000,0.000,12.24,22.25
51.389,0.000,0.000,12.24,20.60
51.394,0.000,0.000,11.96,19.01
51.395,0.000,0.000,11.96,17.74
51.405,0.000,0.000,11.96,16.73
51.406,0.000,0.000,11.96,15.91
51.441,0.000,0.000,11.77,15.06
51.444,0.000,0.000,11.77,14.37
51.451,0.000,0.000,11.61,13.83
51.453,0.000,0.000,11.61,13.39
51.454,0.000,0.000,11.45,13.04
51.455,0.000,0.000,11.45,12.76
51.456,0.000,0.000,11.45,12.53
51.458,0.000,0.000,11.45,12.36
51.462,0.000,0.000,11.27,12.21
51.466,0.000,0.000,11.27,12.10
51.468,0.000,0.000,11.27,12.01
51.468,0.000,0.000,11.27,11.93
51.484,0.000,0.000,11.16,11.87
51.485,0.000,0.000,11.16,11.83
51.511,0.000,0.000,11.16,11.79
51.512,0.000,0.000,11.16,11.76
51.514,0.000,0.000,11.02,11.73
51.519,0.000,0.000,11.02,11.71
51.520,0.000,0.000,11.02,11.70
51.520,0.000,0.000,11.02,11.69
51.522,0.000,0.000,10.80,11.68
51.523,0.000,0.000,10.80,11.67
51.532,0.000,0.000,10.62,11.66
51.533,0.000,0.000,10.62,11.66
51.534,0.000,0.000,10.62,11.65
51.534,0.000,0.000,10.62,11.65
51.536,0.000,0.000,10.39,11.65
51.537,0.000,0.000,10.39,11.65
51.538,0.000,0.000,10.39,11.64
51.539,0.000,0.000,10.39,11.64
51.568,0.000,0.000,10.26,11.64
51.569,0.000,0.000,10.26,11.64
51.572,0.000,0.000,9.99,11.64
51.574,0.000,0.000,9.99,11.64
51.584,0.000,0.000,9.72,11.64
51.585,0.000,0.000,9.72,11.64
51.607,0.000,0.000,9.51,11.64
51.613,0.000,0.000,9.51,11.64
51.618,0.000,0.000,9.30,11.64
51.619,0.000,0.000,9.30,11.64
51.624,0.000,0.000,9.30,11.64
51.633,0.000,0.000,9.30,11.64
51.634,0.000,0.000,9.14,11.64
51.637,0.000,0.000,9.14,11.64
51.637,0.000,0.000,9.14,11.64
51.639,0.000,0.000,9.14,11.64
51.674,0.000,0.000,9.16,11.64
51.679,0.000,0.000,9.16,11.64
51.680,0.000,0.000,9.16,11.64
51.681,0.000,0.000,9.16,11.64
51.686,0.000,0.000,9.16,11.64
51.687,0.000,0.000,9.16,11.64
51.695,0.000,0.000,9.23,11.64
51.699,0.000,0.000,9.23,11.64
51.700,0.000,0.000,9.23,11.64
51.701,0.000,0.000,9.23,11.64
51.703,0.000,0.000,9.36,11.64
51.703,0.000,0.000,9.36,11.64
51.704,0.000,0.000,9.36,11.64
51.705,0.000,0.000,9.36,11.64
51.736,0.000,0.000,9.55,11.64
51.737,0.000,0.000,9.55,11.64
51.742,0.000,0.000,9.61,11.64
51.745,0.000,0.000,9.61,11.64
51.751,0.000,0.000,9.71,11.64
51.752,0.000,0.000,9.71,11.64
51.753,0.000,0.000,9.71,11.64
51.753,0.000,0.000,9.71,11.64
51.779,0.000,0.000,9.76,11.64
51.786,0.000,0.000,9.76,11.64
51.788,0.000,0.000,9.82,11.64
51.792,0.000,0.000,9.82,11.64
51.803,0.000,0.000,9.79,11.64
51.804,0.000,0.000,9.79,11.64
51.806,0.000,0.000,9.79,11.64
51.818,0.000,0.000,9.79,11.64
51.834,0.000,0.000,9.73,11.64
51.835,0.000,0.000,9.73,11.64
51.835,0.000,0.000,9.73,11.64
51.836,0.000,0.000,9.73,11.64
51.851,0.000,0.000,9.68,11.64
51.852,0.000,0.000,9.68,11.64
51.853,0.000,0.000,9.61,11.64
51.854,0.000,0.000,9.61,11.64
51.855,0.000,0.000,9.61,11.64
51.856,0.000,0.000,9.61,11.64
51.865,0.000,0.000,9.54,11.64
51.866,0.000,0.000,9.54,11.64
51.867,0.000,0.000,9.54,11.64
51.868,0.000,0.000,9.54,11.64
51.885,0.000,0.000,9.52,11.64
51.886,0.000,0.000,9.52,11.64
51.921,0.000,0.000,9.52,11.64
51.922,0.000,0.000,9.52,11.64
51.923,0.000,0.000,9.59,11.64
51.924,0.000,0.000,9.59,11.64
51.927,0.000,0.000,9.59,11.64
51.928,0.000,0.000,9.59,11.64
51.934,0.000,0.000,9.73,11.64
51.934,0.000,0.000,9.73,11.64
51.937,0.000,0.000,9.93,11.64
51.938,0.000,0.000,9.93,11.64
51.938,0.000,0.000,9.93,11.64
51.939,0.000,0.000,9.93,11.64
51.941,0.000,0.000,10.25,11.64
51.945,0.000,0.000,10.25,11.64
51.950,0.000,0.000,10.25,11.64
51.951,0.000,0.000,10.25,11.64
51.952,0.000,0.000,10.68,11.64
51.953,0.000,0.000,10.68,11.64
51.986,0.000,0.000,11.09,11.64
51.987,0.000,0.000,11.09,11.64
51.988,0.000,0.000,11.09,11.64
51.988,0.000,0.000,11.09,11.64
51.995,0.000,0.000,11.43,11.64
51.999,0.000,0.000,11.43,11.64
52.000,0.000,0.000,11.43,11.64
52.000,0.000,0.000,11.43,11.64
52.001,0.000,0.000,11.63,11.64
52.005,0.000,0.000,11.63,11.64
52.005,0.000,0.000,11.63,11.64
52.009,0.000,0.000,11.63,11.64
52.035,0.000,0.000,11.79,11.64
52.036,0.000,0.000,11.79,11.64
52.039,0.000,0.000,11.96,11.64
52.048,0.000,0.000,11.96,11.64
52.051,0.000,0.000,12.05,11.64
52.052,0.000,0.000,12.05,10.79
52.053,0.000,0.000,12.05,10.11
52.054,0.000,0.000,12.05,9.56
52.088,0.000,0.000,12.20,9.15
52.089,0.000,0.000,12.20,8.81
52.101,0.000,0.000,12.20,8.55
52.102,0.000,0.000,12.20,8.33
52.103,0.000,0.000,12.26,8.17
52.104,0.000,0.000,12.26,8.04
52.108,0.000,0.000,12.28,7.93
52.112,0.000,0.000,12.28,7.85
52.116,0.000,0.000,12.31,7.78
52.117,0.000,0.000,12.31,7.73
52.118,0.000,0.000,12.31,7.69
52.119,0.000,0.000,12.31,7.65
52.158,0.000,0.000,12.37,7.63
52.162,0.000,0.000,12.37,7.60
52.165,0.000,0.000,12.37,7.59
52.166,0.000,0.000,12.37,7.57
52.169,0.000,0.000,12.25,7.56
52.170,0.000,0.000,12.25,7.55
52.170,0.000,0.000,12.25,7.54
52.171,0.000,0.000,12.25,7.54
52.200,0.000,0.000,12.07,7.53
52.201,0.000,0.000,12.07,7.53
52.217,0.000,0.000,12.01,7.53
52.220,0.000,0.000,12.01,7.52
52.221,0.000,0.000,12.01,7.52
52.224,0.000,0.000,12.01,7.52
52.235,0.000,0.000,12.00,7.52
52.236,0.000,0.000,12.00,7.52
52.237,0.000,0.000,12.00,7.52
52.238,0.000,0.000,12.00,7.52
52.242,0.000,0.000,11.97,7.52
52.249,0.000,0.000,11.97,7.52
52.267,0.000,0.000,11.97,7.52
52.268,0.000,0.000,11.97,7.52
52.269,0.000,0.000,11.94,7.52
52.269,0.000,0.000,11.94,7.52
52.270,0.000,0.000,11.94,7.52
52.271,0.000,0.000,11.94,7.52
52.286,0.000,0.000,11.90,7.52
52.287,0.000,0.000,11.90,7.52
52.288,0.000,0.000,11.92,7.52
52.289,0.000,0.000,11.92,7.52
52.295,0.000,0.000,11.88,7.52
52.299,0.000,0.000,11.88,7.52
52.300,0.000,0.000,11.88,7.52
52.301,0.000,0.000,11.88,7.52
52.303,0.000,0.000,11.91,7.52
52.304,0.000,0.000,11.91,7.52
52.319,0.000,0.000,11.91,7.52
52.320,0.000,0.000,11.91,7.52
52.338,0.000,0.000,11.96,7.52
52.339,0.000,0.000,11.96,7.52
52.340,0.000,0.000,11.96,7.52
52.346,0.000,0.000,11.96,7.52
52.349,0.000,0.000,11.94,7.52
52.351,0.000,0.000,11.94,7.52
52.354,0.000,0.000,11.93,7.52
52.354,0.000,0.000,11.93,7.52
52.355,0.000,0.000,11.93,7.52
52.356,0.000,0.000,11.93,7.52
52.383,0.000,0.000,11.91,7.52
52.384,0.000,0.000,11.91,7.52
52.387,0.000,0.000,11.92,7.52
52.389,0.000,0.000,11.92,7.52
52.422,0.000,0.000,11.99,7.52
52.422,0.000,0.000,11.99,7.52
52.423,0.000,0.000,11.99,7.52
52.429,0.000,0.000,11.99,7.52
52.435,0.000,0.000,12.09,7.52
52.436,0.000,0.000,12.09,7.52
52.445,0.000,0.000,12.09,7.52
52.450,0.000,0.000,12.09,7.52
52.450,0.000,0.000,12.14,7.52
52.451,0.000,0.000,12.14,7.52
52.453,0.000,0.000,12.15,7.52
52.454,0.000,0.000,12.15,7.52
52.454,0.000,0.000,12.15,7.52
52.455,0.000,0.000,12.15,7.52
52.478,0.000,0.000,12.17,7.52
52.481,0.000,0.000,12.17,7.52
52.485,0.000,0.000,12.12,7.52
52.486,0.000,0.000,12.12,7.52
52.487,0.000,0.000,12.12,7.52
52.488,0.000,0.000,12.12,7.52
52.533,0.000,0.000,12.05,7.52
52.534,0.000,0.000,12.05,7.52
52.536,0.000,0.000,11.95,7.52
52.537,0.000,0.000,11.95,7.52
52.543,0.000,0.000,11.77,7.52
52.546,0.000,0.000,11.77,7.52
52.548,0.000,0.000,11.58,7.52
52.553,0.000,0.000,11.58,7.52
52.584,0.000,0.000,11.34,7.52
52.585,0.000,0.000,11.34,7.52
52.588,0.000,0.000,11.09,7.52
52.589,0.000,0.000,11.09,7.52
52.596,0.000,0.000,10.82,7.52
52.603,0.000,0.000,10.82,7.52
52.604,0.000,0.000,10.82,7.52
52.605,0.000,0.000,10.82,7.52
52.621,0.000,0.000,10.56,7.52
52.622,0.000,0.000,10.56,7.52
52.628,0.000,0.000,10.56,7.52
52.629,0.000,0.000,10.56,7.52
52.641,0.000,0.000,10.32,7.52
52.645,0.000,0.000,10.32,7.52
52.650,0.000,0.000,10.32,7.52
52.651,0.000,0.000,10.32,7.52
52.654,0.000,0.000,10.09,7.52
52.655,0.000,0.000,10.09,7.52
52.658,0.000,0.000,9.83,7.52
52.661,0.000,0.000,9.83,7.52
52.668,0.000,0.000,9.83,7.52
52.669,0.000,0.000,9.83,7.52
52.686,0.000,0.000,9.61,7.52
52.687,0.000,0.000,9.61,7.52
52.697,0.000,0.000,9.61,7.52
52.702,0.000,0.000,9.61,7.52
52.716,0.000,0.000,9.58,7.52
52.717,0.000,0.000,9.58,7.52
52.718,0.000,0.000,9.58,7.52
52.719,0.000,0.000,9.58,7.52
52.720,0.000,0.000,9.73,7.52
52.720,0.000,0.000,9.73,7.52
52.722,0.000,0.000,9.73,7.52
52.723,0.000,0.000,9.73,7.52
52.728,0.000,0.000,10.11,7.52
52.733,0.000,0.000,10.11,7.52
52.734,0.000,0.000,10.11,7.52
52.735,0.000,0.000,10.11,7.52
52.736,0.000,0.000,10.53,7.52
52.737,0.000,0.000,10.53,7.52
52.738,0.000,0.000,10.53,7.52
52.739,0.000,0.000,10.53,7.52
52.769,0.000,0.000,10.64,7.52
52.770,0.000,0.000,10.64,7.52
52.774,0.000,0.000,10.63,7.52
52.779,0.000,0.000,10.63,7.52
52.785,0.000,0.000,10.56,7.52
52.785,0.000,0.000,10.56,7.52
52.786,0.000,0.000,10.56,7.52
52.787,0.000,0.000,10.56,7.52
52.818,0.000,0.000,10.29,7.52
52.818,0.000,0.000,10.29,7.52
52.821,0.000,0.000,9.86,7.52
52.822,0.000,0.000,9.86,7.52
52.825,0.000,0.000,9.86,7.52
52.827,0.000,0.000,9.86,7.52
52.837,0.000,0.000,9.43,7.52
52.838,0.000,0.000,9.43,7.52
52.843,0.000,0.000,9.43,7.52
52.847,0.000,0.000,9.43,7.52
52.849,0.000,0.000,8.99,7.52
52.853,0.000,0.000,8.99,7.52
52.861,0.000,0.000,8.99,7.52
52.868,0.000,0.000,8.99,7.52
52.885,0.000,0.000,8.65,7.52
52.886,0.000,0.000,8.65,7.52
52.887,0.000,0.000,8.65,7.52
52.887,0.000,0.000,8.65,7.52
52.907,0.000,0.000,8.29,7.52
52.908,0.000,0.000,8.29,7.52
52.916,0.000,0.000,7.85,7.52
52.917,0.000,0.000,7.85,7.52
52.918,0.000,0.000,7.85,7.52
52.919,0.000,0.000,7.85,7.52
52.922,0.000,0.000,7.42,7.52
52.924,0.000,0.000,7.42,7.52
52.930,0.000,0.000,7.12,7.52
52.934,0.000,0.000,7.12,7.52
52.935,0.000,0.000,7.12,7.52
52.948,0.000,0.000,7.12,7.52
52.963,0.000,0.000,6.97,7.52
52.964,0.000,0.000,6.97,7.52
52.992,0.000,0.000,6.87,7.52
53.000,0.000,0.000,6.87,7.52
53.004,0.000,0.000,6.86,7.52
53.008,0.000,0.000,6.86,7.52
53.016,0.000,0.000,6.92,7.52
53.017,0.000,0.000,6.92,7.52
53.018,0.000,0.000,6.92,7.52
53.019,0.000,0.000,6.92,7.52
53.019,0.000,0.000,6.96,7.52
53.020,0.000,0.000,6.96,7.52
53.021,0.000,0.000,6.96,7.52
53.022,0.000,0.000,6.96,7.52
53.024,0.000,0.000,6.89,7.52
53.025,0.000,0.000,6.89,7.52
53.032,0.000,0.000,6.89,7.52
53.035,0.000,0.000,6.89,7.52
53.068,0.000,0.000,6.81,7.52
53.069,0.000,0.000,6.81,7.52
53.070,0.000,0.000,6.81,7.52
53.071,0.000,0.000,6.81,7.52
53.076,0.000,0.000,6.80,7.52
53.078,0.000,0.000,6.80,7.52
53.083,0.000,0.000,6.85,7.52
53.084,0.000,0.000,6.85,7.52
53.086,0.000,0.000,6.85,7.52
53.087,0.000,0.000,6.85,7.52
53.100,0.000,0.000,6.86,7.52
53.100,0.000,0.000,6.86,7.52
53.119,0.000,0.000,6.86,7.52
53.120,0.000,0.000,6.86,7.52
53.121,0.000,0.000,6.90,7.52
53.122,0.000,0.000,6.90,7.52
53.127,0.000,0.000,6.90,7.52
53.132,0.000,0.000,6.90,7.52
53.136,0.000,0.000,6.97,7.52
53.137,0.000,0.000,6.97,7.52
53.138,0.000,0.000,6.97,7.52
53.139,0.000,0.000,6.97,7.52
53.144,0.000,0.000,7.05,7.52
53.150,0.000,0.000,7.05,7.52
53.152,0.000,0.000,7.05,7.52
53.153,0.000,0.000,7.05,7.52
53.153,0.000,0.000,7.18,7.52
53.154,0.000,0.000,7.18,7.52
53.155,0.000,0.000,7.18,7.52
53.159,0.000,0.000,7.18,7.52
53.185,0.000,0.000,7.30,7.52
53.186,0.000,0.000,7.30,7.52
53.187,0.000,0.000,7.30,7.52
53.188,0.000,0.000,7.30,7.52
53.202,0.000,0.000,7.46,7.52
53.203,0.000,0.000,7.46,7.52
53.205,0.000,0.000,7.66,7.52
53.218,0.000,0.000,7.66,7.52
53.219,0.000,0.000,7.66,7.52
53.220,0.000,0.000,7.66,7.52
53.241,0.000,0.000,7.92,7.52
53.245,0.000,0.000,7.92,7.52
53.249,0.000,0.000,7.92,7.52
53.250,0.000,0.000,7.92,7.52
53.266,0.000,0.000,8.24,7.52
53.267,0.000,0.000,8.24,7.52
53.268,0.000,0.000,8.65,7.52
53.268,0.000,0.000,8.65,7.52
53.269,0.000,0.000,8.65,7.52
53.270,0.000,0.000,8.65,7.52
53.273,0.000,0.000,9.08,7.52
53.275,0.000,0.000,9.08,7.52
53.289,0.000,0.000,9.59,7.52
53.293,0.000,0.000,9.59,7.52
53.302,0.000,0.000,9.59,7.52
53.303,0.000,0.000,9.59,7.52
53.336,0.000,0.000,10.04,7.52
53.337,0.000,0.000,10.04,7.52
53.338,0.000,0.000,10.04,7.52
53.338,0.000,0.000,10.04,7.52
53.349,0.000,0.000,10.68,7.52
53.350,0.000,0.000,10.68,7.52
53.353,0.000,0.000,11.62,7.52
53.353,0.000,0.000,11.62,7.52
53.354,0.000,0.000,12.77,7.52
53.355,0.000,0.000,12.77,7.52
53.380,0.000,0.000,13.98,7.52
53.381,0.000,0.000,13.98,7.52
53.388,0.000,0.000,15.78,7.52
53.392,0.000,0.000,15.78,7.52
53.399,0.000,0.000,15.78,7.52
53.400,0.000,0.000,15.78,7.52
53.404,0.000,0.000,17.06,7.52
53.404,0.000,0.000,17.06,7.52
53.435,0.000,0.000,19.00,7.52
53.436,0.000,0.000,19.00,7.52
53.449,0.000,0.000,22.59,7.52
53.450,0.000,0.000,22.59,7.52
53.451,0.000,0.000,23.13,8.67
53.453,0.000,0.000,23.13,9.59
53.455,0.000,0.000,22.57,10.28
53.458,0.000,0.000,22.57,10.83
53.462,0.000,0.000,22.57,11.27
53.466,0.000,0.000,22.57,11.62
53.513,0.000,0.000,24.74,12.10
53.520,0.000,0.000,24.74,12.49
53.521,0.000,0.000,27.40,13.02
53.522,0.000,0.000,27.40,13.45
53.525,0.000,0.000,27.40,13.79
53.530,0.000,0.000,27.40,14.07
53.534,0.000,0.000,28.15,14.35
53.535,0.000,0.000,28.15,14.57
53.536,0.000,0.000,28.15,14.75
53.537,0.000,0.000,28.15,14.90
53.538,0.000,0.000,29.22,15.09
53.539,0.000,0.000,29.22,15.25
53.539,0.000,0.000,29.22,15.38
53.543,0.000,0.000,29.22,15.48
53.549,0.000,0.000,30.57,15.66
53.555,0.000,0.000,30.57,15.81
53.571,0.000,0.000,31.40,15.98
53.572,0.000,0.000,31.40,16.12
53.575,0.000,0.000,31.40,16.23
53.583,0.000,0.000,31.40,16.32
53.599,0.000,0.000,32.45,16.47
53.600,0.000,0.000,32.45,16.58
53.601,0.000,0.000,32.45,16.67
53.602,0.000,0.000,32.45,16.74
53.605,0.000,0.000,34.58,16.94
53.606,0.000,0.000,34.58,17.09
53.607,0.000,0.000,34.58,17.21
53.610,0.000,0.000,34.58,17.31
53.635,0.000,0.000,35.32,17.43
53.636,0.000,0.000,35.32,17.52
53.643,0.000,0.000,35.32,20.63
53.650,0.000,0.000,35.32,23.11
53.651,0.000,0.000,36.07,25.35
53.652,0.000,0.000,36.07,27.15
53.653,0.000,0.000,36.07,28.59
53.654,0.000,0.000,36.07,29.74
53.659,0.000,0.000,36.73,30.82
53.660,0.000,0.000,36.73,31.69
53.672,0.000,0.000,37.39,32.48
53.677,0.000,0.000,37.39,33.11
53.684,0.000,0.000,37.39,33.62
53.685,0.000,0.000,37.39,34.02
53.732,0.000,0.000,38.30,34.55
53.733,0.000,0.000,38.30,34.97
53.734,0.000,0.000,38.30,35.31
53.736,0.000,0.000,38.30,35.58
53.737,0.000,0.000,39.12,35.85
53.737,0.000,0.000,39.12,36.08
53.740,0.000,0.000,39.69,36.30
53.744,0.000,0.000,39.69,36.48
53.745,0.000,0.000,40.07,36.77
53.750,0.000,0.000,40.07,37.01
53.750,0.000,0.000,40.07,37.20
53.751,0.000,0.000,40.07,37.35
53.753,0.000,0.000,40.51,37.67
53.755,0.000,0.000,40.51,37.93
53.784,0.000,0.000,40.93,34.19
53.785,0.000,0.000,40.93,31.19
53.786,0.000,0.000,40.93,28.79
53.787,0.000,0.000,40.93,26.87
53.789,0.000,0.000,41.21,25.34
53.795,0.000,0.000,41.21,24.12
53.800,0.000,0.000,41.21,23.15
53.801,0.000,0.000,41.21,22.37
53.802,0.000,0.000,41.47,21.75
53.803,0.000,0.000,41.47,21.26
53.804,0.000,0.000,41.47,20.86
53.805,0.000,0.000,41.47,20.55
53.815,0.000,0.000,41.63,20.30
53.818,0.000,0.000,41.63,20.10
53.834,0.000,0.000,41.63,19.94
53.835,0.000,0.000,41.63,19.82
53.858,0.000,0.000,41.70,19.72
53.861,0.000,0.000,41.70,19.64
53.866,0.000,0.000,41.70,19.58
53.867,0.000,0.000,41.70,19.53
53.868,0.000,0.000,41.61,19.48
53.869,0.000,0.000,41.61,19.45
53.871,0.000,0.000,41.61,19.42
53.872,0.000,0.000,41.61,19.40
53.875,0.000,0.000,41.44,19.37
53.878,0.000,0.000,41.44,19.36
53.883,0.000,0.000,41.44,19.34
53.884,0.000,0.000,41.44,19.33
53.885,0.000,0.000,41.27,19.60
53.886,0.000,0.000,41.27,19.82
53.887,0.000,0.000,41.27,19.99
53.888,0.000,0.000,41.27,20.13
53.889,0.000,0.000,41.12,20.69
53.892,0.000,0.000,41.12,21.15
53.899,0.000,0.000,41.12,21.51
53.904,0.000,0.000,41.12,21.80
53.919,0.000,0.000,40.87,22.45
53.920,0.000,0.000,40.87,22.98
53.935,0.000,0.000,40.58,23.68
53.936,0.000,0.000,40.58,24.24
53.939,0.000,0.000,40.24,24.88
53.941,0.000,0.000,40.24,25.40
53.968,0.000,0.000,39.91,26.01
53.969,0.000,0.000,39.91,26.49
53.975,0.000,0.000,39.48,27.25
53.985,0.000,0.000,39.48,27.86
53.987,0.000,0.000,39.00,28.72
53.989,0.000,0.000,39.00,29.40
54.002,0.000,0.000,39.00,29.95
54.002,0.000,0.000,39.00,30.39
54.019,0.000,0.000,38.40,31.21
54.020,0.000,0.000,38.40,31.87
54.020,0.000,0.000,38.40,32.39
54.021,0.000,0.000,38.40,32.81
54.037,0.000,0.000,37.67,33.50
54.038,0.000,0.000,37.67,34.04
54.039,0.000,0.000,36.76,35.39
54.044,0.000,0.000,36.76,36.47
54.050,0.000,0.000,36.76,37.33
54.051,0.000,0.000,36.76,38.02
54.052,0.000,0.000,35.67,39.35
54.053,0.000,0.000,35.67,40.41
54.054,0.000,0.000,35.67,41.25
54.055,0.000,0.000,35.67,41.93
54.086,0.000,0.000,34.38,42.36
54.087,0.000,0.000,34.38,42.71
54.088,0.000,0.000,34.38,42.99
54.090,0.000,0.000,34.38,43.21
54.092,0.000,0.000,32.80,43.14
54.093,0.000,0.000,32.80,43.09
54.101,0.000,0.000,30.48,42.65
54.102,0.000,0.000,30.48,42.30
54.103,0.000,0.000,30.48,42.02
54.104,0.000,0.000,30.48,41.79
54.135,0.000,0.000,27.18,40.97
54.136,0.000,0.000,27.18,40.32
54.139,0.000,0.000,23.85,39.06
54.147,0.000,0.000,23.85,38.06
54.148,0.000,0.000,23.85,37.26
54.149,0.000,0.000,23.85,36.62
54.155,0.000,0.000,23.42,36.01
54.168,0.000,0.000,23.42,35.52
54.169,0.000,0.000,23.42,35.13
54.170,0.000,0.000,23.42,34.81
54.188,0.000,0.000,24.36,34.78
54.189,0.000,0.000,24.36,34.75
54.192,0.000,0.000,24.36,34.73
54.195,0.000,0.000,24.36,34.71
54.210,0.000,0.000,24.43,34.71
54.211,0.000,0.000,24.43,34.71
54.212,0.000,0.000,24.42,33.39
54.217,0.000,0.000,24.42,32.32
54.220,0.000,0.000,23.77,28.58
54.221,0.000,0.000,23.77,25.58
54.225,0.000,0.000,22.28,24.57
54.226,0.000,0.000,22.28,23.77
54.239,0.000,0.000,22.28,23.13
54.250,0.000,0.000,22.28,22.61
54.272,0.000,0.000,21.09,24.05
54.273,0.000,0.000,21.09,25.20
54.274,0.000,0.000,21.09,26.12
54.280,0.000,0.000,21.09,26.85
54.284,0.000,0.000,20.49,27.48
54.285,0.000,0.000,20.49,27.99
54.287,0.000,0.000,20.49,28.39
54.288,0.000,0.000,20.49,28.72
54.292,0.000,0.000,19.31,28.67
54.295,0.000,0.000,19.31,28.64
54.299,0.000,0.000,17.93,28.25
54.300,0.000,0.000,17.93,27.94
54.301,0.000,0.000,17.93,27.69
54.302,0.000,0.000,17.93,27.49
54.304,0.000,0.000,16.61,26.98
54.304,0.000,0.000,16.61,26.57
54.305,0.000,0.000,16.61,26.24
54.314,0.000,0.000,16.61,25.98
54.343,0.000,0.000,15.31,25.41
54.344,0.000,0.000,15.31,24.95
54.349,0.000,0.000,13.95,24.21
54.351,0.000,0.000,13.95,23.61
54.352,0.000,0.000,12.28,22.65
54.353,0.000,0.000,12.28,21.88
54.367,0.000,0.000,12.28,21.27
54.368,0.000,0.000,12.28,20.78
54.385,0.000,0.000,10.69,19.92
54.386,0.000,0.000,10.69,19.23
54.387,0.000,0.000,10.69,18.68
54.387,0.000,0.000,10.69,18.24
54.395,0.000,0.000,9.48,17.53
54.402,0.000,0.000,9.48,16.96
54.403,0.000,0.000,9.48,16.50
54.404,0.000,0.000,9.48,16.13
54.408,0.000,0.000,8.55,15.56
54.413,0.000,0.000,8.55,15.10
54.419,0.000,0.000,8.55,14.74
54.420,0.000,0.000,8.55,14.44
54.442,0.000,0.000,7.77,13.97
54.445,0.000,0.000,7.77,13.59
54.450,0.000,0.000,7.77,13.29
54.451,0.000,0.000,7.77,13.05
54.466,0.000,0.000,7.22,12.69
54.467,0.000,0.000,7.22,12.40
54.468,0.000,0.000,6.64,11.99
54.468,0.000,0.000,6.64,11.66
54.471,0.000,0.000,5.81,11.10
54.472,0.000,0.000,5.81,10.66
54.504,0.000,0.000,5.12,10.01
54.505,0.000,0.000,5.12,9.49
54.506,0.000,0.000,5.12,9.07
54.507,0.000,0.000,5.12,8.74
54.514,0.000,0.000,4.60,8.24
54.517,0.000,0.000,4.60,7.83
54.526,0.000,0.000,4.26,7.44
54.534,0.000,0.000,4.26,7.12
54.535,0.000,0.000,3.99,6.70
54.536,0.000,0.000,3.99,6.37
54.569,0.000,0.000,3.82,5.94
54.570,0.000,0.000,3.82,5.59
54.571,0.000,0.000,3.67,5.19
54.577,0.000,0.000,3.67,4.87
54.582,0.000,0.000,3.34,4.55
54.583,0.000,0.000,3.34,4.29
54.584,0.000,0.000,3.34,4.09
54.586,0.000,0.000,3.34,3.92
54.619,0.000,0.000,3.03,3.70
54.620,0.000,0.000,3.03,3.52
54.621,0.000,0.000,3.03,3.38
54.626,0.000,0.000,3.03,3.27
54.637,0.000,0.000,2.64,3.11
54.638,0.000,0.000,2.64,2.98
54.639,0.000,0.000,2.27,2.85
54.645,0.000,0.000,2.27,2.75
54.647,0.000,0.000,2.27,2.66
54.648,0.000,0.000,2.27,2.59
54.653,0.000,0.000,1.92,2.48
54.663,0.000,0.000,1.92,2.39
54.667,0.000,0.000,1.92,2.32
54.668,0.000,0.000,1.92,2.27
54.685,0.000,0.000,1.61,2.15
54.686,0.000,0.000,1.61,2.06
54.686,0.000,0.000,1.61,1.98
54.687,0.000,0.000,1.61,1.92
54.688,0.000,0.000,1.36,1.82
54.689,0.000,0.000,1.36,1.74
54.715,0.000,0.000,1.36,1.67
54.716,0.000,0.000,1.36,1.62
54.718,0.000,0.000,1.06,1.51
54.718,0.000,0.000,1.06,1.43
54.720,0.000,0.000,0.71,1.29
54.721,0.000,0.000,0.71,1.17
54.726,0.000,0.000,0.71,1.08
54.728,0.000,0.000,0.71,1.00
54.729,0.000,0.000,0.51,0.90
54.734,0.000,0.000,0.51,0.82
54.735,0.000,0.000,0.30,0.71
54.736,0.000,0.000,0.30,0.62
54.769,0.000,0.000,0.19,0.56
54.772,0.000,0.000,0.19,0.50
54.783,0.000,0.000,0.27,0.46
54.784,0.000,0.000,0.27,0.42
54.786,0.000,0.000,0.41,0.39
54.787,0.000,0.000,0.41,0.37
54.788,0.000,0.000,0.41,0.35
54.788,0.000,0.000,0.41,0.34
54.824,0.000,0.000,0.55,0.33
54.826,0.000,0.000,0.55,0.32
54.841,0.000,0.000,0.58,0.31
54.849,0.000,0.000,0.58,0.30
54.852,0.000,0.000,0.63,0.30
54.853,0.000,0.000,0.63,0.29
54.853,0.000,0.000,0.69,0.29
54.854,0.000,0.000,0.69,0.29
54.855,0.000,0.000,0.69,0.29
54.859,0.000,0.000,0.69,0.29
54.888,0.000,0.000,0.74,0.28
54.889,0.000,0.000,0.74,0.28
54.895,0.000,0.000,0.74,0.28
54.897,0.000,0.000,0.74,0.28
54.900,0.000,0.000,0.95,0.28
54.903,0.000,0.000,0.95,0.28
54.904,0.000,0.000,1.20,0.28
54.905,0.000,0.000,1.20,0.28
54.922,0.000,0.000,1.49,0.28
54.934,0.000,0.000,1.49,0.28
54.953,0.000,0.000,1.49,0.28
54.954,0.000,0.000,1.49,0.28
54.955,0.000,0.000,1.62,0.28
54.956,0.000,0.000,1.62,0.28
54.964,0.000,0.000,1.62,0.43
54.968,0.000,0.000,1.62,0.55
54.974,0.000,0.000,1.65,0.64
54.984,0.000,0.000,1.65,0.72
54.987,0.000,0.000,1.71,0.78
54.988,0.000,0.000,1.71,0.83
54.991,0.000,0.000,1.71,0.87
54.995,0.000,0.000,1.71,0.91
54.999,0.000,0.000,1.87,0.93
55.003,0.000,0.000,1.87,0.95
55.008,0.000,0.000,1.87,0.97
55.018,0.000,0.000,1.87,0.98
55.019,0.000,0.000,2.05,0.99
55.021,0.000,0.000,2.05,1.00
55.034,0.000,0.000,2.20,1.01
55.035,0.000,0.000,2.20,1.01
55.036,0.000,0.000,2.20,1.02
55.037,0.000,0.000,2.20,1.02
55.038,0.000,0.000,2.36,1.02
55.039,0.000,0.000,2.36,1.03
55.061,0.000,0.000,2.36,1.03
55.065,0.000,0.000,2.36,1.03
55.066,0.000,0.000,2.67,1.03
55.067,0.000,0.000,2.67,1.03
55.067,0.000,0.000,2.67,1.03
55.068,0.000,0.000,2.67,1.03
55.071,0.000,0.000,2.98,1.03
55.072,0.000,0.000,2.98,1.03
55.076,0.000,0.000,2.98,1.03
55.082,0.000,0.000,2.98,1.03
55.083,0.000,0.000,3.55,1.27
55.084,0.000,0.000,3.55,1.46
55.086,0.000,0.000,3.55,1.62
55.087,0.000,0.000,3.55,1.74
55.145,0.000,0.000,4.24,1.92
55.181,0.000,0.000,4.24,2.07
55.223,0.000,0.000,4.24,2.19
55.252,0.000,0.000,4.24,2.28
55.298,0.000,0.000,4.68,2.41
55.312,0.000,0.000,4.68,2.52
55.317,0.000,0.000,4.68,2.60
55.318,0.000,0.000,4.68,2.67
55.319,0.000,0.000,5.06,2.77
55.319,0.000,0.000,5.06,2.85
55.320,0.000,0.000,5.06,2.91
55.321,0.000,0.000,5.06,2.96
55.322,0.000,0.000,5.46,3.00
55.322,0.000,0.000,5.46,3.03
55.325,0.000,0.000,5.46,3.06
55.327,0.000,0.000,5.46,3.08
55.328,0.000,0.000,5.75,3.10
55.333,0.000,0.000,5.75,3.11
55.334,0.000,0.000,5.75,3.12
55.335,0.000,0.000,5.75,3.13
55.336,0.000,0.000,6.10,3.14
55.336,0.000,0.000,6.10,3.14
55.337,0.000,0.000,6.10,3.15
55.338,0.000,0.000,6.10,3.15
55.338,0.000,0.000,6.44,3.15
55.339,0.000,0.000,6.44,3.15
55.341,0.000,0.000,6.75,3.16
55.343,0.000,0.000,6.75,3.16
55.344,0.000,0.000,7.03,3.16
55.345,0.000,0.000,7.03,3.16
55.349,0.000,0.000,7.03,3.16
55.350,0.000,0.000,7.03,3.16
55.351,0.000,0.000,7.16,3.16
55.352,0.000,0.000,7.16,3.16
55.353,0.000,0.000,7.25,3.16
55.353,0.000,0.000,7.25,3.16
55.354,0.000,0.000,7.31,3.16
55.355,0.000,0.000,7.31,3.16
55.360,0.000,0.000,7.33,3.16
55.361,0.000,0.000,7.33,3.16
55.364,0.000,0.000,7.33,3.16
55.366,0.000,0.000,7.33,3.16
55.366,0.000,0.000,7.33,3.16
55.368,0.000,0.000,7.33,3.16
55.368,0.000,0.000,7.25,3.16
55.369,0.000,0.000,7.25,3.16
55.370,0.000,0.000,7.25,3.16
55.371,0.000,0.000,7.25,3.16
55.372,0.000,0.000,7.19,3.16
55.372,0.000,0.000,7.19,3.16
55.375,0.000,0.000,7.19,3.16
55.376,0.000,0.000,7.19,3.16
55.378,0.000,0.000,7.05,3.16
55.381,0.000,0.000,7.05,3.16
55.383,0.000,0.000,6.87,3.16
55.384,0.000,0.000,6.87,3.16
55.385,0.000,0.000,6.87,3.16
55.386,0.000,0.000,6.87,3.16
55.389,0.000,0.000,6.66,3.55
55.396,0.000,0.000,6.66,3.87
55.397,0.000,0.000,6.66,4.12
55.400,0.000,0.000,6.66,4.32
55.419,0.000,0.000,6.43,4.51
55.420,0.000,0.000,6.43,4.66
55.421,0.000,0.000,6.43,4.78
55.425,0.000,0.000,6.43,4.88
55.442,0.000,0.000,6.31,4.94
55.443,0.000,0.000,6.31,5.00
55.446,0.000,0.000,6.22,5.03
55.450,0.000,0.000,6.22,5.05
55.451,0.000,0.000,6.22,5.07
55.452,0.000,0.000,6.22,5.09
55.453,0.000,0.000,6.04,5.06
55.454,0.000,0.000,6.04,5.04
55.458,0.000,0.000,6.04,5.03
55.462,0.000,0.000,6.04,5.01
55.463,0.000,0.000,5.86,4.97
55.467,0.000,0.000,5.86,4.94
55.468,0.000,0.000,5.86,4.91
55.468,0.000,0.000,5.86,4.89
55.485,0.000,0.000,5.60,4.84
55.486,0.000,0.000,5.60,4.79
55.504,0.000,0.000,5.60,4.75
55.517,0.000,0.000,5.60,4.72
55.518,0.000,0.000,5.44,4.69
55.519,0.000,0.000,5.44,4.66
55.520,0.000,0.000,5.44,4.64
55.521,0.000,0.000,5.44,4.63
55.524,0.000,0.000,5.11,4.60
55.528,0.000,0.000,5.11,4.57
55.531,0.000,0.000,4.84,4.54
55.535,0.000,0.000,4.84,4.51
55.536,0.000,0.000,4.84,4.49
55.537,0.000,0.000,4.84,4.47
55.543,0.000,0.000,4.47,4.42
55.551,0.000,0.000,4.47,4.38
55.567,0.000,0.000,4.21,4.31
55.570,0.000,0.000,4.21,4.25
55.571,0.000,0.000,4.21,4.20
55.572,0.000,0.000,4.21,4.17
55.589,0.000,0.000,3.86,4.10
55.592,0.000,0.000,3.86,4.04
55.593,0.000,0.000,3.48,3.95
55.594,0.000,0.000,3.48,3.87
55.601,0.000,0.000,3.48,3.80
55.602,0.000,0.000,3.48,3.75
55.604,0.000,0.000,3.03,3.64
55.605,0.000,0.000,3.03,3.55
55.607,0.000,0.000,3.03,3.47
55.608,0.000,0.000,3.03,3.42
55.638,0.000,0.000,2.63,3.29
55.639,0.000,0.000,2.63,3.20
55.640,0.000,0.000,2.63,3.12
55.647,0.000,0.000,2.63,3.06
55.652,0.000,0.000,2.18,2.92
55.653,0.000,0.000,2.18,2.81
55.655,0.000,0.000,2.18,2.72
55.658,0.000,0.000,2.18,2.65
55.661,0.000,0.000,1.86,2.53
55.662,0.000,0.000,1.86,2.44
55.666,0.000,0.000,1.86,2.37
55.667,0.000,0.000,1.86,2.31
