Time(sec),Force(g),Displacement(mm),Angle(deg),Target_Force(g)
0.010,0.000,0.000,0.93,0.00
0.018,0.000,0.000,0.93,0.00
0.026,0.000,0.000,0.93,0.00
0.032,0.000,0.000,0.93,0.00
0.037,0.000,0.000,0.97,0.00
0.043,0.000,0.000,0.97,0.00
0.059,0.000,0.000,1.23,0.00
0.060,0.000,0.000,1.23,0.00
0.076,0.000,0.000,1.62,0.00
0.077,0.000,0.000,1.62,0.00
0.083,0.000,0.000,1.79,0.00
0.084,0.000,0.000,1.79,0.00
0.085,0.000,0.000,1.79,0.00
0.086,0.000,0.000,1.79,0.00
0.099,0.000,0.000,2.04,0.00
0.100,0.000,0.000,2.04,0.00
0.116,0.000,0.000,2.29,0.00
0.117,0.000,0.000,2.29,0.00
0.124,0.000,0.000,2.62,0.00
0.125,0.000,0.000,2.62,0.00
0.126,0.000,0.000,2.62,0.00
0.127,0.000,0.000,2.62,0.00
0.151,0.000,0.000,2.95,0.00
0.152,0.000,0.000,2.95,0.00
0.154,0.000,0.000,2.95,0.00
0.157,0.000,0.000,2.95,0.00
0.160,0.000,0.000,3.30,0.00
0.161,0.000,0.000,3.30,0.00
0.184,0.000,0.000,3.55,0.00
0.185,0.000,0.000,3.55,0.00
0.185,0.000,0.000,3.55,0.00
0.191,0.000,0.000,3.55,0.00
0.194,0.000,0.000,3.79,0.00
0.194,0.000,0.000,3.79,0.00
0.195,0.000,0.000,3.79,0.00
0.196,0.000,0.000,3.79,0.00
0.198,0.000,0.000,4.00,0.00
0.198,0.000,0.000,4.00,0.00
0.203,0.000,0.000,4.00,0.00
0.206,0.000,0.000,4.00,0.00
0.208,0.000,0.000,4.00,0.00
0.209,0.000,0.000,4.00,0.00
0.234,0.000,0.000,4.13,0.00
0.235,0.000,0.000,4.13,0.00
0.236,0.000,0.000,4.13,0.00
0.237,0.000,0.000,4.13,0.00
0.242,0.000,0.000,4.17,0.00
0.243,0.000,0.000,4.17,0.00
0.246,0.000,0.000,4.25,0.00
0.247,0.000,0.000,4.25,0.00
0.247,0.000,0.000,4.25,0.00
0.248,0.000,0.000,4.25,0.00
0.253,0.000,0.000,4.25,0.00
0.256,0.000,0.000,4.25,0.00
0.278,0.000,0.000,4.34,0.00
0.286,0.000,0.000,4.34,0.00
0.289,0.000,0.000,4.34,0.00
0.291,0.000,0.000,4.34,0.00
0.296,0.000,0.000,4.39,0.00
0.300,0.000,0.000,4.39,0.00
0.303,0.000,0.000,4.39,0.00
0.306,0.000,0.000,4.39,0.00
0.307,0.000,0.000,4.44,0.00
0.307,0.000,0.000,4.44,0.00
0.310,0.000,0.000,4.44,0.00
0.311,0.000,0.000,4.44,0.00
0.312,0.000,0.000,4.55,0.00
0.316,0.000,0.000,4.55,0.00
0.317,0.000,0.000,4.55,0.00
0.318,0.000,0.000,4.55,0.00
0.341,0.000,0.000,4.66,0.00
0.342,0.000,0.000,4.66,0.00
0.345,0.000,0.000,4.81,0.00
0.346,0.000,0.000,4.81,0.00
0.347,0.000,0.000,4.81,0.00
0.348,0.000,0.000,4.81,0.00
0.359,0.000,0.000,4.94,0.00
0.360,0.000,0.000,4.94,0.00
0.385,0.000,0.000,5.16,0.00
0.386,0.000,0.000,5.16,0.00
0.386,0.000,0.000,5.16,0.00
0.387,0.000,0.000,5.16,0.00
0.392,0.000,0.000,5.33,0.00
0.394,0.000,0.000,5.33,0.00
0.406,0.000,0.000,5.52,0.00
0.408,0.000,0.000,5.52,0.00
0.409,0.000,0.000,5.52,0.00
0.410,0.000,0.000,5.52,0.00
0.434,0.000,0.000,5.66,0.00
0.435,0.000,0.000,5.66,0.00
0.440,0.000,0.000,5.79,0.00
0.442,0.000,0.000,5.79,0.00
0.455,0.000,0.000,5.90,0.00
0.457,0.000,0.000,5.90,0.00
0.459,0.000,0.000,5.90,0.00
0.460,0.000,0.000,5.90,0.00
0.482,0.000,0.000,6.04,0.00
0.483,0.000,0.000,6.04,0.00
0.484,0.000,0.000,6.04,0.00
0.485,0.000,0.000,6.04,0.00
0.490,0.000,0.000,6.18,0.00
0.493,0.000,0.000,6.18,0.00
0.494,0.000,0.000,6.18,0.00
0.495,0.000,0.000,6.18,0.00
0.503,0.000,0.000,6.24,0.00
0.504,0.000,0.000,6.24,0.00
0.506,0.000,0.000,6.24,0.00
0.507,0.000,0.000,6.24,0.00
0.532,0.000,0.000,6.32,0.00
0.533,0.000,0.000,6.32,0.00
0.536,0.000,0.000,6.44,0.00
0.537,0.000,0.000,6.44,0.00
0.538,0.000,0.000,6.44,0.00
0.541,0.000,0.000,6.44,0.00
0.550,0.000,0.000,6.52,0.00
0.551,0.000,0.000,6.52,0.00
0.552,0.000,0.000,6.52,0.00
0.553,0.000,0.000,6.52,0.00
0.575,0.000,0.000,6.81,0.00
0.576,0.000,0.000,6.81,0.00
0.588,0.000,0.000,6.81,0.00
0.591,0.000,0.000,6.81,0.00
0.593,0.000,0.000,7.16,0.00
0.594,0.000,0.000,7.16,0.00
0.600,0.000,0.000,7.70,0.00
0.601,0.000,0.000,7.70,0.00
0.602,0.000,0.000,7.70,0.00
0.605,0.000,0.000,7.70,0.00
0.628,0.000,0.000,8.27,0.00
0.629,0.000,0.000,8.27,0.00
0.635,0.000,0.000,8.82,0.00
0.636,0.000,0.000,8.82,0.00
0.637,0.000,0.000,8.82,0.00
0.638,0.000,0.000,8.82,0.00
0.646,0.000,0.000,9.34,0.00
0.650,0.000,0.000,9.34,0.00
0.651,0.000,0.000,9.34,0.00
0.652,0.000,0.000,9.34,0.00
0.682,0.000,0.000,9.95,0.00
0.683,0.000,0.000,9.95,0.00
0.684,0.000,0.000,9.95,0.00
0.685,0.000,0.000,9.95,0.00
0.692,0.000,0.000,10.71,0.00
0.693,0.000,0.000,10.71,0.00
0.694,0.000,0.000,11.44,0.00
0.695,0.000,0.000,11.44,4.23
0.696,0.000,0.000,11.44,7.19
0.701,0.000,0.000,11.44,9.26
0.711,0.000,0.000,12.10,10.96
0.726,0.000,0.000,12.10,12.14
0.727,0.000,0.000,12.10,12.97
0.728,0.000,0.000,12.10,13.55
0.751,0.000,0.000,12.64,14.14
0.752,0.000,0.000,12.64,14.55
0.753,0.000,0.000,12.64,14.83
0.756,0.000,0.000,12.64,15.03
0.762,0.000,0.000,13.18,15.39
0.766,0.000,0.000,13.18,15.64
0.784,0.000,0.000,13.68,16.05
0.785,0.000,0.000,13.68,16.34
0.793,0.000,0.000,14.26,16.81
0.794,0.000,0.000,14.26,17.15
0.799,0.000,0.000,15.14,17.60
0.804,0.000,0.000,15.14,17.92
0.809,0.000,0.000,15.97,18.31
0.810,0.000,0.000,15.97,18.58
0.826,0.000,0.000,15.97,18.77
0.827,0.000,0.000,15.97,18.91
0.850,0.000,0.000,16.63,19.19
0.851,0.000,0.000,16.63,19.39
0.860,0.000,0.000,17.27,19.64
0.861,0.000,0.000,17.27,19.81
0.862,0.000,0.000,17.27,19.93
0.863,0.000,0.000,17.27,20.02
0.883,0.000,0.000,17.91,20.35
0.884,0.000,0.000,17.91,20.58
0.892,0.000,0.000,18.58,21.03
0.893,0.000,0.000,18.58,21.34
0.894,0.000,0.000,19.13,21.79
0.895,0.000,0.000,19.13,22.11
0.918,0.000,0.000,19.60,22.57
0.919,0.000,0.000,19.60,22.90
0.924,0.000,0.000,20.16,23.25
0.925,0.000,0.000,20.16,23.50
0.926,0.000,0.000,20.16,23.67
0.927,0.000,0.000,20.16,23.79
0.934,0.000,0.000,20.76,24.01
0.935,0.000,0.000,20.76,24.17
0.937,0.000,0.000,20.76,24.27
0.940,0.000,0.000,20.76,24.35
0.969,0.000,0.000,21.29,24.72
0.970,0.000,0.000,21.29,24.98
0.972,0.000,0.000,21.68,25.16
0.974,0.000,0.000,21.68,25.29
0.977,0.000,0.000,21.68,25.37
0.979,0.000,0.000,21.68,25.44
0.983,0.000,0.000,21.95,25.61
0.984,0.000,0.000,21.95,25.73
0.985,0.000,0.000,21.95,25.81
0.986,0.000,0.000,21.95,25.87
1.000,0.000,0.000,22.30,26.24
1.001,0.000,0.000,22.30,26.50
1.002,0.000,0.000,22.30,26.68
1.005,0.000,0.000,22.30,26.81
1.029,0.000,0.000,22.69,27.12
1.033,0.000,0.000,22.69,27.34
1.034,0.000,0.000,22.69,27.50
1.035,0.000,0.000,22.69,27.60
1.042,0.000,0.000,23.05,27.77
1.043,0.000,0.000,23.05,27.89
1.044,0.000,0.000,23.05,27.98
1.044,0.000,0.000,23.05,28.04
1.049,0.000,0.000,23.39,28.55
1.050,0.000,0.000,23.39,28.90
1.051,0.000,0.000,23.39,29.16
1.052,0.000,0.000,23.39,29.33
1.079,0.000,0.000,23.71,29.56
1.080,0.000,0.000,23.71,29.72
1.085,0.000,0.000,24.15,29.82
1.086,0.000,0.000,24.15,29.89
1.089,0.000,0.000,24.15,20.93
1.091,0.000,0.000,24.15,14.65
1.094,0.000,0.000,24.65,10.25
1.098,0.000,0.000,24.65,7.18
1.099,0.000,0.000,24.65,5.02
1.100,0.000,0.000,24.65,3.52
1.133,0.000,0.000,25.06,2.46
1.133,0.000,0.000,25.06,1.72
1.135,0.000,0.000,25.47,1.21
1.136,0.000,0.000,25.47,0.84
1.137,0.000,0.000,25.47,0.59
1.138,0.000,0.000,25.47,0.41
1.143,0.000,0.000,25.88,0.29
1.144,0.000,0.000,25.88,0.20
1.145,0.000,0.000,25.88,0.14
1.146,0.000,0.000,25.88,0.10
1.166,0.000,0.000,26.38,0.07
1.167,0.000,0.000,26.38,0.05
1.183,0.000,0.000,26.38,0.03
1.184,0.000,0.000,26.38,0.02
1.186,0.000,0.000,27.03,0.02
1.188,0.000,0.000,27.03,0.01
1.192,0.000,0.000,27.53,0.01
1.193,0.000,0.000,27.53,0.01
1.207,0.000,0.000,27.99,0.00
1.209,0.000,0.000,27.99,0.00
1.210,0.000,0.000,27.99,0.00
1.210,0.000,0.000,27.99,0.00
1.233,0.000,0.000,28.55,0.00
1.234,0.000,0.000,28.55,0.00
1.240,0.000,0.000,29.27,0.00
1.241,0.000,0.000,29.27,9.80
1.242,0.000,0.000,29.27,16.67
1.243,0.000,0.000,29.27,21.47
1.257,0.000,0.000,29.81,24.94
1.258,0.000,0.000,29.81,27.36
1.259,0.000,0.000,29.81,29.06
1.260,0.000,0.000,29.81,30.25
1.261,0.000,0.000,29.81,31.08
1.262,0.000,0.000,29.81,31.67
1.292,0.000,0.000,30.36,32.22
1.293,0.000,0.000,30.36,32.61
1.294,0.000,0.000,30.36,32.88
1.294,0.000,0.000,30.36,33.07
1.296,0.000,0.000,30.82,33.34
1.300,0.000,0.000,30.82,33.54
1.303,0.000,0.000,31.24,33.79
1.304,0.000,0.000,31.24,33.97
1.307,0.000,0.000,31.24,34.10
1.308,0.000,0.000,31.24,34.19
1.333,0.000,0.000,31.69,34.61
1.334,0.000,0.000,31.69,34.91
1.340,0.000,0.000,32.35,35.18
1.341,0.000,0.000,32.35,35.38
1.350,0.000,0.000,33.22,35.43
1.351,0.000,0.000,33.22,35.47
1.352,0.000,0.000,33.22,35.50
1.353,0.000,0.000,33.22,35.52
1.383,0.000,0.000,34.31,35.33
1.384,0.000,0.000,34.31,35.20
1.385,0.000,0.000,34.31,35.11
1.387,0.000,0.000,34.31,35.05
1.392,0.000,0.000,35.45,34.82
1.394,0.000,0.000,35.45,34.66
1.395,0.000,0.000,35.45,34.54
1.399,0.000,0.000,35.45,34.46
1.400,0.000,0.000,36.74,34.17
1.401,0.000,0.000,36.74,33.97
1.402,0.000,0.000,36.74,33.83
1.407,0.000,0.000,36.74,33.73
1.429,0.000,0.000,38.00,33.66
1.433,0.000,0.000,38.00,33.62
1.436,0.000,0.000,39.27,33.59
1.437,0.000,0.000,39.27,33.57
1.446,0.000,0.000,40.69,33.46
1.449,0.000,0.000,40.69,33.38
1.450,0.000,0.000,40.69,33.32
1.451,0.000,0.000,40.69,33.28
1.479,0.000,0.000,41.89,33.40
1.480,0.000,0.000,41.89,33.48
1.485,0.000,0.000,42.91,33.66
1.486,0.000,0.000,42.91,33.79
1.491,0.000,0.000,42.91,33.89
1.492,0.000,0.000,42.91,33.95
1.494,0.000,0.000,43.59,34.17
1.495,0.000,0.000,43.59,34.33
1.500,0.000,0.000,43.59,34.44
1.501,0.000,0.000,43.59,34.52
1.510,0.000,0.000,44.18,34.90
1.511,0.000,0.000,44.18,35.17
1.526,0.000,0.000,44.18,35.36
1.527,0.000,0.000,44.18,35.49
1.542,0.000,0.000,44.82,36.24
1.543,0.000,0.000,44.82,36.75
1.544,0.000,0.000,44.82,37.12
1.545,0.000,0.000,44.82,37.37
1.549,0.000,0.000,45.39,37.87
1.551,0.000,0.000,45.39,38.22
1.552,0.000,0.000,45.39,38.46
1.553,0.000,0.000,45.39,38.63
1.558,0.000,0.000,45.88,39.23
1.559,0.000,0.000,45.88,39.65
1.560,0.000,0.000,45.88,39.94
1.561,0.000,0.000,45.88,40.14
1.587,0.000,0.000,46.12,40.63
1.588,0.000,0.000,46.12,40.97
1.593,0.000,0.000,46.40,41.47
1.594,0.000,0.000,46.40,41.82
1.599,0.000,0.000,46.40,42.07
1.600,0.000,0.000,46.40,42.24
1.606,0.000,0.000,46.60,42.73
1.607,0.000,0.000,46.60,43.07
1.609,0.000,0.000,46.60,43.31
1.610,0.000,0.000,46.60,43.47
1.635,0.000,0.000,46.79,43.92
1.636,0.000,0.000,46.79,44.23
1.641,0.000,0.000,46.79,44.45
1.642,0.000,0.000,46.79,44.60
1.645,0.000,0.000,47.12,44.88
1.646,0.000,0.000,47.12,45.08
1.657,0.000,0.000,47.67,44.94
1.658,0.000,0.000,47.67,44.85
1.659,0.000,0.000,47.67,44.78
1.660,0.000,0.000,47.67,44.73
1.684,0.000,0.000,48.11,44.58
1.685,0.000,0.000,48.11,44.47
1.686,0.000,0.000,48.11,44.40
1.687,0.000,0.000,48.11,44.35
1.696,0.000,0.000,48.45,44.21
1.700,0.000,0.000,48.45,44.11
1.710,0.000,0.000,48.45,44.04
1.711,0.000,0.000,48.45,43.99
1.723,0.000,0.000,48.73,43.88
1.724,0.000,0.000,48.73,43.80
1.734,0.000,0.000,48.73,43.74
1.735,0.000,0.000,48.73,43.70
1.745,0.000,0.000,49.20,43.66
1.750,0.000,0.000,49.20,43.63
1.751,0.000,0.000,49.62,43.54
1.752,0.000,0.000,49.62,43.49
1.754,0.000,0.000,49.62,43.45
1.756,0.000,0.000,49.62,43.42
1.777,0.000,0.000,49.97,43.46
1.778,0.000,0.000,49.97,43.48
1.779,0.000,0.000,49.97,43.50
1.783,0.000,0.000,49.97,43.52
1.785,0.000,0.000,50.40,43.50
1.786,0.000,0.000,50.40,43.49
1.791,0.000,0.000,51.00,43.15
1.792,0.000,0.000,51.00,42.90
1.793,0.000,0.000,51.00,42.74
1.794,0.000,0.000,51.00,42.62
1.819,0.000,0.000,51.68,42.33
1.820,0.000,0.000,51.68,42.13
1.824,0.000,0.000,52.15,42.08
1.825,0.000,0.000,52.15,42.04
1.828,0.000,0.000,52.15,42.02
1.829,0.000,0.000,52.15,42.00
1.852,0.000,0.000,52.51,42.03
1.857,0.000,0.000,52.51,42.05
1.858,0.000,0.000,52.86,42.07
1.859,0.000,0.000,52.86,42.08
1.866,0.000,0.000,53.26,42.29
1.867,0.000,0.000,53.26,42.43
1.882,0.000,0.000,53.26,42.53
1.884,0.000,0.000,53.26,42.60
1.900,0.000,0.000,53.65,42.83
1.901,0.000,0.000,53.65,42.99
1.902,0.000,0.000,53.65,43.11
1.906,0.000,0.000,53.65,43.19
1.908,0.000,0.000,54.06,43.35
1.909,0.000,0.000,54.06,43.46
1.912,0.000,0.000,54.58,43.39
1.916,0.000,0.000,54.58,43.34
1.937,0.000,0.000,55.19,43.05
1.937,0.000,0.000,55.19,42.85
1.940,0.000,0.000,55.19,42.71
1.941,0.000,0.000,55.19,42.61
1.945,0.000,0.000,55.80,42.43
1.949,0.000,0.000,55.80,42.30
1.951,0.000,0.000,55.80,42.22
1.951,0.000,0.000,55.80,42.15
1.959,0.000,0.000,56.37,41.98
1.959,0.000,0.000,56.37,41.85
1.960,0.000,0.000,56.37,41.76
1.961,0.000,0.000,56.37,41.70
1.985,0.000,0.000,57.05,41.47
1.987,0.000,0.000,57.05,41.31
1.988,0.000,0.000,57.05,41.19
1.992,0.000,0.000,57.05,41.11
1.995,0.000,0.000,57.98,40.73
1.996,0.000,0.000,57.98,40.47
1.997,0.000,0.000,57.98,40.28
2.000,0.000,0.000,57.98,40.15
2.006,0.000,0.000,58.98,39.82
2.008,0.000,0.000,58.98,39.59
2.009,0.000,0.000,58.98,39.42
2.010,0.000,0.000,58.98,39.31
2.033,0.000,0.000,59.89,39.17
2.034,0.000,0.000,59.89,39.08
2.041,0.000,0.000,60.94,38.53
2.042,0.000,0.000,60.94,38.14
2.043,0.000,0.000,60.94,37.87
2.044,0.000,0.000,60.94,37.68
2.056,0.000,0.000,61.73,37.48
2.057,0.000,0.000,61.73,37.35
2.058,0.000,0.000,61.73,37.25
2.059,0.000,0.000,61.73,37.18
2.083,0.000,0.000,62.21,37.40
2.084,0.000,0.000,62.21,37.55
2.085,0.000,0.000,62.21,37.66
2.086,0.000,0.000,62.21,37.73
2.092,0.000,0.000,62.62,38.16
2.093,0.000,0.000,62.62,38.46
2.102,0.000,0.000,63.13,38.77
2.103,0.000,0.000,63.13,38.98
2.105,0.000,0.000,63.13,39.13
2.106,0.000,0.000,63.13,39.23
2.108,0.000,0.000,63.13,39.31
2.109,0.000,0.000,63.13,39.36
2.143,0.000,0.000,63.75,40.05
2.144,0.000,0.000,63.75,40.53
2.146,0.000,0.000,64.45,40.74
2.148,0.000,0.000,64.45,40.89
2.153,0.000,0.000,64.45,40.99
2.155,0.000,0.000,64.45,41.06
2.156,0.000,0.000,65.31,40.83
2.158,0.000,0.000,65.31,40.67
2.160,0.000,0.000,65.31,40.56
2.161,0.000,0.000,65.31,40.48
2.191,0.000,0.000,66.11,40.19
2.192,0.000,0.000,66.11,39.99
2.195,0.000,0.000,66.76,39.82
2.199,0.000,0.000,66.76,39.71
2.200,0.000,0.000,67.55,39.38
2.201,0.000,0.000,67.55,39.14
2.228,0.000,0.000,68.30,39.08
2.229,0.000,0.000,68.30,39.03
2.230,0.000,0.000,68.30,39.00
2.234,0.000,0.000,68.30,38.97
2.237,0.000,0.000,68.87,39.19
2.239,0.000,0.000,68.87,39.34
2.246,0.000,0.000,69.10,39.78
2.247,0.000,0.000,69.10,40.09
2.251,0.000,0.000,69.10,40.31
2.252,0.000,0.000,69.10,40.46
2.282,0.000,0.000,69.37,40.82
2.283,0.000,0.000,69.37,41.06
2.286,0.000,0.000,69.37,41.24
2.287,0.000,0.000,69.37,41.36
2.290,0.000,0.000,69.63,41.93
2.294,0.000,0.000,69.63,42.33
2.295,0.000,0.000,69.63,42.61
2.296,0.000,0.000,69.63,42.80
2.300,0.000,0.000,69.90,43.38
2.302,0.000,0.000,69.90,43.79
2.303,0.000,0.000,69.90,44.08
2.305,0.000,0.000,69.90,44.28
2.310,0.000,0.000,70.12,44.67
2.311,0.000,0.000,70.12,44.94
2.323,0.000,0.000,70.12,45.13
2.324,0.000,0.000,70.12,45.27
2.340,0.000,0.000,70.33,45.44
2.341,0.000,0.000,70.33,45.57
2.345,0.000,0.000,70.48,45.72
2.346,0.000,0.000,70.48,45.83
2.358,0.000,0.000,70.65,45.99
2.359,0.000,0.000,70.65,46.10
2.360,0.000,0.000,70.65,46.18
2.361,0.000,0.000,70.65,46.24
2.383,0.000,0.000,70.73,46.45
2.383,0.000,0.000,70.73,46.60
2.384,0.000,0.000,70.73,46.70
2.385,0.000,0.000,70.73,46.78
2.394,0.000,0.000,70.81,46.98
2.395,0.000,0.000,70.81,47.11
2.396,0.000,0.000,70.81,47.21
2.401,0.000,0.000,70.81,47.28
2.407,0.000,0.000,70.94,47.37
2.408,0.000,0.000,70.94,47.44
2.409,0.000,0.000,70.94,47.48
2.409,0.000,0.000,70.94,47.51
2.434,0.000,0.000,71.06,47.59
2.435,0.000,0.000,71.06,47.64
2.436,0.000,0.000,71.06,47.68
2.437,0.000,0.000,71.06,47.71
2.441,0.000,0.000,71.19,47.77
2.442,0.000,0.000,71.19,47.81
2.443,0.000,0.000,71.19,47.84
2.444,0.000,0.000,71.19,47.86
2.462,0.000,0.000,71.26,47.89
2.463,0.000,0.000,71.26,47.91
2.465,0.000,0.000,71.26,47.92
2.466,0.000,0.000,71.26,47.93
2.488,0.000,0.000,71.34,47.93
2.490,0.000,0.000,71.34,47.93
2.491,0.000,0.000,71.34,47.93
2.492,0.000,0.000,71.34,47.93
2.495,0.000,0.000,71.48,47.93
2.495,0.000,0.000,71.48,47.93
2.506,0.000,0.000,71.59,47.94
2.507,0.000,0.000,71.59,47.94
2.510,0.000,0.000,71.59,47.94
2.510,0.000,0.000,71.59,47.95
2.536,0.000,0.000,71.66,48.01
2.537,0.000,0.000,71.66,48.06
2.538,0.000,0.000,71.66,48.09
2.539,0.000,0.000,71.66,48.11
2.543,0.000,0.000,71.70,48.16
2.544,0.000,0.000,71.70,48.20
2.550,0.000,0.000,71.77,48.23
2.551,0.000,0.000,71.77,48.25
2.553,0.000,0.000,71.77,48.26
2.556,0.000,0.000,71.77,48.27
2.583,0.000,0.000,71.85,48.33
2.584,0.000,0.000,71.85,48.37
2.591,0.000,0.000,71.89,48.48
2.592,0.000,0.000,71.89,48.55
2.599,0.000,0.000,71.90,48.67
2.600,0.000,0.000,71.90,48.75
2.629,0.000,0.000,71.87,48.87
2.630,0.000,0.000,71.87,48.95
2.635,0.000,0.000,71.82,49.14
2.637,0.000,0.000,71.82,49.27
2.649,0.000,0.000,71.75,49.52
2.650,0.000,0.000,71.75,49.70
2.678,0.000,0.000,71.68,49.94
2.679,0.000,0.000,71.68,50.10
2.685,0.000,0.000,71.57,50.35
2.686,0.000,0.000,71.57,50.52
2.689,0.000,0.000,71.57,50.64
2.690,0.000,0.000,71.57,50.73
2.694,0.000,0.000,71.42,50.93
2.694,0.000,0.000,71.42,35.65
2.699,0.000,0.000,71.42,24.96
2.700,0.000,0.000,71.42,17.47
2.710,0.000,0.000,71.31,12.23
2.711,0.000,0.000,71.31,8.56
2.726,0.000,0.000,71.31,5.99
2.728,0.000,0.000,71.31,4.19
2.750,0.000,0.000,71.11,2.94
2.751,0.000,0.000,71.11,17.69
2.752,0.000,0.000,71.11,28.02
2.754,0.000,0.000,71.11,35.26
2.757,0.000,0.000,71.11,40.32
2.759,0.000,0.000,71.11,43.86
2.760,0.000,0.000,70.83,46.55
2.761,0.000,0.000,70.83,48.43
2.764,0.000,0.000,70.09,50.56
2.764,0.000,0.000,70.09,52.06
2.769,0.000,0.000,70.09,53.10
2.771,0.000,0.000,70.09,53.84
2.795,0.000,0.000,69.16,55.27
2.801,0.000,0.000,69.16,56.27
2.803,0.000,0.000,68.15,58.15
2.804,0.000,0.000,68.15,59.47
2.808,0.000,0.000,67.10,61.52
2.809,0.000,0.000,67.10,62.95
2.834,0.000,0.000,66.11,65.17
2.834,0.000,0.000,66.11,66.72
2.845,0.000,0.000,65.15,68.09
2.846,0.000,0.000,65.15,69.04
2.857,0.000,0.000,64.31,69.67
2.858,0.000,0.000,64.31,70.10
2.859,0.000,0.000,64.31,70.41
2.860,0.000,0.000,64.31,70.62
2.883,0.000,0.000,63.33,70.64
2.884,0.000,0.000,63.33,70.65
2.890,0.000,0.000,62.12,70.90
2.891,0.000,0.000,62.12,71.08
2.904,0.000,0.000,60.87,71.79
2.905,0.000,0.000,60.87,72.29
2.907,0.000,0.000,60.87,72.63
2.908,0.000,0.000,60.87,72.88
2.936,0.000,0.000,59.64,73.26
2.937,0.000,0.000,59.64,73.54
2.941,0.000,0.000,58.36,74.61
2.942,0.000,0.000,58.36,75.37
2.950,0.000,0.000,56.93,76.91
2.951,0.000,0.000,56.93,78.00
2.953,0.000,0.000,56.93,78.76
2.954,0.000,0.000,56.93,79.29
2.983,0.000,0.000,55.43,80.08
2.984,0.000,0.000,55.43,80.64
2.988,0.000,0.000,53.94,80.99
2.989,0.000,0.000,53.94,81.23
3.000,0.000,0.000,52.10,83.47
3.001,0.000,0.000,52.10,85.03
3.002,0.000,0.000,52.10,86.13
3.003,0.000,0.000,52.10,86.90
3.033,0.000,0.000,50.21,87.72
3.034,0.000,0.000,50.21,88.29
3.037,0.000,0.000,48.35,89.48
3.038,0.000,0.000,48.35,90.32
3.046,0.000,0.000,46.64,92.19
3.047,0.000,0.000,46.64,93.50
3.051,0.000,0.000,46.64,94.42
3.053,0.000,0.000,46.64,95.06
3.083,0.000,0.000,45.28,95.09
3.084,0.000,0.000,45.28,95.12
3.097,0.000,0.000,43.97,92.96
3.098,0.000,0.000,43.97,91.45
3.113,0.000,0.000,42.85,89.70
3.116,0.000,0.000,42.85,88.47
3.117,0.000,0.000,42.85,87.62
3.118,0.000,0.000,42.85,87.02
3.127,0.000,0.000,41.76,84.85
3.128,0.000,0.000,41.76,83.33
3.128,0.000,0.000,41.76,82.27
3.129,0.000,0.000,41.76,81.53
3.133,0.000,0.000,40.66,79.18
3.134,0.000,0.000,40.66,77.54
3.135,0.000,0.000,40.66,76.39
3.138,0.000,0.000,40.66,75.58
3.161,0.000,0.000,39.63,74.25
3.162,0.000,0.000,39.63,73.31
3.163,0.000,0.000,38.44,72.57
3.168,0.000,0.000,38.44,72.05
3.170,0.000,0.000,38.44,71.68
3.171,0.000,0.000,38.44,71.43
3.192,0.000,0.000,37.33,70.68
3.200,0.000,0.000,37.33,70.16
3.201,0.000,0.000,37.33,69.80
3.202,0.000,0.000,37.33,69.54
3.203,0.000,0.000,36.22,69.15
3.204,0.000,0.000,36.22,68.88
3.207,0.000,0.000,36.22,68.69
3.208,0.000,0.000,36.22,68.55
3.211,0.000,0.000,35.14,67.96
3.212,0.000,0.000,35.14,67.55
3.234,0.000,0.000,34.11,67.13
3.235,0.000,0.000,34.11,66.83
3.236,0.000,0.000,34.11,66.62
3.238,0.000,0.000,34.11,66.47
3.242,0.000,0.000,32.93,65.77
3.243,0.000,0.000,32.93,65.28
3.244,0.000,0.000,32.93,64.93
3.245,0.000,0.000,32.93,64.69
3.256,0.000,0.000,31.83,64.11
3.258,0.000,0.000,31.83,63.71
3.259,0.000,0.000,31.83,63.43
3.260,0.000,0.000,31.83,63.23
3.284,0.000,0.000,30.77,62.31
3.285,0.000,0.000,30.77,61.67
3.289,0.000,0.000,29.78,61.22
3.291,0.000,0.000,29.78,60.91
3.292,0.000,0.000,29.78,60.69
3.293,0.000,0.000,29.78,60.53
3.307,0.000,0.000,28.82,59.84
3.308,0.000,0.000,28.82,59.36
3.309,0.000,0.000,28.82,59.02
3.310,0.000,0.000,28.82,58.78
3.333,0.000,0.000,27.80,57.79
3.334,0.000,0.000,27.80,57.10
3.341,0.000,0.000,26.77,56.24
3.342,0.000,0.000,26.77,55.63
3.343,0.000,0.000,26.77,55.21
3.344,0.000,0.000,26.77,54.92
3.350,0.000,0.000,25.72,54.47
3.351,0.000,0.000,25.72,54.16
3.352,0.000,0.000,25.72,53.94
3.353,0.000,0.000,25.72,53.79
3.384,0.000,0.000,24.81,52.60
3.385,0.000,0.000,24.81,51.77
3.389,0.000,0.000,23.95,50.79
3.391,0.000,0.000,23.95,50.11
3.400,0.000,0.000,23.09,49.13
3.401,0.000,0.000,23.09,48.45
3.433,0.000,0.000,22.19,47.37
3.434,0.000,0.000,22.19,46.62
3.435,0.000,0.000,22.19,46.09
3.436,0.000,0.000,22.19,45.72
3.449,0.000,0.000,21.22,44.83
3.451,0.000,0.000,21.22,44.21
3.452,0.000,0.000,21.22,43.78
3.453,0.000,0.000,21.22,43.48
3.456,0.000,0.000,20.28,42.95
3.457,0.000,0.000,20.28,42.58
3.458,0.000,0.000,20.28,42.32
3.459,0.000,0.000,20.28,42.14
3.483,0.000,0.000,19.36,41.48
3.484,0.000,0.000,19.36,41.01
3.485,0.000,0.000,18.44,40.22
3.490,0.000,0.000,18.44,39.66
3.494,0.000,0.000,17.45,38.78
3.495,0.000,0.000,17.45,38.16
3.496,0.000,0.000,17.45,37.72
3.497,0.000,0.000,17.45,37.42
3.510,0.000,0.000,16.42,36.69
3.511,0.000,0.000,16.42,36.18
3.520,0.000,0.000,16.42,35.83
3.521,0.000,0.000,16.42,35.58
3.543,0.000,0.000,15.45,34.87
3.544,0.000,0.000,15.45,34.37
3.550,0.000,0.000,15.45,34.02
3.551,0.000,0.000,15.45,33.77
3.554,0.000,0.000,14.64,33.01
3.555,0.000,0.000,14.64,32.49
3.560,0.000,0.000,13.95,31.55
3.561,0.000,0.000,13.95,30.90
3.585,0.000,0.000,13.40,29.83
3.586,0.000,0.000,13.40,29.09
3.587,0.000,0.000,13.40,28.57
3.591,0.000,0.000,13.40,28.20
3.594,0.000,0.000,12.93,27.34
3.595,0.000,0.000,12.93,26.74
3.596,0.000,0.000,12.93,26.32
3.597,0.000,0.000,12.93,26.03
3.607,0.000,0.000,12.58,25.28
3.608,0.000,0.000,12.58,24.76
3.610,0.000,0.000,12.58,24.40
3.611,0.000,0.000,12.58,24.14
3.634,0.000,0.000,12.40,23.58
3.635,0.000,0.000,12.40,23.20
3.635,0.000,0.000,12.40,22.92
3.636,0.000,0.000,12.40,22.73
3.644,0.000,0.000,12.40,22.29
3.645,0.000,0.000,12.40,21.97
3.646,0.000,0.000,12.40,21.75
3.647,0.000,0.000,12.40,21.60
3.655,0.000,0.000,12.48,21.21
3.657,0.000,0.000,12.48,20.93
3.659,0.000,0.000,12.48,20.74
3.660,0.000,0.000,12.48,20.60
3.687,0.000,0.000,12.64,20.33
3.688,0.000,0.000,12.64,20.13
3.692,0.000,0.000,12.85,19.84
3.693,0.000,0.000,12.85,19.64
3.694,0.000,0.000,12.85,19.49
3.695,0.000,0.000,12.85,19.39
3.702,0.000,0.000,13.13,19.26
3.706,0.000,0.000,13.13,19.16
3.707,0.000,0.000,13.13,19.09
3.708,0.000,0.000,13.13,19.05
3.734,0.000,0.000,13.48,19.04
3.735,0.000,0.000,13.48,19.04
3.741,0.000,0.000,13.89,19.03
3.742,0.000,0.000,13.89,19.03
3.743,0.000,0.000,13.89,19.02
3.744,0.000,0.000,13.89,19.02
3.750,0.000,0.000,14.45,13.31
3.751,0.000,0.000,14.45,9.32
3.752,0.000,0.000,14.45,6.52
3.753,0.000,0.000,14.45,4.57
3.786,0.000,0.000,15.17,3.20
3.787,0.000,0.000,15.17,2.24
3.788,0.000,0.000,15.17,1.57
3.789,0.000,0.000,15.17,1.10
3.790,0.000,0.000,16.03,0.77
3.794,0.000,0.000,16.03,0.54
3.798,0.000,0.000,16.03,6.33
3.800,0.000,0.000,16.03,10.38
3.802,0.000,0.000,17.11,13.35
3.803,0.000,0.000,17.11,15.42
3.835,0.000,0.000,18.32,16.98
3.836,0.000,0.000,18.32,18.07
3.840,0.000,0.000,19.69,19.01
3.842,0.000,0.000,19.69,19.66
3.846,0.000,0.000,21.20,20.29
3.850,0.000,0.000,21.20,20.74
3.851,0.000,0.000,21.20,21.05
3.852,0.000,0.000,21.20,21.26
3.883,0.000,0.000,22.75,21.68
3.884,0.000,0.000,22.75,21.97
3.891,0.000,0.000,24.19,22.43
3.892,0.000,0.000,24.19,22.75
3.894,0.000,0.000,25.42,23.25
3.895,0.000,0.000,25.42,23.61
3.911,0.000,0.000,26.55,24.14
3.912,0.000,0.000,26.55,24.52
3.936,0.000,0.000,27.53,25.20
3.938,0.000,0.000,27.53,25.67
3.944,0.000,0.000,28.43,26.28
3.945,0.000,0.000,28.43,26.71
3.946,0.000,0.000,28.43,27.01
3.950,0.000,0.000,28.43,27.22
3.959,0.000,0.000,29.21,27.75
3.960,0.000,0.000,29.21,28.12
3.961,0.000,0.000,29.21,28.39
3.961,0.000,0.000,29.21,28.57
3.985,0.000,0.000,29.94,29.11
3.986,0.000,0.000,29.94,29.48
3.987,0.000,0.000,29.94,29.74
3.990,0.000,0.000,29.94,29.93
3.994,0.000,0.000,30.73,30.38
3.995,0.000,0.000,30.73,30.69
3.996,0.000,0.000,30.73,30.91
3.997,0.000,0.000,30.73,31.07
4.007,0.000,0.000,31.51,31.35
4.008,0.000,0.000,31.51,31.54
4.009,0.000,0.000,31.51,31.68
4.010,0.000,0.000,31.51,31.77
4.049,0.000,0.000,32.26,32.23
4.050,0.000,0.000,32.26,32.55
4.053,0.000,0.000,32.97,32.89
4.054,0.000,0.000,32.97,33.14
4.056,0.000,0.000,32.97,33.31
4.057,0.000,0.000,32.97,33.43
4.062,0.000,0.000,33.73,33.74
4.063,0.000,0.000,33.73,33.95
4.093,0.000,0.000,34.61,34.10
4.094,0.000,0.000,34.61,34.20
4.095,0.000,0.000,34.61,34.27
4.096,0.000,0.000,34.61,34.32
4.100,0.000,0.000,35.52,34.41
4.101,0.000,0.000,35.52,34.46
4.102,0.000,0.000,36.37,34.45
4.104,0.000,0.000,36.37,34.44
4.107,0.000,0.000,36.37,34.43
4.109,0.000,0.000,36.37,34.42
4.133,0.000,0.000,37.09,34.61
4.134,0.000,0.000,37.09,34.75
4.137,0.000,0.000,37.67,34.94
4.141,0.000,0.000,37.67,35.08
4.150,0.000,0.000,38.12,35.54
4.151,0.000,0.000,38.12,35.86
4.153,0.000,0.000,38.12,36.09
4.156,0.000,0.000,38.12,36.25
4.185,0.000,0.000,38.52,36.79
4.186,0.000,0.000,38.52,37.17
4.193,0.000,0.000,38.98,37.92
4.194,0.000,0.000,38.98,38.44
4.199,0.000,0.000,39.50,38.85
4.200,0.000,0.000,39.50,39.14
4.202,0.000,0.000,39.50,39.35
4.203,0.000,0.000,39.50,39.49
4.234,0.000,0.000,40.07,39.65
4.235,0.000,0.000,40.07,39.76
4.236,0.000,0.000,40.07,39.84
4.237,0.000,0.000,40.07,39.89
4.241,0.000,0.000,40.63,40.07
4.244,0.000,0.000,40.63,40.19
4.247,0.000,0.000,41.16,40.12
4.248,0.000,0.000,41.16,40.07
4.283,0.000,0.000,41.72,39.96
4.284,0.000,0.000,41.72,39.89
4.285,0.000,0.000,41.72,39.84
4.286,0.000,0.000,41.72,39.80
4.289,0.000,0.000,42.31,39.94
4.291,0.000,0.000,42.31,40.04
4.294,0.000,0.000,42.93,40.05
4.295,0.000,0.000,42.93,40.06
4.297,0.000,0.000,42.93,40.07
4.298,0.000,0.000,42.93,40.07
4.310,0.000,0.000,43.61,39.95
4.311,0.000,0.000,43.61,39.86
4.323,0.000,0.000,43.61,39.80
4.325,0.000,0.000,43.61,39.76
4.341,0.000,0.000,44.29,39.80
4.342,0.000,0.000,44.29,39.82
4.343,0.000,0.000,44.29,39.84
4.344,0.000,0.000,44.29,39.85
4.350,0.000,0.000,44.86,39.95
4.351,0.000,0.000,44.86,40.02
4.358,0.000,0.000,45.33,40.06
4.359,0.000,0.000,45.33,40.09
4.360,0.000,0.000,45.33,40.11
4.361,0.000,0.000,45.33,40.12
4.384,0.000,0.000,45.79,40.33
4.385,0.000,0.000,45.79,40.48
4.386,0.000,0.000,45.79,40.58
4.391,0.000,0.000,45.79,40.65
4.394,0.000,0.000,46.30,40.90
4.395,0.000,0.000,46.30,41.08
4.409,0.000,0.000,46.77,41.34
4.410,0.000,0.000,46.77,41.52
4.412,0.000,0.000,46.77,41.65
4.413,0.000,0.000,46.77,41.74
4.435,0.000,0.000,47.15,41.91
4.436,0.000,0.000,47.15,42.03
4.437,0.000,0.000,47.15,42.11
4.442,0.000,0.000,47.15,42.17
4.445,0.000,0.000,47.42,42.46
4.446,0.000,0.000,47.42,42.67
4.458,0.000,0.000,47.70,42.98
4.459,0.000,0.000,47.70,43.19
4.460,0.000,0.000,47.70,43.34
4.461,0.000,0.000,47.70,43.44
4.484,0.000,0.000,47.99,43.69
4.485,0.000,0.000,47.99,43.86
4.491,0.000,0.000,48.30,44.12
4.492,0.000,0.000,48.30,44.29
4.493,0.000,0.000,48.30,44.42
4.493,0.000,0.000,48.30,44.51
4.503,0.000,0.000,48.67,44.60
4.508,0.000,0.000,48.67,44.67
4.509,0.000,0.000,48.67,44.72
4.510,0.000,0.000,48.67,44.76
4.532,0.000,0.000,49.14,44.64
4.533,0.000,0.000,49.14,44.56
4.537,0.000,0.000,49.67,44.23
4.538,0.000,0.000,49.67,43.99
4.541,0.000,0.000,49.67,43.83
4.543,0.000,0.000,49.67,43.72
4.551,0.000,0.000,50.18,43.46
4.552,0.000,0.000,50.18,43.28
4.553,0.000,0.000,50.18,43.15
4.554,0.000,0.000,50.18,43.06
4.582,0.000,0.000,50.68,42.94
4.583,0.000,0.000,50.68,42.86
4.586,0.000,0.000,51.18,42.64
4.588,0.000,0.000,51.18,42.49
4.600,0.000,0.000,51.68,42.30
4.601,0.000,0.000,51.68,42.16
4.602,0.000,0.000,51.68,42.07
4.605,0.000,0.000,51.68,42.01
4.629,0.000,0.000,52.22,42.08
4.630,0.000,0.000,52.22,42.14
4.636,0.000,0.000,52.75,42.14
4.637,0.000,0.000,52.75,42.14
4.650,0.000,0.000,53.24,42.01
4.651,0.000,0.000,53.24,41.92
4.652,0.000,0.000,53.24,41.86
4.653,0.000,0.000,53.24,41.82
4.682,0.000,0.000,53.75,41.80
4.683,0.000,0.000,53.75,41.78
4.684,0.000,0.000,53.75,41.77
4.685,0.000,0.000,53.75,41.77
4.688,0.000,0.000,54.26,41.83
4.691,0.000,0.000,54.26,41.87
4.694,0.000,0.000,54.72,41.84
4.695,0.000,0.000,54.72,41.82
4.696,0.000,0.000,54.72,41.81
4.697,0.000,0.000,54.72,41.80
4.712,0.000,0.000,55.11,41.93
4.713,0.000,0.000,55.11,42.01
4.724,0.000,0.000,55.11,42.08
4.728,0.000,0.000,55.11,42.12
4.743,0.000,0.000,55.62,42.22
4.744,0.000,0.000,55.62,42.29
4.749,0.000,0.000,56.16,42.34
4.750,0.000,0.000,56.16,42.37
4.758,0.000,0.000,56.69,42.31
4.759,0.000,0.000,56.69,42.27
4.760,0.000,0.000,56.69,42.24
4.761,0.000,0.000,56.69,42.22
4.784,0.000,0.000,57.14,42.27
4.786,0.000,0.000,57.14,42.31
4.788,0.000,0.000,57.14,42.33
4.790,0.000,0.000,57.14,42.35
4.794,0.000,0.000,57.61,42.28
4.794,0.000,0.000,57.61,42.22
4.795,0.000,0.000,57.61,42.19
4.799,0.000,0.000,57.61,42.16
4.808,0.000,0.000,58.18,42.09
4.809,0.000,0.000,58.18,42.04
4.810,0.000,0.000,58.18,42.01
4.811,0.000,0.000,58.18,41.99
4.834,0.000,0.000,58.83,41.92
4.835,0.000,0.000,58.83,41.87
4.839,0.000,0.000,59.53,41.70
4.842,0.000,0.000,59.53,41.58
4.843,0.000,0.000,59.53,41.50
4.844,0.000,0.000,59.53,41.44
4.857,0.000,0.000,60.34,41.13
4.858,0.000,0.000,60.34,40.92
4.859,0.000,0.000,60.34,40.77
4.860,0.000,0.000,60.34,40.67
4.889,0.000,0.000,61.31,40.25
4.891,0.000,0.000,61.31,39.95
4.892,0.000,0.000,61.31,39.75
4.893,0.000,0.000,61.31,39.60
4.901,0.000,0.000,62.12,39.38
4.902,0.000,0.000,62.12,39.23
4.905,0.000,0.000,62.51,39.25
4.907,0.000,0.000,62.51,39.26
4.908,0.000,0.000,62.51,39.27
4.909,0.000,0.000,62.51,39.28
4.935,0.000,0.000,62.60,39.72
4.936,0.000,0.000,62.60,40.03
4.937,0.000,0.000,62.60,40.25
4.938,0.000,0.000,62.60,40.41
4.944,0.000,0.000,62.52,41.19
4.945,0.000,0.000,62.52,41.74
4.950,0.000,0.000,62.29,43.22
4.951,0.000,0.000,62.29,44.25
4.954,0.000,0.000,62.29,44.97
4.957,0.000,0.000,62.29,45.48
4.986,0.000,0.000,61.96,46.90
4.987,0.000,0.000,61.96,47.89
4.988,0.000,0.000,61.96,48.58
4.990,0.000,0.000,61.96,49.07
4.994,0.000,0.000,61.57,50.30
4.995,0.000,0.000,61.57,51.16
5.000,0.000,0.000,61.57,51.77
5.001,0.000,0.000,61.57,52.19
5.002,0.000,0.000,60.99,53.34
5.003,0.000,0.000,60.99,54.15
5.007,0.000,0.000,60.99,54.71
5.008,0.000,0.000,60.99,55.11
5.034,0.000,0.000,60.09,56.33
5.035,0.000,0.000,60.09,57.19
5.040,0.000,0.000,58.96,58.74
5.042,0.000,0.000,58.96,59.82
5.049,0.000,0.000,57.69,62.54
5.050,0.000,0.000,57.69,64.45
5.051,0.000,0.000,57.69,65.78
5.052,0.000,0.000,57.69,66.71
5.095,0.000,0.000,56.18,69.05
5.099,0.000,0.000,56.18,70.68
5.100,0.000,0.000,54.45,73.65
5.109,0.000,0.000,54.45,75.73
5.110,0.000,0.000,52.64,79.13
5.111,0.000,0.000,52.64,81.51
5.112,0.000,0.000,52.64,83.17
5.116,0.000,0.000,52.64,84.34
5.118,0.000,0.000,50.93,86.79
5.119,0.000,0.000,50.93,88.51
5.119,0.000,0.000,50.93,89.71
5.120,0.000,0.000,50.93,90.55
5.146,0.000,0.000,49.38,90.78
5.149,0.000,0.000,49.38,90.93
5.152,0.000,0.000,48.02,90.78
5.154,0.000,0.000,48.02,90.67
5.161,0.000,0.000,46.74,89.85
5.162,0.000,0.000,46.74,89.28
5.166,0.000,0.000,46.74,88.88
5.167,0.000,0.000,46.74,88.60
5.194,0.000,0.000,45.44,87.19
5.195,0.000,0.000,45.44,86.21
5.196,0.000,0.000,45.44,85.52
5.197,0.000,0.000,45.44,85.03
5.201,0.000,0.000,44.09,83.57
5.202,0.000,0.000,44.09,82.54
5.203,0.000,0.000,44.09,81.82
5.204,0.000,0.000,44.09,81.32
5.208,0.000,0.000,42.77,80.55
5.210,0.000,0.000,42.77,80.01
5.233,0.000,0.000,41.47,78.86
5.234,0.000,0.000,41.47,78.05
5.239,0.000,0.000,40.18,77.94
5.240,0.000,0.000,40.18,77.87
5.241,0.000,0.000,40.18,77.82
5.243,0.000,0.000,40.18,77.78
5.256,0.000,0.000,38.90,77.45
5.258,0.000,0.000,38.90,77.22
5.259,0.000,0.000,38.90,77.05
5.260,0.000,0.000,38.90,76.94
5.286,0.000,0.000,37.57,76.17
5.287,0.000,0.000,37.57,75.63
5.292,0.000,0.000,36.20,75.00
5.294,0.000,0.000,36.20,74.56
5.302,0.000,0.000,34.79,74.97
5.303,0.000,0.000,34.79,75.26
5.307,0.000,0.000,34.79,75.46
5.309,0.000,0.000,34.79,75.60
5.333,0.000,0.000,33.37,74.38
5.334,0.000,0.000,33.37,73.53
5.339,0.000,0.000,31.97,72.52
5.341,0.000,0.000,31.97,71.81
5.350,0.000,0.000,30.62,71.27
5.351,0.000,0.000,30.62,70.90
5.352,0.000,0.000,30.62,70.63
5.358,0.000,0.000,30.62,70.45
5.383,0.000,0.000,29.30,69.21
5.383,0.000,0.000,29.30,68.34
5.387,0.000,0.000,28.00,66.46
5.390,0.000,0.000,28.00,65.14
5.399,0.000,0.000,26.77,63.68
5.400,0.000,0.000,26.77,62.65
5.433,0.000,0.000,25.54,61.17
5.434,0.000,0.000,25.54,60.13
5.435,0.000,0.000,25.54,59.40
5.436,0.000,0.000,25.54,58.89
5.441,0.000,0.000,24.34,57.43
5.442,0.000,0.000,24.34,56.40
5.446,0.000,0.000,23.11,55.42
5.447,0.000,0.000,23.11,54.73
5.452,0.000,0.000,23.11,54.25
5.453,0.000,0.000,23.11,53.92
5.482,0.000,0.000,21.83,52.78
5.483,0.000,0.000,21.83,51.99
5.485,0.000,0.000,20.49,50.72
5.488,0.000,0.000,20.49,49.84
5.494,0.000,0.000,19.14,48.50
5.495,0.000,0.000,19.14,47.56
5.500,0.000,0.000,19.14,46.90
5.501,0.000,0.000,19.14,46.44
5.510,0.000,0.000,17.84,45.54
5.511,0.000,0.000,17.84,44.91
5.525,0.000,0.000,17.84,44.47
5.526,0.000,0.000,17.84,44.16
5.542,0.000,0.000,16.54,42.91
5.543,0.000,0.000,16.54,42.04
5.546,0.000,0.000,15.16,40.73
5.551,0.000,0.000,15.16,39.81
5.552,0.000,0.000,15.16,39.17
5.553,0.000,0.000,15.16,38.72
5.558,0.000,0.000,13.69,37.38
5.559,0.000,0.000,13.69,36.45
5.560,0.000,0.000,13.69,35.80
5.561,0.000,0.000,13.69,35.34
5.584,0.000,0.000,12.38,34.00
5.585,0.000,0.000,12.38,33.07
5.586,0.000,0.000,12.38,32.42
5.590,0.000,0.000,12.38,31.96
5.593,0.000,0.000,11.33,30.75
5.594,0.000,0.000,11.33,29.90
5.595,0.000,0.000,11.33,29.31
5.599,0.000,0.000,11.33,28.90
5.607,0.000,0.000,10.46,27.76
5.608,0.000,0.000,10.46,26.97
5.609,0.000,0.000,10.46,26.41
5.610,0.000,0.000,10.46,26.02
5.633,0.000,0.000,9.68,24.80
5.634,0.000,0.000,9.68,23.94
5.639,0.000,0.000,8.96,22.66
5.642,0.000,0.000,8.96,21.76
5.643,0.000,0.000,8.96,21.13
5.644,0.000,0.000,8.96,20.70
5.655,0.000,0.000,8.47,19.75
5.656,0.000,0.000,8.47,19.09
5.657,0.000,0.000,8.47,18.62
5.661,0.000,0.000,8.47,18.30
5.684,0.000,0.000,8.24,17.61
5.685,0.000,0.000,8.24,17.12
5.691,0.000,0.000,8.18,16.48
5.693,0.000,0.000,8.18,16.03
5.707,0.000,0.000,8.23,15.53
5.708,0.000,0.000,8.23,15.17
5.709,0.000,0.000,8.23,14.93
5.710,0.000,0.000,8.23,14.75
5.735,0.000,0.000,8.32,14.36
5.736,0.000,0.000,8.32,14.09
5.740,0.000,0.000,8.44,13.76
5.741,0.000,0.000,8.44,13.53
5.751,0.000,0.000,8.55,13.34
5.752,0.000,0.000,8.55,13.20
5.758,0.000,0.000,8.55,13.10
5.759,0.000,0.000,8.55,13.03
5.788,0.000,0.000,8.67,12.99
5.789,0.000,0.000,8.67,12.96
5.790,0.000,0.000,8.67,12.94
5.791,0.000,0.000,8.67,12.92
5.794,0.000,0.000,8.87,12.97
5.795,0.000,0.000,8.87,13.00
5.800,0.000,0.000,9.21,13.08
5.801,0.000,0.000,9.21,13.14
5.830,0.000,0.000,9.71,13.30
5.830,0.000,0.000,9.71,9.31
5.831,0.000,0.000,9.71,6.52
5.832,0.000,0.000,9.71,4.56
5.837,0.000,0.000,10.38,3.19
5.838,0.000,0.000,10.38,2.23
5.842,0.000,0.000,10.38,1.56
5.843,0.000,0.000,10.38,1.10
5.849,0.000,0.000,11.21,0.77
5.850,0.000,0.000,11.21,0.54
5.851,0.000,0.000,11.21,0.38
5.852,0.000,0.000,11.21,0.26
5.881,0.000,0.000,12.07,0.18
5.882,0.000,0.000,12.07,4.61
5.889,0.000,0.000,12.07,7.71
5.892,0.000,0.000,12.07,9.88
5.897,0.000,0.000,12.88,11.59
5.899,0.000,0.000,12.88,12.79
5.903,0.000,0.000,13.73,13.80
5.905,0.000,0.000,13.73,14.51
5.915,0.000,0.000,14.76,15.24
5.917,0.000,0.000,14.76,15.75
5.918,0.000,0.000,14.76,16.11
5.919,0.000,0.000,14.76,16.36
5.949,0.000,0.000,16.06,16.90
5.950,0.000,0.000,16.06,17.28
5.952,0.000,0.000,17.61,17.64
5.952,0.000,0.000,17.61,17.89
5.954,0.000,0.000,17.61,18.06
5.954,0.000,0.000,17.61,18.18
5.960,0.000,0.000,19.31,18.56
5.962,0.000,0.000,19.31,18.83
5.966,0.000,0.000,19.31,19.02
5.967,0.000,0.000,19.31,19.15
5.992,0.000,0.000,20.99,19.58
5.993,0.000,0.000,20.99,19.88
5.996,0.000,0.000,22.68,20.45
5.997,0.000,0.000,22.68,20.85
6.007,0.000,0.000,24.33,21.45
6.008,0.000,0.000,24.33,21.88
6.032,0.000,0.000,25.94,22.61
6.033,0.000,0.000,25.94,23.12
6.040,0.000,0.000,27.42,23.77
6.042,0.000,0.000,27.42,24.22
6.043,0.000,0.000,27.42,24.54
6.043,0.000,0.000,27.42,24.76
6.057,0.000,0.000,28.66,25.22
6.058,0.000,0.000,28.66,25.55
6.059,0.000,0.000,28.66,25.77
6.060,0.000,0.000,28.66,25.93
6.086,0.000,0.000,29.71,26.34
6.087,0.000,0.000,29.71,26.63
6.088,0.000,0.000,29.71,26.83
6.089,0.000,0.000,29.71,26.97
6.095,0.000,0.000,30.57,27.46
6.099,0.000,0.000,30.57,27.80
6.100,0.000,0.000,30.57,28.04
6.101,0.000,0.000,30.57,28.20
6.103,0.000,0.000,31.33,28.68
6.104,0.000,0.000,31.33,29.01
6.133,0.000,0.000,31.94,29.88
6.134,0.000,0.000,31.94,30.49
6.140,0.000,0.000,32.51,31.34
6.141,0.000,0.000,32.51,31.93
6.150,0.000,0.000,33.12,32.67
6.151,0.000,0.000,33.12,33.19
6.152,0.000,0.000,33.12,33.56
6.154,0.000,0.000,33.12,33.81
6.183,0.000,0.000,33.71,34.32
6.184,0.000,0.000,33.71,34.67
6.187,0.000,0.000,34.26,35.13
6.191,0.000,0.000,34.26,35.45
6.199,0.000,0.000,34.77,35.80
6.200,0.000,0.000,34.77,36.04
6.201,0.000,0.000,34.77,36.21
6.202,0.000,0.000,34.77,36.33
6.230,0.000,0.000,35.32,36.59
6.230,0.000,0.000,35.32,36.78
6.233,0.000,0.000,35.93,37.03
6.234,0.000,0.000,35.93,37.20
6.235,0.000,0.000,35.93,37.32
6.242,0.000,0.000,35.93,37.41
6.246,0.000,0.000,36.57,37.37
6.250,0.000,0.000,36.57,37.34
6.251,0.000,0.000,36.57,37.32
6.252,0.000,0.000,36.57,37.30
6.282,0.000,0.000,37.15,37.44
6.283,0.000,0.000,37.15,37.53
6.284,0.000,0.000,37.67,37.62
6.286,0.000,0.000,37.67,37.69
6.291,0.000,0.000,37.67,37.74
6.292,0.000,0.000,37.67,37.77
6.294,0.000,0.000,38.09,37.87
6.295,0.000,0.000,38.09,37.94
6.296,0.000,0.000,38.09,37.99
6.297,0.000,0.000,38.09,38.03
6.310,0.000,0.000,38.44,38.29
6.311,0.000,0.000,38.44,38.48
6.328,0.000,0.000,38.44,38.61
6.333,0.000,0.000,38.44,38.70
6.350,0.000,0.000,38.77,39.20
6.351,0.000,0.000,38.77,39.54
6.352,0.000,0.000,39.06,39.98
6.356,0.000,0.000,39.06,40.29
6.360,0.000,0.000,39.39,40.75
6.361,0.000,0.000,39.39,41.08
6.385,0.000,0.000,39.79,41.43
6.386,0.000,0.000,39.79,41.68
6.392,0.000,0.000,40.26,41.72
6.393,0.000,0.000,40.26,41.75
6.394,0.000,0.000,40.26,41.77
6.394,0.000,0.000,40.26,41.79
6.408,0.000,0.000,40.83,41.65
6.409,0.000,0.000,40.83,41.55
6.410,0.000,0.000,40.83,41.48
6.410,0.000,0.000,40.83,41.43
6.441,0.000,0.000,41.43,41.30
6.442,0.000,0.000,41.43,41.21
6.445,0.000,0.000,41.94,41.04
6.446,0.000,0.000,41.94,40.92
6.455,0.000,0.000,42.37,40.75
6.457,0.000,0.000,42.37,40.63
6.458,0.000,0.000,42.37,40.54
6.459,0.000,0.000,42.37,40.49
6.484,0.000,0.000,42.83,40.65
6.486,0.000,0.000,42.83,40.77
6.490,0.000,0.000,43.38,40.82
6.492,0.000,0.000,43.38,40.86
6.493,0.000,0.000,43.38,40.88
6.494,0.000,0.000,43.38,40.90
6.505,0.000,0.000,43.96,40.89
6.507,0.000,0.000,43.96,40.88
6.508,0.000,0.000,43.96,40.87
6.509,0.000,0.000,43.96,40.86
6.533,0.000,0.000,44.52,40.94
6.534,0.000,0.000,44.52,40.99
6.539,0.000,0.000,44.97,41.06
6.541,0.000,0.000,44.97,41.11
6.542,0.000,0.000,44.97,41.15
6.543,0.000,0.000,44.97,41.17
6.551,0.000,0.000,45.39,41.20
6.552,0.000,0.000,45.39,41.22
6.553,0.000,0.000,45.39,41.23
6.556,0.000,0.000,45.39,41.24
6.583,0.000,0.000,45.79,41.51
6.584,0.000,0.000,45.79,41.69
6.587,0.000,0.000,46.21,41.95
6.588,0.000,0.000,46.21,42.14
6.599,0.000,0.000,46.63,42.34
6.600,0.000,0.000,46.63,42.48
6.601,0.000,0.000,46.63,42.58
6.602,0.000,0.000,46.63,42.64
6.634,0.000,0.000,47.07,42.78
6.635,0.000,0.000,47.07,42.88
6.638,0.000,0.000,47.48,42.99
6.641,0.000,0.000,47.48,43.06
6.647,0.000,0.000,47.86,43.06
6.648,0.000,0.000,47.86,43.06
6.683,0.000,0.000,48.30,43.08
6.684,0.000,0.000,48.30,43.10
6.687,0.000,0.000,48.84,43.08
6.688,0.000,0.000,48.84,43.06
6.694,0.000,0.000,49.44,42.84
6.695,0.000,0.000,49.44,42.68
6.696,0.000,0.000,49.44,42.57
6.700,0.000,0.000,49.44,42.50
6.710,0.000,0.000,50.06,42.25
6.711,0.000,0.000,50.06,42.09
6.723,0.000,0.000,50.06,41.97
6.725,0.000,0.000,50.06,41.89
6.741,0.000,0.000,50.61,41.75
6.742,0.000,0.000,50.61,41.66
6.743,0.000,0.000,50.61,41.60
6.744,0.000,0.000,50.61,41.55
6.750,0.000,0.000,51.06,41.52
6.751,0.000,0.000,51.06,41.50
6.758,0.000,0.000,51.39,41.61
6.759,0.000,0.000,51.39,41.68
6.761,0.000,0.000,51.39,41.73
6.765,0.000,0.000,51.39,41.77
6.789,0.000,0.000,51.71,42.11
6.790,0.000,0.000,51.71,42.35
6.793,0.000,0.000,52.00,42.80
6.794,0.000,0.000,52.00,43.12
6.807,0.000,0.000,52.18,43.62
6.809,0.000,0.000,52.18,43.97
6.835,0.000,0.000,52.28,44.52
6.836,0.000,0.000,52.28,44.91
6.844,0.000,0.000,52.32,45.47
6.845,0.000,0.000,52.32,45.86
6.855,0.000,0.000,52.30,46.42
6.858,0.000,0.000,52.30,46.81
6.859,0.000,0.000,52.30,47.08
6.860,0.000,0.000,52.30,47.27
6.883,0.000,0.000,52.23,47.74
6.884,0.000,0.000,52.23,48.07
6.891,0.000,0.000,52.10,48.64
6.892,0.000,0.000,52.10,49.03
6.903,0.000,0.000,51.86,49.74
6.906,0.000,0.000,51.86,50.24
6.908,0.000,0.000,51.86,50.59
6.909,0.000,0.000,51.86,50.83
6.936,0.000,0.000,51.50,51.34
6.943,0.000,0.000,51.50,51.70
6.949,0.000,0.000,51.08,52.56
6.950,0.000,0.000,51.08,53.15
6.951,0.000,0.000,50.51,54.31
6.952,0.000,0.000,50.51,55.12
6.955,0.000,0.000,50.51,55.69
6.958,0.000,0.000,50.51,56.09
6.982,0.000,0.000,49.70,57.10
6.983,0.000,0.000,49.70,57.80
6.986,0.000,0.000,48.67,59.61
6.987,0.000,0.000,48.67,60.88
6.990,0.000,0.000,48.67,61.77
6.991,0.000,0.000,48.67,62.39
7.000,0.000,0.000,47.46,64.15
7.002,0.000,0.000,47.46,65.38
7.003,0.000,0.000,47.46,66.24
7.004,0.000,0.000,47.46,66.84
7.030,0.000,0.000,46.11,68.43
7.031,0.000,0.000,46.11,69.55
7.032,0.000,0.000,46.11,70.33
7.033,0.000,0.000,46.11,70.88
7.036,0.000,0.000,44.62,72.41
7.038,0.000,0.000,44.62,73.48
7.039,0.000,0.000,44.62,74.23
7.041,0.000,0.000,44.62,74.76
7.046,0.000,0.000,43.00,76.59
7.050,0.000,0.000,43.00,77.86
7.051,0.000,0.000,43.00,78.76
7.052,0.000,0.000,43.00,79.39
7.078,0.000,0.000,41.27,80.17
7.085,0.000,0.000,41.27,80.73
7.086,0.000,0.000,41.27,81.11
7.087,0.000,0.000,41.27,81.38
7.091,0.000,0.000,39.53,82.11
7.092,0.000,0.000,39.53,82.62
7.098,0.000,0.000,39.53,82.97
7.100,0.000,0.000,39.53,83.22
7.101,0.000,0.000,37.93,83.19
7.102,0.000,0.000,37.93,83.16
7.102,0.000,0.000,37.93,83.15
7.103,0.000,0.000,37.93,83.13
7.112,0.000,0.000,36.45,82.94
7.116,0.000,0.000,36.45,82.80
7.118,0.000,0.000,36.45,82.70
7.118,0.000,0.000,36.45,82.63
7.143,0.000,0.000,34.99,81.27
7.144,0.000,0.000,34.99,80.31
7.147,0.000,0.000,33.46,78.51
7.151,0.000,0.000,33.46,77.25
7.158,0.000,0.000,31.96,76.61
7.159,0.000,0.000,31.96,76.15
7.160,0.000,0.000,31.96,75.84
7.161,0.000,0.000,31.96,75.61
7.185,0.000,0.000,30.52,74.72
7.186,0.000,0.000,30.52,74.09
7.187,0.000,0.000,30.52,73.65
7.189,0.000,0.000,30.52,73.35
7.193,0.000,0.000,29.16,71.91
7.194,0.000,0.000,29.16,70.91
7.208,0.000,0.000,27.88,69.63
7.209,0.000,0.000,27.88,68.74
7.234,0.000,0.000,26.58,67.30
7.235,0.000,0.000,26.58,66.30
7.238,0.000,0.000,25.24,63.84
7.239,0.000,0.000,25.24,62.12
7.241,0.000,0.000,25.24,60.92
7.244,0.000,0.000,25.24,60.08
7.267,0.000,0.000,23.83,58.62
7.270,0.000,0.000,23.83,57.60
7.273,0.000,0.000,23.83,56.88
7.274,0.000,0.000,23.83,56.38
7.275,0.000,0.000,22.37,55.51
7.276,0.000,0.000,22.37,54.89
7.277,0.000,0.000,22.37,54.46
7.277,0.000,0.000,22.37,54.16
7.301,0.000,0.000,20.84,53.04
7.302,0.000,0.000,20.84,52.26
7.309,0.000,0.000,19.29,50.72
7.310,0.000,0.000,19.29,49.64
7.334,0.000,0.000,17.81,48.50
7.335,0.000,0.000,17.81,47.71
7.341,0.000,0.000,16.36,46.37
7.342,0.000,0.000,16.36,45.43
7.343,0.000,0.000,16.36,44.77
7.344,0.000,0.000,16.36,44.31
7.350,0.000,0.000,14.85,42.91
7.351,0.000,0.000,14.85,41.93
7.353,0.000,0.000,14.85,41.24
7.354,0.000,0.000,14.85,40.76
7.383,0.000,0.000,13.38,39.34
7.384,0.000,0.000,13.38,38.35
7.387,0.000,0.000,11.99,36.69
7.391,0.000,0.000,11.99,35.54
7.400,0.000,0.000,10.74,33.27
7.401,0.000,0.000,10.74,31.68
7.402,0.000,0.000,10.74,30.56
7.403,0.000,0.000,10.74,29.79
7.435,0.000,0.000,9.68,28.13
7.436,0.000,0.000,9.68,26.97
7.443,0.000,0.000,8.78,25.19
7.444,0.000,0.000,8.78,23.94
7.445,0.000,0.000,8.78,23.07
7.449,0.000,0.000,8.78,22.46
7.450,0.000,0.000,8.08,21.24
7.451,0.000,0.000,8.08,20.38
7.478,0.000,0.000,7.55,19.16
7.486,0.000,0.000,7.55,18.30
7.487,0.000,0.000,7.55,17.70
7.488,0.000,0.000,7.55,17.28
7.492,0.000,0.000,7.13,16.41
7.493,0.000,0.000,7.13,15.80
7.499,0.000,0.000,7.13,15.37
7.500,0.000,0.000,7.13,15.07
7.501,0.000,0.000,6.82,14.45
7.502,0.000,0.000,6.82,14.01
7.532,0.000,0.000,6.64,13.41
7.533,0.000,0.000,6.64,12.99
7.535,0.000,0.000,6.66,12.54
7.538,0.000,0.000,6.66,12.23
7.545,0.000,0.000,6.79,11.88
7.546,0.000,0.000,6.79,11.64
7.547,0.000,0.000,6.79,11.47
7.551,0.000,0.000,6.79,11.35
7.558,0.000,0.000,6.98,11.21
7.559,0.000,0.000,6.98,11.11
7.561,0.000,0.000,6.98,11.04
7.565,0.000,0.000,6.98,10.99
7.591,0.000,0.000,7.21,10.95
7.592,0.000,0.000,7.21,10.92
7.593,0.000,0.000,7.21,10.90
7.594,0.000,0.000,7.21,10.88
7.597,0.000,0.000,7.49,10.90
7.600,0.000,0.000,7.49,10.91
7.602,0.000,0.000,7.49,10.91
7.602,0.000,0.000,7.49,10.92
7.608,0.000,0.000,7.81,10.99
7.609,0.000,0.000,7.81,7.69
7.610,0.000,0.000,7.81,5.39
7.611,0.000,0.000,7.81,3.77
7.637,0.000,0.000,8.13,2.64
7.638,0.000,0.000,8.13,1.85
7.643,0.000,0.000,8.53,1.29
7.644,0.000,0.000,8.53,0.91
7.658,0.000,0.000,8.99,0.63
7.659,0.000,0.000,8.99,0.44
7.660,0.000,0.000,8.99,0.31
7.661,0.000,0.000,8.99,0.22
7.689,0.000,0.000,9.50,0.15
7.690,0.000,0.000,9.50,0.11
7.694,0.000,0.000,10.06,0.07
7.695,0.000,0.000,10.06,0.05
7.702,0.000,0.000,10.66,0.04
7.703,0.000,0.000,10.66,0.03
7.704,0.000,0.000,10.66,0.02
7.705,0.000,0.000,10.66,0.01
7.735,0.000,0.000,11.32,0.01
7.736,0.000,0.000,11.32,0.01
7.737,0.000,0.000,11.32,0.00
7.738,0.000,0.000,11.32,0.00
7.744,0.000,0.000,11.99,0.00
7.745,0.000,0.000,11.99,0.00
7.751,0.000,0.000,12.79,0.00
7.752,0.000,0.000,12.79,4.70
7.753,0.000,0.000,12.79,8.00
7.756,0.000,0.000,12.79,10.30
7.787,0.000,0.000,13.69,12.15
7.788,0.000,0.000,13.69,13.45
7.791,0.000,0.000,14.75,14.58
7.794,0.000,0.000,14.75,15.38
7.800,0.000,0.000,15.92,16.14
7.801,0.000,0.000,15.92,16.67
7.802,0.000,0.000,15.92,17.04
7.803,0.000,0.000,15.92,17.30
7.833,0.000,0.000,17.16,17.71
7.834,0.000,0.000,17.16,18.00
7.835,0.000,0.000,17.16,18.20
7.836,0.000,0.000,17.16,18.34
7.839,0.000,0.000,18.37,18.71
7.841,0.000,0.000,18.37,18.96
7.842,0.000,0.000,18.37,19.14
7.844,0.000,0.000,18.37,19.26
7.848,0.000,0.000,19.62,19.57
7.849,0.000,0.000,19.62,19.79
7.850,0.000,0.000,19.62,19.94
7.852,0.000,0.000,19.62,20.05
7.869,0.000,0.000,20.90,20.44
7.871,0.000,0.000,20.90,20.72
7.885,0.000,0.000,20.90,20.91
7.886,0.000,0.000,20.90,21.04
7.894,0.000,0.000,22.25,21.49
7.895,0.000,0.000,22.25,21.81
7.899,0.000,0.000,23.50,22.33
7.900,0.000,0.000,23.50,22.70
7.910,0.000,0.000,24.62,23.22
7.911,0.000,0.000,24.62,23.59
7.916,0.000,0.000,24.62,23.84
7.917,0.000,0.000,24.62,24.02
7.945,0.000,0.000,25.64,24.48
7.946,0.000,0.000,25.64,24.80
7.952,0.000,0.000,26.47,25.35
7.953,0.000,0.000,26.47,25.73
7.957,0.000,0.000,26.47,26.00
7.958,0.000,0.000,26.47,26.19
7.959,0.000,0.000,27.19,26.67
7.960,0.000,0.000,27.19,27.01
7.961,0.000,0.000,27.19,27.25
7.962,0.000,0.000,27.19,27.41
7.991,0.000,0.000,27.89,27.91
7.992,0.000,0.000,27.89,28.25
7.993,0.000,0.000,27.89,28.49
7.994,0.000,0.000,27.89,28.66
7.996,0.000,0.000,28.61,29.15
8.000,0.000,0.000,28.61,29.50
8.001,0.000,0.000,28.61,29.74
8.002,0.000,0.000,28.61,29.91
8.008,0.000,0.000,29.42,30.30
8.008,0.000,0.000,29.42,30.57
8.009,0.000,0.000,29.42,30.76
8.010,0.000,0.000,29.42,30.90
8.035,0.000,0.000,30.10,31.25
8.040,0.000,0.000,30.10,31.49
8.043,0.000,0.000,30.75,31.82
8.044,0.000,0.000,30.75,32.05
8.045,0.000,0.000,30.75,32.21
8.046,0.000,0.000,30.75,32.33
8.056,0.000,0.000,31.43,32.56
8.057,0.000,0.000,31.43,32.72
8.058,0.000,0.000,31.43,32.83
8.059,0.000,0.000,31.43,32.91
8.083,0.000,0.000,32.16,33.13
8.084,0.000,0.000,32.16,33.29
8.085,0.000,0.000,32.16,33.40
8.086,0.000,0.000,32.16,33.48
8.089,0.000,0.000,32.87,33.69
8.092,0.000,0.000,32.87,33.84
8.093,0.000,0.000,32.87,33.94
8.094,0.000,0.000,32.87,34.01
8.107,0.000,0.000,33.49,34.22
8.108,0.000,0.000,33.49,34.36
8.109,0.000,0.000,33.49,34.47
8.110,0.000,0.000,33.49,34.54
8.135,0.000,0.000,34.02,34.86
8.136,0.000,0.000,34.02,35.09
8.142,0.000,0.000,34.54,35.28
8.143,0.000,0.000,34.54,35.42
8.151,0.000,0.000,35.00,35.73
8.152,0.000,0.000,35.00,35.95
8.153,0.000,0.000,35.00,36.10
8.158,0.000,0.000,35.00,36.21
8.186,0.000,0.000,35.33,36.63
8.187,0.000,0.000,35.33,36.92
8.188,0.000,0.000,35.33,37.12
8.191,0.000,0.000,35.33,37.27
8.193,0.000,0.000,35.58,37.66
8.194,0.000,0.000,35.58,37.93
8.199,0.000,0.000,35.82,38.25
8.200,0.000,0.000,35.82,38.48
8.201,0.000,0.000,35.82,38.64
8.202,0.000,0.000,35.82,38.76
8.232,0.000,0.000,36.10,39.29
8.233,0.000,0.000,36.10,39.66
8.236,0.000,0.000,36.39,40.14
8.240,0.000,0.000,36.39,40.48
8.249,0.000,0.000,36.79,40.67
8.250,0.000,0.000,36.79,40.81
8.251,0.000,0.000,36.79,40.91
8.252,0.000,0.000,36.79,40.97
8.278,0.000,0.000,37.30,40.89
8.280,0.000,0.000,37.30,40.82
8.285,0.000,0.000,37.30,40.78
8.287,0.000,0.000,37.30,40.75
8.291,0.000,0.000,37.79,40.65
8.292,0.000,0.000,37.79,40.59
8.295,0.000,0.000,38.20,40.48
8.299,0.000,0.000,38.20,40.40
8.311,0.000,0.000,38.55,40.35
8.312,0.000,0.000,38.55,40.31
8.316,0.000,0.000,38.55,40.28
8.317,0.000,0.000,38.55,40.26
8.341,0.000,0.000,38.89,40.39
8.342,0.000,0.000,38.89,40.49
8.345,0.000,0.000,39.25,40.71
8.347,0.000,0.000,39.25,40.86
8.348,0.000,0.000,39.25,40.97
8.351,0.000,0.000,39.25,41.04
8.359,0.000,0.000,39.55,41.25
8.360,0.000,0.000,39.55,41.40
8.361,0.000,0.000,39.55,41.50
8.362,0.000,0.000,39.55,41.57
8.385,0.000,0.000,39.79,41.81
8.387,0.000,0.000,39.79,41.97
8.387,0.000,0.000,39.79,42.09
8.391,0.000,0.000,39.79,42.17
8.395,0.000,0.000,40.03,42.35
8.399,0.000,0.000,40.03,42.47
8.400,0.000,0.000,40.03,42.56
8.401,0.000,0.000,40.03,42.62
8.408,0.000,0.000,40.30,42.75
8.409,0.000,0.000,40.30,42.83
8.410,0.000,0.000,40.30,42.89
8.411,0.000,0.000,40.30,42.94
8.435,0.000,0.000,40.69,43.01
8.436,0.000,0.000,40.69,43.06
8.437,0.000,0.000,40.69,43.10
8.437,0.000,0.000,40.69,43.12
8.444,0.000,0.000,41.07,43.14
8.445,0.000,0.000,41.07,43.15
8.455,0.000,0.000,41.44,43.06
8.456,0.000,0.000,41.44,43.00
8.458,0.000,0.000,41.44,42.96
8.460,0.000,0.000,41.44,42.93
8.485,0.000,0.000,41.87,42.84
8.486,0.000,0.000,41.87,42.78
8.492,0.000,0.000,42.34,42.64
8.493,0.000,0.000,42.34,42.55
8.503,0.000,0.000,42.79,42.40
8.508,0.000,0.000,42.79,42.29
8.509,0.000,0.000,42.79,42.22
8.510,0.000,0.000,42.79,42.17
8.535,0.000,0.000,43.27,42.10
8.536,0.000,0.000,43.27,42.05
8.543,0.000,0.000,43.76,41.99
8.544,0.000,0.000,43.76,41.95
8.551,0.000,0.000,44.17,41.89
8.552,0.000,0.000,44.17,41.85
8.553,0.000,0.000,44.17,41.82
8.554,0.000,0.000,44.17,41.80
8.582,0.000,0.000,44.47,41.96
8.583,0.000,0.000,44.47,42.06
8.586,0.000,0.000,44.72,42.38
8.590,0.000,0.000,44.72,42.61
8.599,0.000,0.000,45.04,42.88
8.600,0.000,0.000,45.04,43.07
8.601,0.000,0.000,45.04,43.20
8.602,0.000,0.000,45.04,43.29
8.633,0.000,0.000,45.32,43.55
8.634,0.000,0.000,45.32,43.73
8.637,0.000,0.000,45.56,44.07
8.638,0.000,0.000,45.56,44.31
8.649,0.000,0.000,45.76,44.52
8.650,0.000,0.000,45.76,44.66
8.651,0.000,0.000,45.76,44.76
8.652,0.000,0.000,45.76,44.83
8.678,0.000,0.000,45.96,44.94
8.679,0.000,0.000,45.96,45.03
8.685,0.000,0.000,45.96,45.09
8.686,0.000,0.000,45.96,45.13
8.690,0.000,0.000,46.15,45.31
8.691,0.000,0.000,46.15,45.44
8.694,0.000,0.000,46.15,45.54
8.695,0.000,0.000,46.15,45.60
8.699,0.000,0.000,46.34,45.73
8.700,0.000,0.000,46.34,45.82
8.701,0.000,0.000,46.34,45.88
8.702,0.000,0.000,46.34,45.92
8.710,0.000,0.000,46.53,46.00
8.711,0.000,0.000,46.53,46.06
8.716,0.000,0.000,46.53,46.10
8.717,0.000,0.000,46.53,46.12
8.750,0.000,0.000,46.75,46.18
8.751,0.000,0.000,46.75,46.22
8.758,0.000,0.000,47.02,46.17
8.759,0.000,0.000,47.02,46.13
8.760,0.000,0.000,47.02,46.10
8.761,0.000,0.000,47.02,46.09
8.765,0.000,0.000,47.33,45.98
8.766,0.000,0.000,47.33,45.91
8.767,0.000,0.000,47.33,45.85
8.768,0.000,0.000,47.33,45.82
8.791,0.000,0.000,47.62,45.70
8.792,0.000,0.000,47.62,45.62
8.793,0.000,0.000,47.62,45.56
8.794,0.000,0.000,47.62,45.52
8.797,0.000,0.000,47.92,45.41
8.799,0.000,0.000,47.92,45.33
8.800,0.000,0.000,47.92,45.27
8.801,0.000,0.000,47.92,45.23
8.808,0.000,0.000,48.17,45.16
8.811,0.000,0.000,48.17,45.10
8.812,0.000,0.000,48.17,45.07
8.816,0.000,0.000,48.17,45.04
8.842,0.000,0.000,48.42,45.11
8.843,0.000,0.000,48.42,45.15
8.846,0.000,0.000,48.81,45.06
8.848,0.000,0.000,48.81,45.00
8.849,0.000,0.000,48.81,44.95
8.851,0.000,0.000,48.81,44.92
8.857,0.000,0.000,49.27,44.75
8.858,0.000,0.000,49.27,44.62
8.859,0.000,0.000,49.27,44.54
8.860,0.000,0.000,49.27,44.48
8.883,0.000,0.000,49.73,44.30
8.884,0.000,0.000,49.73,44.17
8.885,0.000,0.000,49.73,44.08
8.886,0.000,0.000,49.73,44.02
8.889,0.000,0.000,50.09,43.90
8.893,0.000,0.000,50.09,43.82
8.906,0.000,0.000,50.19,43.86
8.908,0.000,0.000,50.19,43.88
8.910,0.000,0.000,50.19,43.90
8.910,0.000,0.000,50.19,43.91
8.933,0.000,0.000,50.07,44.41
8.934,0.000,0.000,50.07,44.76
8.937,0.000,0.000,49.79,45.73
8.938,0.000,0.000,49.79,46.40
8.951,0.000,0.000,49.38,47.86
8.953,0.000,0.000,49.38,33.50
8.954,0.000,0.000,49.38,23.45
8.954,0.000,0.000,49.38,16.41
8.986,0.000,0.000,48.92,27.68
8.986,0.000,0.000,48.92,35.56
8.989,0.000,0.000,48.28,42.02
8.993,0.000,0.000,48.28,46.54
9.000,0.000,0.000,47.40,50.74
9.001,0.000,0.000,47.40,53.68
9.034,0.000,0.000,46.21,57.12
9.035,0.000,0.000,46.21,59.53
9.036,0.000,0.000,46.21,61.21
9.037,0.000,0.000,46.21,62.40
9.042,0.000,0.000,44.51,64.85
9.043,0.000,0.000,44.51,66.56
9.044,0.000,0.000,44.51,67.76
9.045,0.000,0.000,44.51,68.60
9.049,0.000,0.000,42.47,71.77
9.050,0.000,0.000,42.47,73.99
9.052,0.000,0.000,42.47,75.54
9.053,0.000,0.000,42.47,76.63
9.084,0.000,0.000,40.34,78.94
9.085,0.000,0.000,40.34,80.55
9.086,0.000,0.000,38.33,83.66
9.092,0.000,0.000,38.33,85.83
9.094,0.000,0.000,36.37,87.38
9.095,0.000,0.000,36.37,88.46
9.096,0.000,0.000,36.37,89.21
9.100,0.000,0.000,36.37,89.74
9.110,0.000,0.000,34.34,89.26
9.111,0.000,0.000,34.34,88.93
9.112,0.000,0.000,34.34,88.69
9.113,0.000,0.000,34.34,88.53
9.117,0.000,0.000,34.34,88.41
9.118,0.000,0.000,34.34,88.33
9.143,0.000,0.000,32.27,87.30
9.144,0.000,0.000,32.27,86.57
9.145,0.000,0.000,32.27,86.07
9.146,0.000,0.000,32.27,85.71
9.149,0.000,0.000,30.33,84.45
9.150,0.000,0.000,30.33,83.56
9.151,0.000,0.000,30.33,82.95
9.152,0.000,0.000,30.33,82.51
9.159,0.000,0.000,28.46,81.15
9.160,0.000,0.000,28.46,80.20
9.161,0.000,0.000,28.46,79.53
9.161,0.000,0.000,28.46,79.06
9.186,0.000,0.000,26.67,77.57
9.187,0.000,0.000,26.67,76.53
9.192,0.000,0.000,24.97,74.30
9.194,0.000,0.000,24.97,72.73
9.195,0.000,0.000,24.97,71.63
9.199,0.000,0.000,24.97,70.87
9.208,0.000,0.000,23.32,68.73
9.209,0.000,0.000,23.32,67.23
9.210,0.000,0.000,23.32,66.19
9.211,0.000,0.000,23.32,65.45
9.235,0.000,0.000,21.79,63.43
9.236,0.000,0.000,21.79,62.01
9.238,0.000,0.000,21.79,61.02
9.239,0.000,0.000,21.79,60.33
9.246,0.000,0.000,20.42,58.38
9.249,0.000,0.000,20.42,57.01
9.250,0.000,0.000,20.42,56.06
9.251,0.000,0.000,20.42,55.39
9.258,0.000,0.000,19.08,53.57
9.259,0.000,0.000,19.08,52.30
9.260,0.000,0.000,19.08,51.40
9.261,0.000,0.000,19.08,50.78
9.284,0.000,0.000,17.60,48.95
9.285,0.000,0.000,17.60,47.66
9.290,0.000,0.000,16.03,45.50
9.292,0.000,0.000,16.03,43.98
9.303,0.000,0.000,14.56,42.01
9.307,0.000,0.000,14.56,40.63
9.308,0.000,0.000,14.56,39.66
9.309,0.000,0.000,14.56,38.98
9.343,0.000,0.000,13.06,37.08
9.344,0.000,0.000,13.06,35.75
9.345,0.000,0.000,11.64,34.98
9.346,0.000,0.000,11.64,34.44
9.351,0.000,0.000,10.46,33.03
9.353,0.000,0.000,10.46,32.04
9.354,0.000,0.000,10.46,31.35
9.358,0.000,0.000,10.46,30.86
9.389,0.000,0.000,9.44,29.33
9.391,0.000,0.000,9.44,28.26
9.395,0.000,0.000,8.37,26.46
9.396,0.000,0.000,8.37,25.21
9.397,0.000,0.000,8.37,24.33
9.400,0.000,0.000,8.37,23.72
9.402,0.000,0.000,7.28,22.51
9.402,0.000,0.000,7.28,21.66
9.403,0.000,0.000,7.28,21.07
9.404,0.000,0.000,7.28,20.66
9.432,0.000,0.000,6.30,18.84
9.433,0.000,0.000,6.30,17.57
9.438,0.000,0.000,5.51,15.99
9.439,0.000,0.000,5.51,14.88
9.446,0.000,0.000,4.87,13.64
9.450,0.000,0.000,4.87,12.77
9.451,0.000,0.000,4.87,12.16
9.452,0.000,0.000,4.87,11.74
9.479,0.000,0.000,4.26,10.90
9.480,0.000,0.000,4.26,10.32
9.485,0.000,0.000,4.26,9.91
9.486,0.000,0.000,4.26,9.62
9.488,0.000,0.000,3.72,8.98
9.491,0.000,0.000,3.72,8.53
9.494,0.000,0.000,3.24,7.88
9.495,0.000,0.000,3.24,7.41
9.499,0.000,0.000,3.24,7.09
9.500,0.000,0.000,3.24,6.87
9.519,0.000,0.000,2.80,6.41
9.520,0.000,0.000,2.80,6.09
9.536,0.000,0.000,2.59,5.69
9.537,0.000,0.000,2.59,5.41
9.544,0.000,0.000,2.53,5.12
9.545,0.000,0.000,2.53,4.92
9.558,0.000,0.000,2.54,4.74
9.559,0.000,0.000,2.54,4.61
9.560,0.000,0.000,2.54,3.23
9.561,0.000,0.000,2.54,2.26
9.593,0.000,0.000,2.59,1.58
9.594,0.000,0.000,2.59,1.11
9.595,0.000,0.000,2.59,0.78
9.599,0.000,0.000,2.59,0.54
9.602,0.000,0.000,2.78,0.38
9.603,0.000,0.000,2.78,0.27
9.605,0.000,0.000,2.78,0.19
9.607,0.000,0.000,2.78,0.13
9.608,0.000,0.000,3.12,0.09
9.609,0.000,0.000,3.12,0.06
9.633,0.000,0.000,3.51,0.04
9.634,0.000,0.000,3.51,0.03
9.638,0.000,0.000,3.95,0.02
9.639,0.000,0.000,3.95,0.02
9.642,0.000,0.000,3.95,0.01
9.643,0.000,0.000,3.95,0.01
9.659,0.000,0.000,4.50,0.01
9.660,0.000,0.000,4.50,0.00
9.660,0.000,0.000,4.50,0.00
9.661,0.000,0.000,4.50,0.00
9.684,0.000,0.000,5.10,0.00
9.685,0.000,0.000,5.10,0.00
9.689,0.000,0.000,5.75,0.00
9.691,0.000,0.000,5.75,0.00
9.703,0.000,0.000,6.59,0.00
9.706,0.000,0.000,6.59,0.00
9.708,0.000,0.000,6.59,0.00
9.709,0.000,0.000,6.59,0.00
9.741,0.000,0.000,7.63,0.00
9.742,0.000,0.000,7.63,0.00
9.751,0.000,0.000,7.63,0.00
9.752,0.000,0.000,7.63,0.00
9.753,0.000,0.000,8.75,0.00
9.755,0.000,0.000,8.75,0.00
9.757,0.000,0.000,8.75,0.00
9.758,0.000,0.000,8.75,0.00
9.761,0.000,0.000,9.83,0.00
9.765,0.000,0.000,9.83,0.00
9.766,0.000,0.000,9.83,0.00
9.767,0.000,0.000,9.83,0.00
9.769,0.000,0.000,11.00,0.00
9.773,0.000,0.000,11.00,3.69
9.775,0.000,0.000,11.00,6.27
9.776,0.000,0.000,11.00,8.08
9.802,0.000,0.000,12.16,9.66
9.803,0.000,0.000,12.16,10.78
9.804,0.000,0.000,12.16,11.55
9.805,0.000,0.000,12.16,12.10
9.807,0.000,0.000,13.35,12.84
9.808,0.000,0.000,13.35,13.36
9.839,0.000,0.000,15.02,14.13
9.840,0.000,0.000,15.02,14.67
9.841,0.000,0.000,15.02,15.04
9.843,0.000,0.000,15.02,15.31
9.844,0.000,0.000,16.93,15.90
9.845,0.000,0.000,16.93,16.32
9.846,0.000,0.000,16.93,16.61
9.846,0.000,0.000,16.93,16.81
9.850,0.000,0.000,18.86,17.38
9.852,0.000,0.000,18.86,17.78
9.853,0.000,0.000,18.86,18.06
9.854,0.000,0.000,18.86,18.25
9.878,0.000,0.000,20.57,18.79
9.879,0.000,0.000,20.57,19.16
9.885,0.000,0.000,20.57,19.42
9.886,0.000,0.000,20.57,19.61
9.888,0.000,0.000,22.15,20.09
9.892,0.000,0.000,22.15,20.43
9.895,0.000,0.000,22.15,20.66
9.899,0.000,0.000,22.15,20.83
9.900,0.000,0.000,23.63,21.31
9.901,0.000,0.000,23.63,21.65
9.910,0.000,0.000,25.13,22.25
9.911,0.000,0.000,25.13,22.68
9.916,0.000,0.000,25.13,22.98
9.917,0.000,0.000,25.13,23.18
9.945,0.000,0.000,26.63,23.74
9.949,0.000,0.000,26.63,24.13
9.952,0.000,0.000,28.04,24.70
9.953,0.000,0.000,28.04,25.10
9.954,0.000,0.000,28.04,25.38
9.958,0.000,0.000,28.04,25.58
9.960,0.000,0.000,29.14,26.05
9.961,0.000,0.000,29.14,26.37
9.962,0.000,0.000,29.14,26.60
9.966,0.000,0.000,29.14,26.76
10.000,0.000,0.000,29.93,27.19
10.002,0.000,0.000,29.93,27.49
10.005,0.000,0.000,30.56,28.14
10.008,0.000,0.000,30.56,28.59
10.009,0.000,0.000,30.56,28.91
10.010,0.000,0.000,30.56,29.13
10.015,0.000,0.000,31.06,29.71
10.017,0.000,0.000,31.06,30.11
10.018,0.000,0.000,31.06,30.40
10.019,0.000,0.000,31.06,30.60
10.042,0.000,0.000,31.68,31.36
10.043,0.000,0.000,31.68,31.89
10.044,0.000,0.000,31.68,32.26
10.045,0.000,0.000,31.68,32.52
10.046,0.000,0.000,32.46,33.02
10.047,0.000,0.000,32.46,33.37
10.052,0.000,0.000,32.46,33.62
10.053,0.000,0.000,32.46,33.79
10.057,0.000,0.000,33.34,33.98
10.058,0.000,0.000,33.34,34.11
10.060,0.000,0.000,33.34,34.21
10.060,0.000,0.000,33.34,34.27
10.086,0.000,0.000,34.33,34.39
10.087,0.000,0.000,34.33,34.48
10.091,0.000,0.000,35.47,34.32
10.092,0.000,0.000,35.47,34.21
10.093,0.000,0.000,35.47,34.13
10.095,0.000,0.000,35.47,34.08
10.102,0.000,0.000,36.68,33.93
10.104,0.000,0.000,36.68,33.83
10.106,0.000,0.000,36.68,33.76
10.108,0.000,0.000,36.68,33.71
10.149,0.000,0.000,37.87,33.76
10.150,0.000,0.000,37.87,33.80
10.154,0.000,0.000,39.02,33.72
10.155,0.000,0.000,39.02,33.67
10.159,0.000,0.000,39.02,33.63
10.160,0.000,0.000,39.02,33.61
10.162,0.000,0.000,40.15,33.69
10.166,0.000,0.000,40.15,33.74
10.179,0.000,0.000,41.33,33.79
10.181,0.000,0.000,41.33,33.82
10.184,0.000,0.000,41.33,33.84
10.185,0.000,0.000,41.33,33.86
10.201,0.000,0.000,42.46,33.98
10.201,0.000,0.000,42.46,34.07
10.202,0.000,0.000,42.46,34.14
10.204,0.000,0.000,42.46,34.18
10.209,0.000,0.000,43.39,34.35
10.210,0.000,0.000,43.39,34.47
10.211,0.000,0.000,43.39,34.55
10.212,0.000,0.000,43.39,34.61
10.224,0.000,0.000,43.99,35.01
10.225,0.000,0.000,43.99,35.30
10.237,0.000,0.000,43.99,35.50
10.238,0.000,0.000,43.99,35.64
10.245,0.000,0.000,44.48,36.01
10.250,0.000,0.000,44.48,36.27
10.254,0.000,0.000,44.48,36.45
10.257,0.000,0.000,44.48,36.58
10.260,0.000,0.000,44.99,37.28
10.261,0.000,0.000,44.99,37.77
10.265,0.000,0.000,44.99,38.12
10.266,0.000,0.000,44.99,38.36
10.268,0.000,0.000,45.54,38.96
10.269,0.000,0.000,45.54,39.39
10.274,0.000,0.000,45.54,39.69
10.275,0.000,0.000,45.54,39.89
10.299,0.000,0.000,46.15,40.19
10.300,0.000,0.000,46.15,40.39
10.301,0.000,0.000,46.15,40.54
10.302,0.000,0.000,46.15,40.64
10.303,0.000,0.000,46.75,40.88
10.308,0.000,0.000,46.75,41.05
10.311,0.000,0.000,47.41,41.01
10.312,0.000,0.000,47.41,40.98
10.325,0.000,0.000,47.41,40.96
10.326,0.000,0.000,47.41,40.95
10.342,0.000,0.000,48.19,40.78
10.343,0.000,0.000,48.19,40.67
10.344,0.000,0.000,48.19,40.58
10.344,0.000,0.000,48.19,40.53
10.349,0.000,0.000,49.13,40.22
10.350,0.000,0.000,49.13,40.01
10.351,0.000,0.000,49.13,39.86
10.352,0.000,0.000,49.13,39.75
10.359,0.000,0.000,50.12,39.45
10.360,0.000,0.000,50.12,39.23
10.361,0.000,0.000,50.12,39.08
10.362,0.000,0.000,50.12,38.97
10.385,0.000,0.000,51.14,38.64
10.386,0.000,0.000,51.14,38.40
10.387,0.000,0.000,51.14,38.23
10.389,0.000,0.000,51.14,38.12
10.394,0.000,0.000,52.05,37.92
10.399,0.000,0.000,52.05,37.79
10.400,0.000,0.000,52.05,37.69
10.401,0.000,0.000,52.05,37.63
10.407,0.000,0.000,52.83,37.58
10.408,0.000,0.000,52.83,37.55
10.409,0.000,0.000,52.83,37.53
10.410,0.000,0.000,52.83,37.52
10.434,0.000,0.000,53.66,37.69
10.435,0.000,0.000,53.66,37.81
10.441,0.000,0.000,54.49,37.76
10.442,0.000,0.000,54.49,37.72
10.443,0.000,0.000,54.49,37.70
10.443,0.000,0.000,54.49,37.68
10.457,0.000,0.000,55.34,37.73
10.459,0.000,0.000,55.34,37.76
10.460,0.000,0.000,55.34,37.79
10.460,0.000,0.000,55.34,37.81
10.495,0.000,0.000,56.13,37.89
10.496,0.000,0.000,56.13,37.95
10.501,0.000,0.000,56.13,37.99
10.502,0.000,0.000,56.13,38.02
10.508,0.000,0.000,56.68,38.21
10.509,0.000,0.000,56.68,38.34
10.510,0.000,0.000,57.01,38.60
10.511,0.000,0.000,57.01,38.78
10.512,0.000,0.000,57.01,38.90
10.514,0.000,0.000,57.01,38.99
10.539,0.000,0.000,57.35,39.69
10.540,0.000,0.000,57.35,40.18
10.541,0.000,0.000,57.35,40.52
10.542,0.000,0.000,57.35,40.76
10.544,0.000,0.000,58.09,41.00
10.545,0.000,0.000,58.09,41.16
10.553,0.000,0.000,59.05,41.09
10.554,0.000,0.000,59.05,41.03
10.555,0.000,0.000,59.05,40.99
10.557,0.000,0.000,59.05,40.97
10.582,0.000,0.000,59.68,40.92
10.583,0.000,0.000,59.68,40.89
10.586,0.000,0.000,60.05,40.87
10.587,0.000,0.000,60.05,40.86
10.599,0.000,0.000,60.38,40.77
10.600,0.000,0.000,60.38,40.70
10.601,0.000,0.000,60.38,40.66
10.602,0.000,0.000,60.38,40.62
10.633,0.000,0.000,60.67,40.98
10.634,0.000,0.000,60.67,41.24
10.638,0.000,0.000,60.92,42.04
10.642,0.000,0.000,60.92,42.60
10.643,0.000,0.000,60.92,42.99
10.644,0.000,0.000,60.92,43.27
10.649,0.000,0.000,61.20,43.68
10.650,0.000,0.000,61.20,43.98
10.652,0.000,0.000,61.20,44.18
10.653,0.000,0.000,61.20,44.33
10.678,0.000,0.000,61.45,44.51
10.681,0.000,0.000,61.45,44.64
10.690,0.000,0.000,61.45,44.73
10.691,0.000,0.000,61.45,44.80
10.693,0.000,0.000,61.56,45.13
10.694,0.000,0.000,61.56,45.36
10.699,0.000,0.000,61.57,45.77
10.700,0.000,0.000,61.57,46.06
10.701,0.000,0.000,61.57,46.26
10.702,0.000,0.000,61.57,46.40
10.710,0.000,0.000,61.48,46.85
10.711,0.000,0.000,61.48,47.16
10.716,0.000,0.000,61.48,47.38
10.717,0.000,0.000,61.48,47.53
10.741,0.000,0.000,61.32,48.06
10.742,0.000,0.000,61.32,48.43
10.745,0.000,0.000,60.99,49.32
10.746,0.000,0.000,60.99,49.95
10.759,0.000,0.000,60.51,51.10
10.760,0.000,0.000,60.51,51.90
10.761,0.000,0.000,60.51,52.47
10.761,0.000,0.000,60.51,52.86
10.794,0.000,0.000,59.80,53.90
10.795,0.000,0.000,59.80,54.62
10.801,0.000,0.000,58.95,56.13
10.802,0.000,0.000,58.95,57.19
10.807,0.000,0.000,58.03,59.14
10.808,0.000,0.000,58.03,60.50
10.809,0.000,0.000,58.03,61.46
10.810,0.000,0.000,58.03,62.13
10.836,0.000,0.000,56.87,63.76
10.837,0.000,0.000,56.87,64.90
10.838,0.000,0.000,56.87,65.70
10.842,0.000,0.000,56.87,66.26
10.845,0.000,0.000,55.42,67.89
10.849,0.000,0.000,55.42,69.03
10.855,0.000,0.000,53.78,71.88
10.856,0.000,0.000,53.78,73.88
10.860,0.000,0.000,53.78,75.28
10.861,0.000,0.000,53.78,76.26
10.886,0.000,0.000,52.10,78.19
10.887,0.000,0.000,52.10,79.54
10.893,0.000,0.000,50.38,81.45
10.894,0.000,0.000,50.38,82.79
10.902,0.000,0.000,48.68,85.57
10.903,0.000,0.000,48.68,87.51
10.905,0.000,0.000,48.68,88.87
10.907,0.000,0.000,48.68,89.82
10.933,0.000,0.000,47.11,90.88
10.934,0.000,0.000,47.11,91.63
10.935,0.000,0.000,47.11,92.14
10.936,0.000,0.000,47.11,92.51
10.939,0.000,0.000,45.63,91.70
10.942,0.000,0.000,45.63,91.14
10.956,0.000,0.000,44.18,90.41
10.961,0.000,0.000,44.18,89.90
10.979,0.000,0.000,44.18,89.54
10.989,0.000,0.000,44.18,89.29
10.990,0.000,0.000,42.66,88.72
10.995,0.000,0.000,42.66,88.32
10.999,0.000,0.000,42.66,88.04
11.000,0.000,0.000,42.66,87.84
11.001,0.000,0.000,41.08,86.49
11.002,0.000,0.000,41.08,85.55
11.003,0.000,0.000,41.08,84.88
11.004,0.000,0.000,41.08,84.42
11.006,0.000,0.000,39.47,83.72
11.007,0.000,0.000,39.47,83.23
11.008,0.000,0.000,39.47,82.89
11.009,0.000,0.000,39.47,82.65
11.034,0.000,0.000,37.87,82.48
11.035,0.000,0.000,37.87,82.36
11.036,0.000,0.000,37.87,82.28
11.037,0.000,0.000,37.87,82.22
11.039,0.000,0.000,36.46,81.39
11.042,0.000,0.000,36.46,80.81
11.066,0.000,0.000,35.23,79.59
11.067,0.000,0.000,35.23,78.74
11.068,0.000,0.000,35.23,78.14
11.069,0.000,0.000,35.23,77.73
11.071,0.000,0.000,33.98,76.25
11.074,0.000,0.000,33.98,75.22
11.099,0.000,0.000,32.59,73.63
11.100,0.000,0.000,32.59,72.51
11.102,0.000,0.000,31.17,70.71
11.103,0.000,0.000,31.17,69.45
11.110,0.000,0.000,29.72,68.42
11.111,0.000,0.000,29.72,67.71
11.116,0.000,0.000,29.72,67.20
11.117,0.000,0.000,29.72,66.85
11.141,0.000,0.000,28.23,65.91
11.142,0.000,0.000,28.23,65.25
11.145,0.000,0.000,26.75,64.70
11.146,0.000,0.000,26.75,64.31
11.150,0.000,0.000,26.75,64.04
11.151,0.000,0.000,26.75,63.85
11.159,0.000,0.000,25.22,63.16
11.160,0.000,0.000,25.22,62.67
11.161,0.000,0.000,25.22,62.33
11.161,0.000,0.000,25.22,62.09
11.184,0.000,0.000,23.70,60.88
11.186,0.000,0.000,23.70,60.03
11.190,0.000,0.000,22.20,58.99
11.193,0.000,0.000,22.20,58.26
11.194,0.000,0.000,22.20,57.76
11.194,0.000,0.000,22.20,57.40
11.209,0.000,0.000,20.63,56.46
11.210,0.000,0.000,20.63,55.80
11.211,0.000,0.000,20.63,55.34
11.212,0.000,0.000,20.63,55.02
11.234,0.000,0.000,18.95,53.54
11.235,0.000,0.000,18.95,52.50
11.240,0.000,0.000,17.17,50.77
11.241,0.000,0.000,17.17,49.56
11.242,0.000,0.000,17.17,48.72
11.243,0.000,0.000,17.17,48.12
11.257,0.000,0.000,15.51,46.93
11.259,0.000,0.000,15.51,46.10
11.260,0.000,0.000,15.51,45.52
11.261,0.000,0.000,15.51,45.11
11.283,0.000,0.000,14.01,43.06
11.284,0.000,0.000,14.01,41.63
11.288,0.000,0.000,12.78,39.52
11.291,0.000,0.000,12.78,38.04
11.292,0.000,0.000,12.78,37.01
11.293,0.000,0.000,12.78,36.28
11.303,0.000,0.000,11.67,34.58
11.307,0.000,0.000,11.67,33.39
11.308,0.000,0.000,11.67,32.55
11.309,0.000,0.000,11.67,31.97
11.333,0.000,0.000,10.63,30.26
11.334,0.000,0.000,10.63,29.06
11.337,0.000,0.000,9.62,27.16
11.338,0.000,0.000,9.62,25.84
11.340,0.000,0.000,9.62,24.91
11.342,0.000,0.000,9.62,24.26
11.350,0.000,0.000,8.81,23.01
11.357,0.000,0.000,8.81,22.13
11.359,0.000,0.000,8.81,21.51
11.360,0.000,0.000,8.81,21.08
11.384,0.000,0.000,8.32,20.10
11.385,0.000,0.000,8.32,19.41
11.386,0.000,0.000,8.32,18.93
11.387,0.000,0.000,8.32,18.60
11.390,0.000,0.000,8.14,17.90
11.392,0.000,0.000,8.14,17.41
11.398,0.000,0.000,8.10,16.72
11.402,0.000,0.000,8.10,16.25
11.403,0.000,0.000,8.10,15.91
11.405,0.000,0.000,8.10,15.68
11.434,0.000,0.000,8.01,15.14
11.435,0.000,0.000,8.01,14.77
11.436,0.000,0.000,8.01,14.50
11.437,0.000,0.000,8.01,14.32
11.442,0.000,0.000,7.85,13.91
11.443,0.000,0.000,7.85,13.63
11.446,0.000,0.000,7.70,13.27
11.450,0.000,0.000,7.70,13.03
11.452,0.000,0.000,7.70,12.85
11.453,0.000,0.000,7.70,12.73
11.483,0.000,0.000,7.65,12.59
11.488,0.000,0.000,7.65,12.50
11.490,0.000,0.000,7.65,12.43
11.492,0.000,0.000,7.65,12.38
11.495,0.000,0.000,7.71,8.67
11.496,0.000,0.000,7.71,6.07
11.502,0.000,0.000,7.89,4.25
11.503,0.000,0.000,7.89,2.97
11.506,0.000,0.000,7.89,2.08
11.508,0.000,0.000,7.89,1.46
11.510,0.000,0.000,8.12,1.02
11.511,0.000,0.000,8.12,0.71
11.516,0.000,0.000,8.12,0.50
11.517,0.000,0.000,8.12,0.35
11.543,0.000,0.000,8.41,0.24
11.544,0.000,0.000,8.41,0.17
11.547,0.000,0.000,8.69,0.12
11.548,0.000,0.000,8.69,0.08
11.562,0.000,0.000,9.07,0.06
11.563,0.000,0.000,9.07,0.04
11.568,0.000,0.000,9.07,0.03
11.569,0.000,0.000,9.07,0.02
11.592,0.000,0.000,9.59,0.01
11.593,0.000,0.000,9.59,0.01
11.602,0.000,0.000,9.59,0.01
11.603,0.000,0.000,9.59,0.00
11.606,0.000,0.000,10.25,0.00
11.609,0.000,0.000,10.25,0.00
11.612,0.000,0.000,11.09,0.00
11.616,0.000,0.000,11.09,0.00
11.617,0.000,0.000,11.09,0.00
11.618,0.000,0.000,11.09,0.00
11.643,0.000,0.000,12.05,0.00
11.644,0.000,0.000,12.05,0.00
11.646,0.000,0.000,13.06,4.65
11.648,0.000,0.000,13.06,7.90
11.658,0.000,0.000,14.04,10.37
11.659,0.000,0.000,14.04,12.10
11.692,0.000,0.000,15.11,13.53
11.693,0.000,0.000,15.11,14.53
11.698,0.000,0.000,16.29,15.53
11.699,0.000,0.000,16.29,16.24
11.700,0.000,0.000,16.29,16.73
11.701,0.000,0.000,16.29,17.07
11.702,0.000,0.000,17.44,17.60
11.706,0.000,0.000,17.44,17.98
11.708,0.000,0.000,17.44,18.24
11.709,0.000,0.000,17.44,18.42
11.732,0.000,0.000,18.67,18.84
11.733,0.000,0.000,18.67,19.13
11.736,0.000,0.000,19.96,19.64
11.737,0.000,0.000,19.96,20.00
11.750,0.000,0.000,21.31,20.52
11.751,0.000,0.000,21.31,20.88
11.753,0.000,0.000,21.31,21.13
11.754,0.000,0.000,21.31,21.31
11.783,0.000,0.000,22.59,21.74
11.784,0.000,0.000,22.59,22.04
11.785,0.000,0.000,22.59,22.25
11.786,0.000,0.000,22.59,22.39
11.789,0.000,0.000,23.79,22.80
11.792,0.000,0.000,23.79,23.09
11.801,0.000,0.000,24.71,23.58
11.803,0.000,0.000,24.71,23.92
11.831,0.000,0.000,25.62,24.45
11.832,0.000,0.000,25.62,24.82
11.833,0.000,0.000,25.62,25.08
11.834,0.000,0.000,25.62,25.26
11.839,0.000,0.000,26.64,25.80
11.840,0.000,0.000,26.64,26.18
11.849,0.000,0.000,27.75,26.72
11.850,0.000,0.000,27.75,27.10
11.851,0.000,0.000,27.75,27.37
11.852,0.000,0.000,27.75,27.55
11.870,0.000,0.000,28.82,27.93
11.871,0.000,0.000,28.82,28.20
11.886,0.000,0.000,28.82,28.38
11.889,0.000,0.000,28.82,28.51
11.895,0.000,0.000,29.83,28.88
11.899,0.000,0.000,29.83,29.14
11.902,0.000,0.000,30.79,29.36
11.903,0.000,0.000,30.79,29.52
11.905,0.000,0.000,30.79,29.63
11.907,0.000,0.000,30.79,29.70
11.910,0.000,0.000,31.64,29.96
11.911,0.000,0.000,31.64,30.13
11.912,0.000,0.000,31.64,30.26
11.916,0.000,0.000,31.64,30.35
11.927,0.000,0.000,31.64,30.41
11.928,0.000,0.000,31.64,30.45
11.943,0.000,0.000,32.42,30.82
11.944,0.000,0.000,32.42,31.08
11.945,0.000,0.000,32.42,31.26
11.949,0.000,0.000,32.42,31.39
11.952,0.000,0.000,33.27,31.74
11.953,0.000,0.000,33.27,31.99
11.958,0.000,0.000,34.23,32.22
11.959,0.000,0.000,34.23,32.38
11.960,0.000,0.000,34.23,32.50
11.961,0.000,0.000,34.23,32.58
11.985,0.000,0.000,35.21,32.95
11.986,0.000,0.000,35.21,33.21
11.991,0.000,0.000,35.21,33.39
11.992,0.000,0.000,35.21,33.51
11.994,0.000,0.000,36.20,33.70
11.995,0.000,0.000,36.20,33.83
11.996,0.000,0.000,36.20,33.92
12.000,0.000,0.000,36.20,33.98
12.007,0.000,0.000,37.11,34.09
12.008,0.000,0.000,37.11,34.16
12.009,0.000,0.000,37.11,34.21
12.010,0.000,0.000,37.11,34.25
12.057,0.000,0.000,37.86,34.50
12.066,0.000,0.000,37.86,34.67
12.069,0.000,0.000,38.46,35.00
12.070,0.000,0.000,38.46,35.22
12.072,0.000,0.000,39.02,35.70
12.074,0.000,0.000,39.02,36.03
12.076,0.000,0.000,39.66,36.53
12.077,0.000,0.000,39.66,36.88
12.078,0.000,0.000,39.66,37.12
12.079,0.000,0.000,39.66,37.29
12.102,0.000,0.000,40.34,37.72
12.103,0.000,0.000,40.34,38.01
12.108,0.000,0.000,40.92,38.14
12.109,0.000,0.000,40.92,38.23
12.111,0.000,0.000,40.92,38.29
12.112,0.000,0.000,40.92,38.34
12.134,0.000,0.000,41.44,38.66
12.136,0.000,0.000,41.44,38.89
12.140,0.000,0.000,41.90,39.10
12.142,0.000,0.000,41.90,39.24
12.143,0.000,0.000,41.90,39.34
12.144,0.000,0.000,41.90,39.41
12.153,0.000,0.000,42.35,39.66
12.161,0.000,0.000,42.35,39.84
12.162,0.000,0.000,42.35,39.97
12.166,0.000,0.000,42.35,40.06
12.168,0.000,0.000,42.78,40.24
12.169,0.000,0.000,42.78,40.37
12.170,0.000,0.000,42.78,40.46
12.174,0.000,0.000,42.78,40.52
12.199,0.000,0.000,43.22,40.90
12.200,0.000,0.000,43.22,41.17
12.203,0.000,0.000,43.68,41.31
12.204,0.000,0.000,43.68,41.41
12.205,0.000,0.000,43.68,41.48
12.208,0.000,0.000,43.68,41.52
12.232,0.000,0.000,44.16,41.66
12.233,0.000,0.000,44.16,41.76
12.234,0.000,0.000,44.16,41.82
12.235,0.000,0.000,44.16,41.87
12.240,0.000,0.000,44.72,41.89
12.242,0.000,0.000,44.72,41.91
12.245,0.000,0.000,45.38,41.74
12.249,0.000,0.000,45.38,41.62
12.250,0.000,0.000,45.38,41.54
12.251,0.000,0.000,45.38,41.48
12.277,0.000,0.000,46.14,41.23
12.278,0.000,0.000,46.14,41.06
12.284,0.000,0.000,46.14,40.94
12.285,0.000,0.000,46.14,40.86
12.286,0.000,0.000,46.93,40.63
12.287,0.000,0.000,46.93,40.47
12.293,0.000,0.000,46.93,40.36
12.294,0.000,0.000,46.93,40.29
12.295,0.000,0.000,47.70,40.05
12.299,0.000,0.000,47.70,39.88
12.300,0.000,0.000,47.70,39.77
12.301,0.000,0.000,47.70,39.68
12.310,0.000,0.000,48.34,39.58
12.311,0.000,0.000,48.34,39.51
12.315,0.000,0.000,48.34,39.46
12.316,0.000,0.000,48.34,39.43
12.339,0.000,0.000,48.98,39.51
12.340,0.000,0.000,48.98,39.57
12.344,0.000,0.000,49.62,39.64
12.345,0.000,0.000,49.62,39.69
12.359,0.000,0.000,50.23,39.86
12.360,0.000,0.000,50.23,39.98
12.384,0.000,0.000,50.76,40.28
12.384,0.000,0.000,50.76,40.50
12.391,0.000,0.000,51.27,40.66
12.392,0.000,0.000,51.27,40.77
12.393,0.000,0.000,51.27,40.85
12.394,0.000,0.000,51.27,40.91
12.407,0.000,0.000,51.76,41.01
12.408,0.000,0.000,51.76,41.08
12.410,0.000,0.000,51.76,41.13
12.411,0.000,0.000,51.76,41.17
12.434,0.000,0.000,52.14,41.44
12.435,0.000,0.000,52.14,41.63
12.442,0.000,0.000,52.40,42.08
12.443,0.000,0.000,52.40,42.39
12.457,0.000,0.000,52.71,42.65
12.458,0.000,0.000,52.71,42.83
12.459,0.000,0.000,52.71,42.95
12.460,0.000,0.000,52.71,43.04
12.461,0.000,0.000,52.71,43.10
12.465,0.000,0.000,52.71,43.15
12.490,0.000,0.000,53.10,43.41
12.491,0.000,0.000,53.10,43.60
12.496,0.000,0.000,53.61,43.67
12.499,0.000,0.000,53.61,43.72
12.502,0.000,0.000,54.01,43.68
12.507,0.000,0.000,54.01,43.65
12.508,0.000,0.000,54.01,43.63
12.509,0.000,0.000,54.01,43.62
12.534,0.000,0.000,54.18,43.68
12.535,0.000,0.000,54.18,43.71
12.538,0.000,0.000,54.14,44.13
12.540,0.000,0.000,54.14,44.43
12.543,0.000,0.000,54.14,44.63
12.544,0.000,0.000,54.14,44.78
12.550,0.000,0.000,53.94,45.37
12.551,0.000,0.000,53.94,45.78
12.552,0.000,0.000,53.94,46.07
12.553,0.000,0.000,53.94,46.27
12.583,0.000,0.000,53.47,47.39
12.584,0.000,0.000,53.47,48.17
12.589,0.000,0.000,52.99,49.79
12.590,0.000,0.000,52.99,50.92
12.600,0.000,0.000,52.45,52.51
12.601,0.000,0.000,52.45,53.62
12.633,0.000,0.000,51.68,55.40
12.634,0.000,0.000,51.68,56.64
12.635,0.000,0.000,51.68,57.51
12.636,0.000,0.000,51.68,58.12
12.639,0.000,0.000,50.60,59.79
12.641,0.000,0.000,50.60,60.96
12.644,0.000,0.000,50.60,61.77
12.645,0.000,0.000,50.60,62.35
12.649,0.000,0.000,49.22,64.14
12.650,0.000,0.000,49.22,65.40
12.651,0.000,0.000,49.22,66.28
12.652,0.000,0.000,49.22,66.90
12.686,0.000,0.000,47.60,68.97
12.687,0.000,0.000,47.60,70.42
12.692,0.000,0.000,47.60,71.43
12.693,0.000,0.000,47.60,72.14
12.696,0.000,0.000,45.82,74.69
12.699,0.000,0.000,45.82,76.47
12.700,0.000,0.000,45.82,77.72
12.701,0.000,0.000,45.82,78.59
12.702,0.000,0.000,43.96,80.81
12.707,0.000,0.000,43.96,82.36
12.709,0.000,0.000,43.96,83.45
12.710,0.000,0.000,43.96,84.21
12.711,0.000,0.000,42.01,86.11
12.712,0.000,0.000,42.01,87.43
12.715,0.000,0.000,42.01,88.36
12.716,0.000,0.000,42.01,89.01
12.742,0.000,0.000,39.98,89.82
12.743,0.000,0.000,39.98,90.38
12.746,0.000,0.000,37.94,91.14
12.747,0.000,0.000,37.94,91.67
12.761,0.000,0.000,35.92,91.28
12.762,0.000,0.000,35.92,91.01
12.766,0.000,0.000,35.92,90.82
12.767,0.000,0.000,35.92,90.69
12.791,0.000,0.000,34.10,89.82
12.792,0.000,0.000,34.10,89.21
12.798,0.000,0.000,32.51,87.65
12.799,0.000,0.000,32.51,86.57
12.806,0.000,0.000,31.09,84.55
12.807,0.000,0.000,31.09,83.14
12.811,0.000,0.000,31.09,82.16
12.816,0.000,0.000,31.09,81.47
12.844,0.000,0.000,29.75,79.04
12.845,0.000,0.000,29.75,77.34
12.849,0.000,0.000,29.75,76.15
12.850,0.000,0.000,29.75,75.32
12.856,0.000,0.000,28.37,72.78
12.858,0.000,0.000,28.37,71.00
12.859,0.000,0.000,28.37,69.75
12.859,0.000,0.000,28.37,68.88
12.860,0.000,0.000,26.82,67.04
12.861,0.000,0.000,26.82,65.75
12.889,0.000,0.000,25.07,63.94
12.891,0.000,0.000,25.07,62.67
12.894,0.000,0.000,23.35,61.52
12.895,0.000,0.000,23.35,60.71
12.902,0.000,0.000,21.89,59.50
12.903,0.000,0.000,21.89,58.66
12.905,0.000,0.000,21.89,58.07
12.908,0.000,0.000,21.89,57.66
12.932,0.000,0.000,20.67,56.34
12.933,0.000,0.000,20.67,55.43
12.936,0.000,0.000,19.50,53.68
12.939,0.000,0.000,19.50,52.46
12.958,0.000,0.000,18.15,50.53
12.959,0.000,0.000,18.15,49.18
12.986,0.000,0.000,16.69,46.60
12.987,0.000,0.000,16.69,44.79
12.991,0.000,0.000,15.13,42.53
12.992,0.000,0.000,15.13,40.94
13.003,0.000,0.000,13.60,39.01
13.008,0.000,0.000,13.60,37.65
13.034,0.000,0.000,12.15,35.80
13.035,0.000,0.000,12.15,34.50
13.036,0.000,0.000,10.85,32.67
13.038,0.000,0.000,10.85,31.40
13.046,0.000,0.000,9.68,29.55
13.050,0.000,0.000,9.68,28.25
13.051,0.000,0.000,9.68,27.34
13.052,0.000,0.000,9.68,26.71
13.082,0.000,0.000,8.63,25.11
13.083,0.000,0.000,8.63,24.00
13.086,0.000,0.000,7.62,22.31
13.088,0.000,0.000,7.62,21.13
13.095,0.000,0.000,6.57,19.51
13.099,0.000,0.000,6.57,18.38
13.100,0.000,0.000,6.57,17.58
13.101,0.000,0.000,6.57,17.03
13.110,0.000,0.000,5.45,15.73
13.111,0.000,0.000,5.45,14.83
13.125,0.000,0.000,5.45,14.19
13.126,0.000,0.000,5.45,13.75
13.143,0.000,0.000,4.41,12.66
13.144,0.000,0.000,4.41,11.90
13.145,0.000,0.000,4.41,11.36
13.146,0.000,0.000,4.41,10.99
13.150,0.000,0.000,3.60,10.15
13.150,0.000,0.000,3.60,9.57
13.151,0.000,0.000,3.60,9.16
13.152,0.000,0.000,3.60,8.88
13.159,0.000,0.000,3.02,8.21
13.160,0.000,0.000,3.02,7.75
13.162,0.000,0.000,3.02,7.43
13.166,0.000,0.000,3.02,7.20
13.196,0.000,0.000,2.64,6.68
13.197,0.000,0.000,2.64,6.31
13.201,0.000,0.000,2.36,5.79
13.203,0.000,0.000,2.36,5.43
13.207,0.000,0.000,2.23,5.02
13.208,0.000,0.000,2.23,4.73
13.209,0.000,0.000,2.23,4.53
13.210,0.000,0.000,2.23,4.39
13.233,0.000,0.000,2.24,4.23
13.234,0.000,0.000,2.24,4.11
13.238,0.000,0.000,2.34,4.02
13.239,0.000,0.000,2.34,3.96
13.241,0.000,0.000,2.34,3.92
13.244,0.000,0.000,2.34,2.74
13.258,0.000,0.000,2.65,1.92
13.259,0.000,0.000,2.65,1.34
13.260,0.000,0.000,2.65,0.94
13.261,0.000,0.000,2.65,0.66
13.289,0.000,0.000,3.23,0.46
13.290,0.000,0.000,3.23,1.75
13.293,0.000,0.000,4.10,2.91
13.294,0.000,0.000,4.10,3.73
13.302,0.000,0.000,5.16,4.58
13.303,0.000,0.000,5.16,5.19
13.307,0.000,0.000,5.16,5.61
13.308,0.000,0.000,5.16,3.92
13.336,0.000,0.000,6.27,2.75
13.337,0.000,0.000,6.27,1.92
13.342,0.000,0.000,7.34,1.35
13.343,0.000,0.000,7.34,0.94
13.351,0.000,0.000,8.28,0.66
13.352,0.000,0.000,8.28,0.46
13.385,0.000,0.000,9.11,0.32
13.386,0.000,0.000,9.11,0.23
13.392,0.000,0.000,10.02,0.16
13.393,0.000,0.000,10.02,0.11
13.401,0.000,0.000,11.10,0.08
13.402,0.000,0.000,11.10,0.05
13.404,0.000,0.000,11.10,0.04
13.407,0.000,0.000,11.10,0.03
13.409,0.000,0.000,11.10,3.75
13.409,0.000,0.000,11.10,6.36
13.437,0.000,0.000,12.25,8.59
13.438,0.000,0.000,12.25,10.15
13.440,0.000,0.000,13.34,11.55
13.441,0.000,0.000,13.34,12.53
13.444,0.000,0.000,13.34,13.21
13.448,0.000,0.000,13.34,13.69
13.449,0.000,0.000,14.36,14.27
13.450,0.000,0.000,14.36,14.67
13.453,0.000,0.000,14.36,14.96
13.456,0.000,0.000,14.36,15.16
13.478,0.000,0.000,15.58,15.66
13.479,0.000,0.000,15.58,16.01
13.488,0.000,0.000,15.58,16.25
13.490,0.000,0.000,15.58,16.42
13.493,0.000,0.000,16.94,16.91
13.494,0.000,0.000,16.94,17.25
13.499,0.000,0.000,16.94,17.49
13.499,0.000,0.000,16.94,17.66
13.500,0.000,0.000,18.33,18.10
13.501,0.000,0.000,18.33,18.41
13.504,0.000,0.000,18.33,18.62
13.507,0.000,0.000,18.33,18.78
13.510,0.000,0.000,19.73,19.22
13.511,0.000,0.000,19.73,19.54
13.516,0.000,0.000,19.73,19.76
13.517,0.000,0.000,19.73,19.91
13.541,0.000,0.000,21.13,20.36
13.542,0.000,0.000,21.13,20.68
13.545,0.000,0.000,22.62,21.21
13.549,0.000,0.000,22.62,21.58
13.560,0.000,0.000,24.08,22.11
13.561,0.000,0.000,24.08,22.48
13.584,0.000,0.000,25.50,23.10
13.586,0.000,0.000,25.50,23.53
13.592,0.000,0.000,27.05,24.07
13.593,0.000,0.000,27.05,24.44
13.594,0.000,0.000,27.05,24.71
13.594,0.000,0.000,27.05,24.89
13.607,0.000,0.000,28.54,25.28
13.608,0.000,0.000,28.54,25.56
13.612,0.000,0.000,28.54,25.75
13.613,0.000,0.000,28.54,25.88
13.635,0.000,0.000,29.90,26.26
13.637,0.000,0.000,29.90,26.53
13.641,0.000,0.000,31.24,27.04
13.643,0.000,0.000,31.24,27.39
13.657,0.000,0.000,32.34,27.85
13.659,0.000,0.000,32.34,28.16
13.660,0.000,0.000,32.34,28.38
13.661,0.000,0.000,32.34,28.54
13.684,0.000,0.000,33.21,29.13
13.685,0.000,0.000,33.21,29.55
13.691,0.000,0.000,34.02,30.16
13.693,0.000,0.000,34.02,30.59
13.704,0.000,0.000,34.90,31.22
13.709,0.000,0.000,34.90,31.67
13.735,0.000,0.000,36.01,32.24
13.736,0.000,0.000,36.01,32.64
13.737,0.000,0.000,36.01,32.92
13.741,0.000,0.000,36.01,33.11
13.747,0.000,0.000,37.32,33.40
13.751,0.000,0.000,37.32,33.59
13.752,0.000,0.000,38.76,33.60
13.753,0.000,0.000,38.76,33.60
13.756,0.000,0.000,38.76,33.60
13.757,0.000,0.000,38.76,33.61
13.782,0.000,0.000,40.08,33.65
13.783,0.000,0.000,40.08,33.67
13.786,0.000,0.000,41.34,33.68
13.788,0.000,0.000,41.34,33.68
13.799,0.000,0.000,42.42,33.73
13.800,0.000,0.000,42.42,33.76
13.801,0.000,0.000,42.42,33.79
13.802,0.000,0.000,42.42,33.80
13.833,0.000,0.000,43.38,33.98
13.834,0.000,0.000,43.38,34.11
13.835,0.000,0.000,43.38,34.20
13.836,0.000,0.000,43.38,34.26
13.842,0.000,0.000,44.28,34.66
13.843,0.000,0.000,44.28,34.93
13.849,0.000,0.000,45.10,35.25
13.850,0.000,0.000,45.10,35.48
13.851,0.000,0.000,45.10,35.64
13.852,0.000,0.000,45.10,35.75
13.880,0.000,0.000,45.95,36.06
13.881,0.000,0.000,45.95,36.28
13.881,0.000,0.000,45.95,36.43
13.882,0.000,0.000,45.95,36.53
13.887,0.000,0.000,46.73,36.97
13.889,0.000,0.000,46.73,37.27
13.895,0.000,0.000,47.35,37.67
13.896,0.000,0.000,47.35,37.94
13.900,0.000,0.000,47.35,38.14
13.901,0.000,0.000,47.35,38.27
13.910,0.000,0.000,47.91,38.51
13.911,0.000,0.000,47.91,38.67
13.925,0.000,0.000,47.91,38.78
13.926,0.000,0.000,47.91,38.86
13.942,0.000,0.000,48.47,39.24
13.943,0.000,0.000,48.47,39.51
13.948,0.000,0.000,49.02,39.87
13.950,0.000,0.000,49.02,40.12
13.951,0.000,0.000,49.02,40.29
13.952,0.000,0.000,49.02,40.41
13.958,0.000,0.000,49.60,40.60
13.959,0.000,0.000,49.60,40.74
13.965,0.000,0.000,49.60,40.83
13.966,0.000,0.000,49.60,40.90
13.991,0.000,0.000,50.23,40.99
13.992,0.000,0.000,50.23,41.05
13.995,0.000,0.000,50.88,41.06
13.996,0.000,0.000,50.88,41.06
14.008,0.000,0.000,51.48,40.99
14.009,0.000,0.000,51.48,40.94
14.010,0.000,0.000,51.48,40.90
14.011,0.000,0.000,51.48,40.88
14.036,0.000,0.000,52.05,40.96
14.038,0.000,0.000,52.05,41.02
14.042,0.000,0.000,52.87,40.66
14.049,0.000,0.000,52.87,40.41
14.050,0.000,0.000,52.87,40.24
14.051,0.000,0.000,52.87,40.12
14.056,0.000,0.000,53.99,39.72
14.058,0.000,0.000,53.99,39.44
14.059,0.000,0.000,53.99,39.25
14.060,0.000,0.000,53.99,39.11
14.083,0.000,0.000,55.24,38.67
14.084,0.000,0.000,55.24,38.35
14.085,0.000,0.000,55.24,38.13
14.086,0.000,0.000,55.24,37.98
14.092,0.000,0.000,56.45,37.55
14.093,0.000,0.000,56.45,37.25
14.094,0.000,0.000,56.45,37.04
14.095,0.000,0.000,56.45,36.90
14.102,0.000,0.000,57.72,36.43
14.103,0.000,0.000,57.72,36.11
14.105,0.000,0.000,57.72,35.88
14.106,0.000,0.000,57.72,35.72
14.132,0.000,0.000,58.99,35.60
14.133,0.000,0.000,58.99,35.52
14.136,0.000,0.000,59.98,35.52
14.137,0.000,0.000,59.98,35.52
14.151,0.000,0.000,60.75,35.67
14.152,0.000,0.000,60.75,35.78
14.153,0.000,0.000,60.75,35.86
14.154,0.000,0.000,60.75,35.91
14.182,0.000,0.000,61.35,36.30
14.183,0.000,0.000,61.35,36.58
14.186,0.000,0.000,61.62,37.36
14.188,0.000,0.000,61.62,37.90
14.200,0.000,0.000,61.72,39.01
14.201,0.000,0.000,61.72,39.79
14.232,0.000,0.000,61.81,41.04
14.233,0.000,0.000,61.81,41.92
14.236,0.000,0.000,61.87,43.21
14.239,0.000,0.000,61.87,44.12
14.248,0.000,0.000,61.90,45.22
14.249,0.000,0.000,61.90,45.99
14.281,0.000,0.000,61.87,46.84
14.282,0.000,0.000,61.87,47.44
14.284,0.000,0.000,61.77,48.06
14.285,0.000,0.000,61.77,48.50
14.294,0.000,0.000,61.59,49.09
14.295,0.000,0.000,61.59,49.51
14.299,0.000,0.000,61.59,49.80
14.300,0.000,0.000,61.59,50.01
14.328,0.000,0.000,61.30,50.53
14.329,0.000,0.000,61.30,50.89
14.331,0.000,0.000,60.91,51.73
14.341,0.000,0.000,60.91,52.32
14.342,0.000,0.000,60.91,52.74
14.343,0.000,0.000,60.91,53.03
14.344,0.000,0.000,60.42,53.78
14.345,0.000,0.000,60.42,54.30
14.345,0.000,0.000,60.42,54.67
14.346,0.000,0.000,60.42,54.93
14.351,0.000,0.000,60.42,55.11
14.352,0.000,0.000,60.42,55.23
14.359,0.000,0.000,59.77,55.96
14.360,0.000,0.000,59.77,56.48
14.384,0.000,0.000,58.93,57.51
14.385,0.000,0.000,58.93,58.24
14.392,0.000,0.000,57.80,60.32
14.394,0.000,0.000,57.80,61.78
14.395,0.000,0.000,57.80,62.80
14.395,0.000,0.000,57.80,63.51
14.407,0.000,0.000,56.30,65.61
14.409,0.000,0.000,56.30,67.08
14.410,0.000,0.000,56.30,68.11
14.411,0.000,0.000,56.30,68.83
14.412,0.000,0.000,56.30,69.34
14.416,0.000,0.000,56.30,69.69
14.448,0.000,0.000,54.55,71.68
14.449,0.000,0.000,54.55,73.08
14.450,0.000,0.000,54.55,74.05
14.451,0.000,0.000,54.55,74.73
14.454,0.000,0.000,52.67,77.10
14.458,0.000,0.000,52.67,78.75
14.459,0.000,0.000,50.66,83.16
14.460,0.000,0.000,50.66,86.25
14.461,0.000,0.000,50.66,88.41
14.462,0.000,0.000,50.66,89.92
14.486,0.000,0.000,48.54,91.59
14.487,0.000,0.000,48.54,92.75
14.492,0.000,0.000,46.35,94.73
14.493,0.000,0.000,46.35,96.11
14.494,0.000,0.000,46.35,97.08
14.495,0.000,0.000,46.35,97.76
14.502,0.000,0.000,44.17,97.93
14.503,0.000,0.000,44.17,98.05
14.507,0.000,0.000,44.17,98.13
14.508,0.000,0.000,44.17,98.19
14.533,0.000,0.000,42.06,97.80
14.534,0.000,0.000,42.06,97.53
14.535,0.000,0.000,42.06,97.34
14.536,0.000,0.000,42.06,97.21
14.539,0.000,0.000,40.11,96.61
14.543,0.000,0.000,40.11,96.19
14.551,0.000,0.000,38.34,95.34
14.551,0.000,0.000,38.34,94.75
14.553,0.000,0.000,38.34,94.34
14.553,0.000,0.000,38.34,94.04
14.581,0.000,0.000,36.71,92.96
14.582,0.000,0.000,36.71,92.20
14.586,0.000,0.000,35.11,89.76
14.588,0.000,0.000,35.11,88.05
14.600,0.000,0.000,33.42,86.40
14.601,0.000,0.000,33.42,85.25
14.602,0.000,0.000,33.42,84.44
14.602,0.000,0.000,33.42,83.87
14.605,0.000,0.000,33.42,83.47
14.606,0.000,0.000,33.42,83.20
14.634,0.000,0.000,31.53,82.36
14.635,0.000,0.000,31.53,81.77
14.636,0.000,0.000,31.53,81.36
14.640,0.000,0.000,31.53,81.07
14.642,0.000,0.000,29.49,79.76
14.643,0.000,0.000,29.49,78.84
14.646,0.000,0.000,29.49,78.20
14.649,0.000,0.000,29.49,77.75
14.650,0.000,0.000,27.54,77.06
14.651,0.000,0.000,27.54,76.58
14.652,0.000,0.000,27.54,76.24
14.656,0.000,0.000,27.54,76.01
14.678,0.000,0.000,25.72,74.89
14.683,0.000,0.000,25.72,74.11
14.689,0.000,0.000,25.72,73.57
14.691,0.000,0.000,25.72,73.19
14.692,0.000,0.000,23.94,71.46
14.694,0.000,0.000,23.94,70.25
14.699,0.000,0.000,23.94,69.41
14.700,0.000,0.000,23.94,68.82
14.700,0.000,0.000,22.13,67.19
14.701,0.000,0.000,22.13,66.05
14.702,0.000,0.000,22.13,65.25
14.705,0.000,0.000,22.13,64.70
14.719,0.000,0.000,20.26,62.66
14.722,0.000,0.000,20.26,61.23
14.737,0.000,0.000,18.36,58.59
14.739,0.000,0.000,18.36,56.75
14.743,0.000,0.000,16.49,54.11
14.744,0.000,0.000,16.49,52.26
14.759,0.000,0.000,14.75,49.70
14.760,0.000,0.000,14.75,47.91
14.761,0.000,0.000,14.75,46.65
14.761,0.000,0.000,14.75,45.77
14.785,0.000,0.000,13.24,43.22
14.786,0.000,0.000,13.24,41.43
14.792,0.000,0.000,12.01,39.54
14.793,0.000,0.000,12.01,38.23
14.794,0.000,0.000,12.01,37.30
14.795,0.000,0.000,12.01,36.66
14.807,0.000,0.000,10.90,34.88
14.808,0.000,0.000,10.90,33.63
14.809,0.000,0.000,10.90,32.76
14.810,0.000,0.000,10.90,32.15
14.837,0.000,0.000,9.82,30.25
14.838,0.000,0.000,9.82,28.92
14.844,0.000,0.000,8.85,26.69
14.845,0.000,0.000,8.85,25.13
14.854,0.000,0.000,8.03,23.58
14.855,0.000,0.000,8.03,22.49
14.860,0.000,0.000,8.03,21.73
14.861,0.000,0.000,8.03,21.19
14.886,0.000,0.000,7.39,19.71
14.891,0.000,0.000,7.39,18.67
14.894,0.000,0.000,6.89,17.41
14.895,0.000,0.000,6.89,16.54
14.898,0.000,0.000,6.89,15.93
14.899,0.000,0.000,6.89,15.50
14.901,0.000,0.000,6.49,14.77
14.902,0.000,0.000,6.49,14.26
14.906,0.000,0.000,6.49,13.91
14.909,0.000,0.000,6.49,13.66
14.934,0.000,0.000,6.21,13.18
14.935,0.000,0.000,6.21,12.84
14.939,0.000,0.000,5.99,12.21
14.942,0.000,0.000,5.99,11.77
14.951,0.000,0.000,5.77,11.27
14.952,0.000,0.000,5.77,10.93
14.956,0.000,0.000,5.77,10.68
14.959,0.000,0.000,5.77,10.51
14.982,0.000,0.000,5.65,10.23
14.983,0.000,0.000,5.65,10.04
14.986,0.000,0.000,5.60,9.81
14.989,0.000,0.000,5.60,9.66
14.990,0.000,0.000,5.60,9.54
14.992,0.000,0.000,5.60,9.47
14.999,0.000,0.000,5.64,9.38
15.000,0.000,0.000,5.64,6.56
15.001,0.000,0.000,5.64,4.59
15.002,0.000,0.000,5.64,3.22
15.034,0.000,0.000,5.76,2.25
15.035,0.000,0.000,5.76,1.58
15.036,0.000,0.000,5.76,1.10
15.037,0.000,0.000,5.76,0.77
15.046,0.000,0.000,6.05,0.54
15.050,0.000,0.000,6.05,0.38
15.053,0.000,0.000,6.69,0.26
15.057,0.000,0.000,6.69,0.19
15.082,0.000,0.000,7.63,0.13
15.082,0.000,0.000,7.63,0.09
15.084,0.000,0.000,8.83,0.06
15.085,0.000,0.000,8.83,0.04
15.095,0.000,0.000,8.83,0.03
15.099,0.000,0.000,8.83,0.02
15.100,0.000,0.000,10.04,0.02
15.101,0.000,0.000,10.04,0.01
15.110,0.000,0.000,11.14,0.01
15.111,0.000,0.000,11.14,0.01
15.126,0.000,0.000,11.14,0.00
15.127,0.000,0.000,11.14,0.00
15.143,0.000,0.000,12.23,0.00
15.144,0.000,0.000,12.23,0.00
15.145,0.000,0.000,12.23,0.00
15.146,0.000,0.000,12.23,0.00
15.149,0.000,0.000,13.52,4.37
15.150,0.000,0.000,13.52,7.43
15.159,0.000,0.000,15.06,10.00
15.160,0.000,0.000,15.06,11.79
15.187,0.000,0.000,16.82,13.51
15.188,0.000,0.000,16.82,14.70
15.194,0.000,0.000,18.67,15.91
15.195,0.000,0.000,18.67,16.75
15.208,0.000,0.000,20.54,17.73
15.209,0.000,0.000,20.54,18.42
15.234,0.000,0.000,22.46,19.34
15.235,0.000,0.000,22.46,19.99
15.238,0.000,0.000,24.57,20.90
15.243,0.000,0.000,24.57,21.54
15.244,0.000,0.000,24.57,21.98
15.245,0.000,0.000,24.57,22.29
15.258,0.000,0.000,26.67,22.96
15.259,0.000,0.000,26.67,23.43
15.299,0.000,0.000,28.73,24.17
15.300,0.000,0.000,28.73,24.69
15.304,0.000,0.000,30.70,25.42
15.307,0.000,0.000,30.70,25.93
15.308,0.000,0.000,32.47,26.59
15.309,0.000,0.000,32.47,27.05
15.310,0.000,0.000,32.47,27.37
15.311,0.000,0.000,32.47,27.59
15.335,0.000,0.000,34.21,28.02
15.336,0.000,0.000,34.21,28.32
15.341,0.000,0.000,35.68,28.75
15.342,0.000,0.000,35.68,29.05
15.350,0.000,0.000,36.99,29.45
15.351,0.000,0.000,36.99,29.73
15.353,0.000,0.000,36.99,29.92
15.357,0.000,0.000,36.99,30.06
15.386,0.000,0.000,38.15,30.48
15.387,0.000,0.000,38.15,30.77
15.393,0.000,0.000,39.27,31.32
15.394,0.000,0.000,39.27,31.70
15.399,0.000,0.000,40.37,32.12
15.400,0.000,0.000,40.37,32.41
15.433,0.000,0.000,41.32,32.98
15.434,0.000,0.000,41.32,33.37
15.435,0.000,0.000,41.32,33.65
15.436,0.000,0.000,41.32,33.84
15.443,0.000,0.000,42.23,34.28
15.444,0.000,0.000,42.23,34.59
15.445,0.000,0.000,42.23,34.81
15.446,0.000,0.000,42.23,34.96
15.450,0.000,0.000,43.04,35.24
15.451,0.000,0.000,43.04,35.44
15.452,0.000,0.000,43.04,35.58
15.454,0.000,0.000,43.04,35.68
15.477,0.000,0.000,43.86,35.91
15.478,0.000,0.000,43.86,36.07
15.484,0.000,0.000,43.86,36.19
15.485,0.000,0.000,43.86,36.27
15.488,0.000,0.000,44.71,36.73
15.492,0.000,0.000,44.71,37.06
15.494,0.000,0.000,45.51,37.21
15.495,0.000,0.000,45.51,37.32
15.499,0.000,0.000,45.51,37.39
15.500,0.000,0.000,45.51,37.44
15.532,0.000,0.000,46.25,37.70
15.533,0.000,0.000,46.25,37.87
15.535,0.000,0.000,46.94,38.02
15.536,0.000,0.000,46.94,38.12
15.541,0.000,0.000,46.94,38.19
15.542,0.000,0.000,46.94,38.24
15.543,0.000,0.000,47.67,38.34
15.544,0.000,0.000,47.67,38.42
15.548,0.000,0.000,47.67,38.47
15.549,0.000,0.000,47.67,38.51
15.559,0.000,0.000,48.45,38.46
15.560,0.000,0.000,48.45,38.43
15.561,0.000,0.000,48.45,38.41
15.561,0.000,0.000,48.45,38.40
15.587,0.000,0.000,49.27,38.62
15.590,0.000,0.000,49.27,38.77
15.592,0.000,0.000,49.27,38.88
15.593,0.000,0.000,49.27,38.95
15.598,0.000,0.000,50.17,38.84
15.599,0.000,0.000,50.17,38.77
15.600,0.000,0.000,50.17,38.72
15.601,0.000,0.000,50.17,38.68
15.608,0.000,0.000,51.09,38.60
15.609,0.000,0.000,51.09,38.55
15.633,0.000,0.000,51.98,38.52
15.635,0.000,0.000,51.98,38.50
15.640,0.000,0.000,52.69,38.39
15.641,0.000,0.000,52.69,38.32
15.643,0.000,0.000,52.69,38.27
15.644,0.000,0.000,52.69,38.24
15.656,0.000,0.000,53.27,38.36
15.660,0.000,0.000,53.27,38.44
15.661,0.000,0.000,53.27,38.50
15.662,0.000,0.000,53.27,38.54
15.685,0.000,0.000,53.89,38.82
15.687,0.000,0.000,53.89,39.01
15.692,0.000,0.000,54.63,39.04
15.693,0.000,0.000,54.63,39.06
15.694,0.000,0.000,54.63,39.07
15.695,0.000,0.000,54.63,39.08
15.702,0.000,0.000,55.56,38.95
15.705,0.000,0.000,55.56,38.86
15.707,0.000,0.000,55.56,38.80
15.708,0.000,0.000,55.56,38.76
15.733,0.000,0.000,56.51,38.75
15.734,0.000,0.000,56.51,38.75
15.739,0.000,0.000,57.21,38.73
15.741,0.000,0.000,57.21,38.72
15.750,0.000,0.000,57.85,38.54
15.751,0.000,0.000,57.85,38.42
15.753,0.000,0.000,57.85,38.33
15.755,0.000,0.000,57.85,38.27
15.783,0.000,0.000,58.54,38.52
15.784,0.000,0.000,58.54,38.70
15.786,0.000,0.000,59.21,38.89
15.788,0.000,0.000,59.21,39.03
15.789,0.000,0.000,59.21,39.12
15.792,0.000,0.000,59.21,39.19
15.799,0.000,0.000,59.74,39.47
15.800,0.000,0.000,59.74,39.67
15.801,0.000,0.000,59.74,39.81
15.802,0.000,0.000,59.74,39.90
15.833,0.000,0.000,60.17,40.10
15.834,0.000,0.000,60.17,40.24
15.835,0.000,0.000,60.17,40.34
15.836,0.000,0.000,60.17,40.41
15.837,0.000,0.000,60.59,40.72
15.838,0.000,0.000,60.59,40.94
15.842,0.000,0.000,60.59,41.09
15.845,0.000,0.000,60.59,41.19
15.849,0.000,0.000,61.10,41.36
15.850,0.000,0.000,61.10,41.47
15.877,0.000,0.000,61.54,41.82
15.883,0.000,0.000,61.54,42.06
15.884,0.000,0.000,61.54,42.24
15.885,0.000,0.000,61.54,42.36
15.889,0.000,0.000,61.86,42.67
15.893,0.000,0.000,61.86,42.89
15.894,0.000,0.000,62.04,43.18
15.895,0.000,0.000,62.04,43.39
15.896,0.000,0.000,62.04,43.53
15.901,0.000,0.000,62.04,43.63
15.911,0.000,0.000,62.15,43.98
15.912,0.000,0.000,62.15,44.22
15.913,0.000,0.000,62.15,44.39
15.914,0.000,0.000,62.15,44.51
15.944,0.000,0.000,62.24,44.95
15.945,0.000,0.000,62.24,45.25
15.951,0.000,0.000,62.26,45.88
15.952,0.000,0.000,62.26,46.32
15.959,0.000,0.000,62.24,46.90
15.960,0.000,0.000,62.24,47.30
15.962,0.000,0.000,62.24,47.58
15.962,0.000,0.000,62.24,47.78
15.990,0.000,0.000,62.25,48.16
15.991,0.000,0.000,62.25,48.43
15.995,0.000,0.000,62.21,48.79
15.996,0.000,0.000,62.21,49.04
15.997,0.000,0.000,62.21,49.21
15.999,0.000,0.000,62.21,49.33
16.008,0.000,0.000,62.03,49.69
16.009,0.000,0.000,62.03,49.94
16.010,0.000,0.000,62.03,50.12
16.011,0.000,0.000,62.03,50.24
16.035,0.000,0.000,61.67,50.69
16.036,0.000,0.000,61.67,51.01
16.040,0.000,0.000,61.13,51.92
16.044,0.000,0.000,61.13,52.55
16.055,0.000,0.000,60.29,54.06
16.056,0.000,0.000,60.29,55.11
16.058,0.000,0.000,60.29,55.85
16.059,0.000,0.000,60.29,56.37
16.082,0.000,0.000,59.13,58.28
16.083,0.000,0.000,59.13,59.63
16.084,0.000,0.000,59.13,60.57
16.085,0.000,0.000,59.13,61.22
16.089,0.000,0.000,57.64,63.58
16.091,0.000,0.000,57.64,65.23
16.093,0.000,0.000,57.64,66.39
16.094,0.000,0.000,57.64,67.19
16.102,0.000,0.000,55.73,70.30
16.105,0.000,0.000,55.73,72.47
16.107,0.000,0.000,55.73,73.99
16.108,0.000,0.000,55.73,75.05
16.136,0.000,0.000,53.46,77.87
16.137,0.000,0.000,53.46,79.84
16.140,0.000,0.000,50.88,85.89
16.143,0.000,0.000,50.88,90.12
16.150,0.000,0.000,48.27,93.04
16.151,0.000,0.000,48.27,95.08
16.152,0.000,0.000,48.27,96.51
16.155,0.000,0.000,48.27,97.52
16.184,0.000,0.000,45.88,98.01
16.185,0.000,0.000,45.88,98.36
16.188,0.000,0.000,43.72,98.27
16.189,0.000,0.000,43.72,98.20
16.199,0.000,0.000,41.67,97.72
16.200,0.000,0.000,41.67,97.39
16.232,0.000,0.000,39.59,96.58
16.233,0.000,0.000,39.59,96.01
16.234,0.000,0.000,39.59,95.62
16.235,0.000,0.000,39.59,95.34
16.238,0.000,0.000,37.50,94.45
16.242,0.000,0.000,37.50,93.83
16.249,0.000,0.000,35.47,92.61
16.250,0.000,0.000,35.47,91.76
16.251,0.000,0.000,35.47,91.16
16.252,0.000,0.000,35.47,90.74
16.279,0.000,0.000,33.62,89.64
16.284,0.000,0.000,33.62,88.86
16.290,0.000,0.000,32.00,87.53
16.292,0.000,0.000,32.00,86.60
16.299,0.000,0.000,30.57,84.12
16.300,0.000,0.000,30.57,82.38
16.310,0.000,0.000,29.14,79.97
16.311,0.000,0.000,29.14,78.29
16.312,0.000,0.000,29.14,77.11
16.316,0.000,0.000,29.14,76.28
16.318,0.000,0.000,29.14,75.70
16.319,0.000,0.000,29.14,75.30
16.343,0.000,0.000,27.49,73.08
16.344,0.000,0.000,27.49,71.53
16.345,0.000,0.000,27.49,70.44
16.345,0.000,0.000,27.49,69.68
16.350,0.000,0.000,25.67,68.00
16.351,0.000,0.000,25.67,66.82
16.359,0.000,0.000,23.83,65.27
16.360,0.000,0.000,23.83,64.19
16.360,0.000,0.000,23.83,63.44
16.361,0.000,0.000,23.83,62.91
16.384,0.000,0.000,22.07,61.55
16.385,0.000,0.000,22.07,60.59
16.392,0.000,0.000,20.48,59.38
16.393,0.000,0.000,20.48,58.52
16.394,0.000,0.000,20.48,57.93
16.398,0.000,0.000,20.48,57.51
16.406,0.000,0.000,19.08,56.01
16.407,0.000,0.000,19.08,54.96
16.409,0.000,0.000,19.08,54.23
16.410,0.000,0.000,19.08,53.71
16.415,0.000,0.000,19.08,53.35
16.417,0.000,0.000,19.08,53.10
16.441,0.000,0.000,17.75,51.46
16.442,0.000,0.000,17.75,50.32
16.445,0.000,0.000,16.42,47.90
16.446,0.000,0.000,16.42,46.20
16.455,0.000,0.000,15.08,44.10
16.457,0.000,0.000,15.08,42.63
16.482,0.000,0.000,13.77,40.10
16.483,0.000,0.000,13.77,38.33
16.483,0.000,0.000,13.77,37.10
16.484,0.000,0.000,13.77,36.23
16.490,0.000,0.000,12.56,34.57
16.491,0.000,0.000,12.56,33.41
16.492,0.000,0.000,12.56,32.59
16.493,0.000,0.000,12.56,32.02
16.502,0.000,0.000,11.55,30.82
16.507,0.000,0.000,11.55,29.98
16.508,0.000,0.000,11.55,29.39
16.509,0.000,0.000,11.55,28.98
16.533,0.000,0.000,10.69,27.85
16.534,0.000,0.000,10.69,27.06
16.537,0.000,0.000,9.96,25.59
16.538,0.000,0.000,9.96,24.56
16.550,0.000,0.000,9.29,23.15
16.551,0.000,0.000,9.29,22.16
16.553,0.000,0.000,9.29,21.47
16.555,0.000,0.000,9.29,20.99
16.582,0.000,0.000,8.64,20.02
16.582,0.000,0.000,8.64,19.35
16.586,0.000,0.000,8.00,18.30
16.587,0.000,0.000,8.00,17.57
16.599,0.000,0.000,7.45,16.73
16.600,0.000,0.000,7.45,16.13
16.601,0.000,0.000,7.45,15.72
16.602,0.000,0.000,7.45,15.42
16.632,0.000,0.000,7.09,14.91
16.633,0.000,0.000,7.09,14.55
16.634,0.000,0.000,7.09,14.30
16.635,0.000,0.000,7.09,14.12
16.639,0.000,0.000,6.89,13.71
16.642,0.000,0.000,6.89,13.42
16.647,0.000,0.000,6.83,13.04
16.648,0.000,0.000,6.83,12.78
16.660,0.000,0.000,6.83,12.60
16.669,0.000,0.000,6.83,12.47
16.673,0.000,0.000,6.92,12.25
16.674,0.000,0.000,6.92,12.09
16.675,0.000,0.000,6.92,11.98
16.676,0.000,0.000,6.92,11.90
16.684,0.000,0.000,7.10,11.71
16.685,0.000,0.000,7.10,11.57
16.698,0.000,0.000,7.10,11.48
16.699,0.000,0.000,7.10,11.41
16.716,0.000,0.000,7.41,11.36
16.717,0.000,0.000,7.41,11.32
16.719,0.000,0.000,7.89,11.35
16.722,0.000,0.000,7.89,11.37
16.728,0.000,0.000,8.57,11.48
16.732,0.000,0.000,8.57,11.56
16.745,0.000,0.000,8.57,11.61
16.749,0.000,0.000,8.57,11.65
16.766,0.000,0.000,9.49,11.86
16.766,0.000,0.000,9.49,12.02
16.768,0.000,0.000,10.61,12.29
16.769,0.000,0.000,10.61,12.49
16.770,0.000,0.000,10.61,12.62
16.775,0.000,0.000,10.61,12.71
16.777,0.000,0.000,11.86,13.01
16.782,0.000,0.000,11.86,13.22
16.783,0.000,0.000,11.86,13.36
16.784,0.000,0.000,11.86,13.46
16.809,0.000,0.000,13.33,13.81
16.810,0.000,0.000,13.33,14.05
16.810,0.000,0.000,13.33,14.22
16.811,0.000,0.000,13.33,14.34
16.816,0.000,0.000,14.85,14.78
16.817,0.000,0.000,14.85,15.10
16.842,0.000,0.000,16.40,15.64
16.843,0.000,0.000,16.40,16.02
16.845,0.000,0.000,18.02,16.69
16.849,0.000,0.000,18.02,17.16
16.856,0.000,0.000,19.72,17.83
16.857,0.000,0.000,19.72,18.31
16.858,0.000,0.000,19.72,18.64
16.860,0.000,0.000,19.72,18.87
16.885,0.000,0.000,21.44,19.44
16.886,0.000,0.000,21.44,19.84
16.887,0.000,0.000,21.44,20.12
16.888,0.000,0.000,21.44,20.32
16.893,0.000,0.000,23.15,20.86
16.894,0.000,0.000,23.15,21.23
16.902,0.000,0.000,25.01,21.87
16.903,0.000,0.000,25.01,22.32
16.907,0.000,0.000,25.01,22.64
16.908,0.000,0.000,25.01,22.86
16.935,0.000,0.000,26.87,23.40
16.936,0.000,0.000,26.87,23.78
16.937,0.000,0.000,26.87,24.05
16.941,0.000,0.000,26.87,24.24
16.944,0.000,0.000,28.55,24.72
16.945,0.000,0.000,28.55,25.06
16.951,0.000,0.000,30.13,25.60
16.953,0.000,0.000,30.13,25.97
16.957,0.000,0.000,30.13,26.24
16.958,0.000,0.000,30.13,26.42
16.983,0.000,0.000,31.54,26.81
16.984,0.000,0.000,31.54,27.09
16.987,0.000,0.000,33.03,27.59
16.991,0.000,0.000,33.03,27.95
16.992,0.000,0.000,33.03,28.19
16.993,0.000,0.000,33.03,28.37
16.999,0.000,0.000,34.49,28.79
17.000,0.000,0.000,34.49,29.08
17.033,0.000,0.000,35.79,29.50
17.034,0.000,0.000,35.79,29.80
17.035,0.000,0.000,35.79,30.00
17.036,0.000,0.000,35.79,30.15
17.038,0.000,0.000,37.10,30.53
17.038,0.000,0.000,37.10,30.79
17.043,0.000,0.000,37.10,30.98
17.044,0.000,0.000,37.10,31.11
17.049,0.000,0.000,38.33,31.33
17.050,0.000,0.000,38.33,31.49
17.051,0.000,0.000,38.33,31.60
17.051,0.000,0.000,38.33,31.67
17.082,0.000,0.000,39.44,32.10
17.083,0.000,0.000,39.44,32.39
17.084,0.000,0.000,40.35,32.81
17.086,0.000,0.000,40.35,33.10
17.093,0.000,0.000,40.35,33.31
17.094,0.000,0.000,40.35,33.45
17.099,0.000,0.000,41.08,33.90
17.100,0.000,0.000,41.08,34.22
17.101,0.000,0.000,41.08,34.44
17.102,0.000,0.000,41.08,34.59
17.111,0.000,0.000,41.76,35.08
17.112,0.000,0.000,41.76,35.42
17.126,0.000,0.000,41.76,35.66
17.127,0.000,0.000,41.76,35.83
17.148,0.000,0.000,42.45,36.31
17.149,0.000,0.000,42.45,36.64
17.152,0.000,0.000,43.16,37.10
17.157,0.000,0.000,43.16,37.41
17.169,0.000,0.000,43.88,37.94
17.174,0.000,0.000,43.88,38.32
17.193,0.000,0.000,44.56,38.55
17.194,0.000,0.000,44.56,38.72
17.195,0.000,0.000,44.56,38.84
17.199,0.000,0.000,44.56,38.92
17.202,0.000,0.000,45.24,39.04
17.203,0.000,0.000,45.24,39.13
17.208,0.000,0.000,45.97,39.21
17.209,0.000,0.000,45.97,39.27
17.234,0.000,0.000,46.74,39.22
17.235,0.000,0.000,46.74,39.19
17.236,0.000,0.000,46.74,39.17
17.237,0.000,0.000,46.74,39.16
17.243,0.000,0.000,47.57,39.09
17.244,0.000,0.000,47.57,39.05
17.256,0.000,0.000,48.43,39.00
17.258,0.000,0.000,48.43,38.96
17.259,0.000,0.000,48.43,38.93
17.260,0.000,0.000,48.43,38.91
17.286,0.000,0.000,49.39,38.85
17.292,0.000,0.000,49.39,38.81
17.295,0.000,0.000,50.31,38.43
17.296,0.000,0.000,50.31,38.16
17.299,0.000,0.000,50.31,37.97
17.300,0.000,0.000,50.31,37.84
17.301,0.000,0.000,50.31,37.75
17.302,0.000,0.000,50.31,37.68
17.306,0.000,0.000,51.09,37.68
17.307,0.000,0.000,51.09,37.68
17.309,0.000,0.000,51.09,37.67
17.310,0.000,0.000,51.09,37.67
17.334,0.000,0.000,51.72,37.81
17.335,0.000,0.000,51.72,37.91
17.341,0.000,0.000,52.28,38.12
17.342,0.000,0.000,52.28,38.26
17.343,0.000,0.000,52.28,38.37
17.344,0.000,0.000,52.28,38.44
17.344,0.000,0.000,52.28,38.49
17.345,0.000,0.000,52.28,38.52
17.351,0.000,0.000,52.87,38.63
17.352,0.000,0.000,52.87,38.71
17.353,0.000,0.000,52.87,38.77
17.354,0.000,0.000,52.87,38.80
17.382,0.000,0.000,53.55,39.34
17.383,0.000,0.000,53.55,39.71
17.386,0.000,0.000,54.10,40.04
17.391,0.000,0.000,54.10,40.27
17.392,0.000,0.000,54.10,40.44
17.393,0.000,0.000,54.10,40.55
17.400,0.000,0.000,54.61,40.65
17.401,0.000,0.000,54.61,40.72
17.402,0.000,0.000,54.61,40.77
17.406,0.000,0.000,54.61,40.81
17.432,0.000,0.000,55.20,40.88
17.432,0.000,0.000,55.20,40.94
17.433,0.000,0.000,55.20,40.98
17.434,0.000,0.000,55.20,41.00
17.437,0.000,0.000,55.89,40.98
17.438,0.000,0.000,55.89,40.96
17.449,0.000,0.000,56.57,40.88
17.450,0.000,0.000,56.57,40.82
17.477,0.000,0.000,57.11,40.84
17.478,0.000,0.000,57.11,40.86
17.484,0.000,0.000,57.11,40.87
17.484,0.000,0.000,57.11,40.87
17.491,0.000,0.000,57.52,41.02
17.492,0.000,0.000,57.52,41.12
17.494,0.000,0.000,57.82,41.31
17.495,0.000,0.000,57.82,41.44
17.499,0.000,0.000,57.82,41.54
17.500,0.000,0.000,57.82,41.60
17.510,0.000,0.000,58.10,41.93
17.511,0.000,0.000,58.10,42.17
17.515,0.000,0.000,58.10,42.33
17.516,0.000,0.000,58.10,42.45
17.541,0.000,0.000,58.41,42.86
17.542,0.000,0.000,58.41,43.15
17.545,0.000,0.000,58.68,43.63
17.546,0.000,0.000,58.68,43.96
17.559,0.000,0.000,58.89,44.24
17.560,0.000,0.000,58.89,44.43
17.561,0.000,0.000,58.89,44.57
17.562,0.000,0.000,58.89,44.66
17.590,0.000,0.000,59.02,45.02
17.591,0.000,0.000,59.02,45.27
17.595,0.000,0.000,59.07,45.66
17.599,0.000,0.000,59.07,45.93
17.601,0.000,0.000,59.07,46.12
17.601,0.000,0.000,59.07,46.25
17.608,0.000,0.000,59.03,46.63
17.609,0.000,0.000,59.03,46.89
17.633,0.000,0.000,58.82,47.52
17.634,0.000,0.000,58.82,47.97
17.638,0.000,0.000,58.50,48.99
17.641,0.000,0.000,58.50,49.70
17.643,0.000,0.000,58.50,50.20
17.643,0.000,0.000,58.50,50.55
17.656,0.000,0.000,58.06,51.43
17.658,0.000,0.000,58.06,52.04
17.659,0.000,0.000,58.06,52.47
17.660,0.000,0.000,58.06,52.78
17.687,0.000,0.000,57.44,53.68
17.688,0.000,0.000,57.44,54.31
17.693,0.000,0.000,56.56,55.98
17.694,0.000,0.000,56.56,57.15
17.703,0.000,0.000,55.36,59.39
17.706,0.000,0.000,55.36,60.96
17.733,0.000,0.000,53.83,63.00
17.734,0.000,0.000,53.83,64.43
17.737,0.000,0.000,52.04,69.02
17.738,0.000,0.000,52.04,72.23
17.751,0.000,0.000,50.07,77.89
17.753,0.000,0.000,50.07,81.86
17.755,0.000,0.000,50.07,84.63
17.756,0.000,0.000,50.07,86.58
17.783,0.000,0.000,47.97,89.31
17.783,0.000,0.000,47.97,91.22
17.787,0.000,0.000,45.82,93.60
17.791,0.000,0.000,45.82,95.26
17.792,0.000,0.000,45.82,96.42
17.793,0.000,0.000,45.82,97.24
17.800,0.000,0.000,43.77,97.49
17.801,0.000,0.000,43.77,97.67
17.832,0.000,0.000,41.81,97.38
17.833,0.000,0.000,41.81,97.18
17.834,0.000,0.000,41.81,97.04
17.835,0.000,0.000,41.81,96.94
17.838,0.000,0.000,39.79,96.33
17.842,0.000,0.000,39.79,95.90
17.843,0.000,0.000,39.79,95.60
17.844,0.000,0.000,39.79,95.39
17.848,0.000,0.000,37.65,94.54
17.849,0.000,0.000,37.65,93.95
17.850,0.000,0.000,37.65,93.53
17.851,0.000,0.000,37.65,93.24
17.884,0.000,0.000,35.46,92.19
17.885,0.000,0.000,35.46,91.46
17.901,0.000,0.000,35.46,90.94
17.903,0.000,0.000,35.46,90.58
17.905,0.000,0.000,33.24,89.34
17.907,0.000,0.000,33.24,88.47
17.908,0.000,0.000,33.24,87.87
17.909,0.000,0.000,33.24,87.44
17.912,0.000,0.000,30.99,86.02
17.913,0.000,0.000,30.99,85.02
17.914,0.000,0.000,28.84,83.13
17.915,0.000,0.000,28.84,81.80
17.919,0.000,0.000,28.84,80.87
17.922,0.000,0.000,28.84,80.22
17.950,0.000,0.000,26.87,78.58
17.951,0.000,0.000,26.87,77.42
17.956,0.000,0.000,26.87,76.62
17.960,0.000,0.000,26.87,76.05
17.961,0.000,0.000,25.02,74.46
17.966,0.000,0.000,25.02,73.35
17.969,0.000,0.000,23.18,71.31
17.970,0.000,0.000,23.18,69.89
17.992,0.000,0.000,21.24,67.49
17.993,0.000,0.000,21.24,65.81
18.001,0.000,0.000,19.30,62.82
18.002,0.000,0.000,19.30,60.73
18.008,0.000,0.000,17.55,57.93
18.010,0.000,0.000,17.55,55.97
18.011,0.000,0.000,17.55,54.59
18.015,0.000,0.000,17.55,53.63
18.037,0.000,0.000,15.94,51.23
18.038,0.000,0.000,15.94,49.56
18.044,0.000,0.000,14.52,47.45
18.045,0.000,0.000,14.52,45.97
18.046,0.000,0.000,14.52,44.94
18.049,0.000,0.000,14.52,44.21
18.056,0.000,0.000,13.19,42.14
18.057,0.000,0.000,13.19,40.70
18.058,0.000,0.000,13.19,39.68
18.059,0.000,0.000,13.19,38.97
18.082,0.000,0.000,11.87,37.00
18.083,0.000,0.000,11.87,35.63
18.084,0.000,0.000,11.87,34.66
18.085,0.000,0.000,11.87,33.99
18.088,0.000,0.000,10.62,32.12
18.093,0.000,0.000,10.62,30.81
18.094,0.000,0.000,10.62,29.89
18.095,0.000,0.000,10.62,29.25
18.105,0.000,0.000,9.44,27.84
18.107,0.000,0.000,9.44,26.85
18.108,0.000,0.000,9.44,26.16
18.109,0.000,0.000,9.44,25.68
18.133,0.000,0.000,8.38,24.01
18.134,0.000,0.000,8.38,22.84
18.139,0.000,0.000,7.50,21.27
18.141,0.000,0.000,7.50,20.17
18.142,0.000,0.000,7.50,19.40
18.143,0.000,0.000,7.50,18.86
18.152,0.000,0.000,6.86,17.80
18.157,0.000,0.000,6.86,17.06
18.158,0.000,0.000,6.86,16.54
18.159,0.000,0.000,6.86,16.18
18.182,0.000,0.000,6.31,15.31
18.183,0.000,0.000,6.31,14.70
18.186,0.000,0.000,5.82,13.85
18.187,0.000,0.000,5.82,13.25
18.192,0.000,0.000,5.82,12.83
18.193,0.000,0.000,5.82,12.53
18.200,0.000,0.000,5.48,11.96
18.201,0.000,0.000,5.48,11.56
18.229,0.000,0.000,5.40,11.03
18.233,0.000,0.000,5.40,10.66
18.234,0.000,0.000,5.40,10.40
18.235,0.000,0.000,5.40,10.22
18.242,0.000,0.000,5.56,10.01
18.243,0.000,0.000,5.56,9.87
18.248,0.000,0.000,5.89,9.76
18.249,0.000,0.000,5.89,9.69
18.251,0.000,0.000,5.89,9.64
18.252,0.000,0.000,5.89,9.60
18.282,0.000,0.000,6.50,9.61
18.283,0.000,0.000,6.50,9.62
18.284,0.000,0.000,7.45,9.75
18.285,0.000,0.000,7.45,9.84
18.291,0.000,0.000,7.45,9.90
18.292,0.000,0.000,7.45,9.94
18.294,0.000,0.000,8.56,10.17
18.295,0.000,0.000,8.56,10.33
18.296,0.000,0.000,8.56,10.44
18.300,0.000,0.000,8.56,10.52
18.332,0.000,0.000,9.79,10.86
18.333,0.000,0.000,9.79,11.10
18.334,0.000,0.000,11.00,11.44
18.335,0.000,0.000,11.00,11.68
18.338,0.000,0.000,11.00,11.85
18.341,0.000,0.000,11.00,11.97
18.342,0.000,0.000,12.28,8.38
18.343,0.000,0.000,12.28,5.87
18.346,0.000,0.000,12.28,4.11
18.351,0.000,0.000,12.28,2.87
18.359,0.000,0.000,13.75,6.37
18.360,0.000,0.000,13.75,8.82
18.360,0.000,0.000,13.75,10.54
18.361,0.000,0.000,13.75,11.74
18.385,0.000,0.000,15.37,12.98
18.387,0.000,0.000,15.37,13.86
18.388,0.000,0.000,15.37,14.47
18.391,0.000,0.000,15.37,14.89
18.395,0.000,0.000,17.22,15.60
18.399,0.000,0.000,17.22,16.09
18.400,0.000,0.000,17.22,16.43
18.401,0.000,0.000,17.22,16.67
18.406,0.000,0.000,19.25,17.35
18.409,0.000,0.000,19.25,17.83
18.410,0.000,0.000,19.25,18.16
18.410,0.000,0.000,19.25,18.40
18.435,0.000,0.000,21.31,19.03
18.436,0.000,0.000,21.31,19.47
18.437,0.000,0.000,21.31,19.78
18.438,0.000,0.000,21.31,20.00
18.440,0.000,0.000,23.18,20.59
18.443,0.000,0.000,23.18,21.00
18.456,0.000,0.000,24.96,21.69
18.457,0.000,0.000,24.96,22.18
18.458,0.000,0.000,24.96,22.52
18.459,0.000,0.000,24.96,22.75
18.460,0.000,0.000,24.96,22.92
18.461,0.000,0.000,24.96,23.04
18.489,0.000,0.000,26.57,23.47
18.491,0.000,0.000,26.57,23.77
18.494,0.000,0.000,28.14,24.33
18.495,0.000,0.000,28.14,24.72
18.503,0.000,0.000,29.64,25.32
18.506,0.000,0.000,29.64,25.74
18.508,0.000,0.000,29.64,26.04
18.509,0.000,0.000,29.64,26.24
18.535,0.000,0.000,31.09,26.73
18.536,0.000,0.000,31.09,27.07
18.542,0.000,0.000,32.55,27.59
18.543,0.000,0.000,32.55,27.96
18.550,0.000,0.000,33.78,28.45
18.551,0.000,0.000,33.78,28.80
18.552,0.000,0.000,33.78,29.04
18.553,0.000,0.000,33.78,29.21
18.584,0.000,0.000,34.73,29.65
18.585,0.000,0.000,34.73,29.96
18.588,0.000,0.000,35.54,30.50
18.590,0.000,0.000,35.54,30.87
18.599,0.000,0.000,36.33,31.35
18.600,0.000,0.000,36.33,31.68
18.601,0.000,0.000,36.33,31.92
18.602,0.000,0.000,36.33,32.08
18.632,0.000,0.000,37.17,32.72
18.633,0.000,0.000,37.17,33.17
18.634,0.000,0.000,37.17,33.49
18.635,0.000,0.000,37.17,33.71
18.638,0.000,0.000,37.95,34.28
18.639,0.000,0.000,37.95,34.68
18.649,0.000,0.000,38.73,35.00
18.650,0.000,0.000,38.73,35.23
18.683,0.000,0.000,39.42,35.69
18.684,0.000,0.000,39.42,36.02
18.687,0.000,0.000,40.10,36.47
18.689,0.000,0.000,40.10,36.79
18.695,0.000,0.000,40.82,37.08
18.696,0.000,0.000,40.82,37.29
18.710,0.000,0.000,41.69,37.40
18.711,0.000,0.000,41.69,37.48
18.722,0.000,0.000,41.69,37.53
18.726,0.000,0.000,41.69,37.57
18.742,0.000,0.000,42.69,37.60
18.743,0.000,0.000,42.69,37.62
18.743,0.000,0.000,42.69,37.63
18.744,0.000,0.000,42.69,37.64
18.749,0.000,0.000,43.69,37.48
18.750,0.000,0.000,43.69,37.37
18.750,0.000,0.000,43.69,37.30
18.752,0.000,0.000,43.69,37.24
18.758,0.000,0.000,44.63,37.13
18.759,0.000,0.000,44.63,37.06
18.760,0.000,0.000,44.63,37.01
18.761,0.000,0.000,44.63,36.97
18.784,0.000,0.000,45.37,37.10
18.785,0.000,0.000,45.37,37.20
18.790,0.000,0.000,46.12,37.27
18.791,0.000,0.000,46.12,37.31
18.794,0.000,0.000,46.12,37.35
18.794,0.000,0.000,46.12,37.37
18.809,0.000,0.000,46.89,37.59
18.810,0.000,0.000,46.89,37.74
18.836,0.000,0.000,47.64,38.08
18.837,0.000,0.000,47.64,38.31
18.842,0.000,0.000,48.36,38.61
18.844,0.000,0.000,48.36,38.81
18.855,0.000,0.000,49.06,38.78
18.857,0.000,0.000,49.06,38.76
18.858,0.000,0.000,49.06,38.75
18.859,0.000,0.000,49.06,38.74
18.885,0.000,0.000,49.90,38.91
18.886,0.000,0.000,49.90,39.03
18.891,0.000,0.000,50.79,38.89
18.892,0.000,0.000,50.79,38.79
18.902,0.000,0.000,51.69,38.58
18.903,0.000,0.000,51.69,38.42
18.905,0.000,0.000,51.69,38.32
18.909,0.000,0.000,51.69,38.24
18.933,0.000,0.000,52.54,38.15
18.933,0.000,0.000,52.54,38.09
18.937,0.000,0.000,53.26,38.19
18.941,0.000,0.000,53.26,38.26
18.951,0.000,0.000,53.77,38.38
18.952,0.000,0.000,53.77,38.47
18.953,0.000,0.000,53.77,38.52
18.956,0.000,0.000,53.77,38.57
18.982,0.000,0.000,54.17,39.05
18.983,0.000,0.000,54.17,39.39
18.986,0.000,0.000,54.63,39.96
18.987,0.000,0.000,54.63,40.36
18.999,0.000,0.000,55.19,40.71
19.000,0.000,0.000,55.19,40.96
19.001,0.000,0.000,55.19,41.13
19.002,0.000,0.000,55.19,41.25
19.034,0.000,0.000,55.67,41.48
19.035,0.000,0.000,55.67,41.65
19.040,0.000,0.000,55.91,42.05
19.041,0.000,0.000,55.91,42.34
19.049,0.000,0.000,55.95,42.78
19.050,0.000,0.000,55.95,43.09
19.082,0.000,0.000,55.96,43.72
19.083,0.000,0.000,55.96,44.16
19.086,0.000,0.000,56.01,45.06
19.087,0.000,0.000,56.01,45.69
19.094,0.000,0.000,56.14,46.43
19.095,0.000,0.000,56.14,46.94
19.099,0.000,0.000,56.14,47.30
19.100,0.000,0.000,56.14,47.55
19.110,0.000,0.000,56.30,47.78
19.111,0.000,0.000,56.30,47.94
19.115,0.000,0.000,56.30,48.05
19.116,0.000,0.000,56.30,48.13
19.139,0.000,0.000,56.41,48.13
19.140,0.000,0.000,56.41,48.13
19.145,0.000,0.000,56.40,48.15
19.146,0.000,0.000,56.40,48.16
19.158,0.000,0.000,56.19,48.43
19.159,0.000,0.000,56.19,48.62
19.162,0.000,0.000,56.19,48.75
19.165,0.000,0.000,56.19,48.85
19.196,0.000,0.000,55.77,49.47
19.200,0.000,0.000,55.77,49.90
19.203,0.000,0.000,55.23,51.08
19.204,0.000,0.000,55.23,51.90
19.208,0.000,0.000,54.59,53.37
19.209,0.000,0.000,54.59,54.40
19.234,0.000,0.000,53.75,55.95
19.235,0.000,0.000,53.75,57.04
19.241,0.000,0.000,52.62,59.79
19.242,0.000,0.000,52.62,61.72
19.243,0.000,0.000,52.62,63.07
19.244,0.000,0.000,52.62,64.01
19.257,0.000,0.000,51.16,66.37
19.258,0.000,0.000,51.16,68.02
19.260,0.000,0.000,51.16,69.17
19.261,0.000,0.000,51.16,69.98
19.286,0.000,0.000,49.36,71.95
19.287,0.000,0.000,49.36,73.33
19.294,0.000,0.000,47.24,78.12
19.295,0.000,0.000,47.24,81.48
19.296,0.000,0.000,47.24,83.83
19.298,0.000,0.000,47.24,85.47
19.302,0.000,0.000,44.88,89.44
19.307,0.000,0.000,44.88,92.22
19.308,0.000,0.000,44.88,94.17
19.309,0.000,0.000,44.88,95.53
19.310,0.000,0.000,44.88,96.48
19.311,0.000,0.000,44.88,97.15
19.336,0.000,0.000,42.36,97.14
19.337,0.000,0.000,42.36,97.14
19.342,0.000,0.000,39.77,96.46
19.344,0.000,0.000,39.77,95.98
19.351,0.000,0.000,37.22,94.80
19.352,0.000,0.000,37.22,93.98
19.358,0.000,0.000,37.22,93.40
19.359,0.000,0.000,37.22,92.99
19.385,0.000,0.000,34.66,91.68
19.386,0.000,0.000,34.66,90.76
19.392,0.000,0.000,32.09,88.90
19.393,0.000,0.000,32.09,87.61
19.399,0.000,0.000,29.48,85.30
19.400,0.000,0.000,29.48,83.69
19.401,0.000,0.000,29.48,82.56
19.401,0.000,0.000,29.48,81.77
19.433,0.000,0.000,26.83,79.64
19.434,0.000,0.000,26.83,78.14
19.437,0.000,0.000,24.28,75.43
19.438,0.000,0.000,24.28,73.53
19.447,0.000,0.000,21.89,70.51
19.450,0.000,0.000,21.89,68.41
19.451,0.000,0.000,21.89,66.93
19.452,0.000,0.000,21.89,65.90
19.482,0.000,0.000,19.61,63.46
19.483,0.000,0.000,19.61,61.76
19.488,0.000,0.000,19.61,60.57
19.492,0.000,0.000,19.61,59.73
19.494,0.000,0.000,17.45,57.44
19.495,0.000,0.000,17.45,55.84
19.500,0.000,0.000,15.53,53.15
19.501,0.000,0.000,15.53,51.26
19.510,0.000,0.000,13.69,48.40
19.511,0.000,0.000,13.69,46.39
19.528,0.000,0.000,13.69,44.99
19.529,0.000,0.000,13.69,44.00
19.551,0.000,0.000,12.20,42.02
19.552,0.000,0.000,12.20,40.63
19.559,0.000,0.000,11.00,38.04
19.560,0.000,0.000,11.00,36.23
19.562,0.000,0.000,9.98,33.56
19.566,0.000,0.000,9.98,31.69
19.591,0.000,0.000,9.00,29.19
19.592,0.000,0.000,9.00,27.44
19.595,0.000,0.000,7.85,24.87
19.599,0.000,0.000,7.85,23.06
19.600,0.000,0.000,7.85,21.80
19.601,0.000,0.000,7.85,20.92
19.608,0.000,0.000,6.58,19.34
19.609,0.000,0.000,6.58,18.24
19.610,0.000,0.000,6.58,17.47
19.611,0.000,0.000,6.58,16.93
19.635,0.000,0.000,5.39,15.70
19.637,0.000,0.000,5.39,14.84
19.642,0.000,0.000,4.46,13.52
19.643,0.000,0.000,4.46,12.59
19.656,0.000,0.000,3.73,11.46
19.659,0.000,0.000,3.73,10.67
19.660,0.000,0.000,3.73,10.12
19.660,0.000,0.000,3.73,9.73
19.684,0.000,0.000,3.19,8.90
19.685,0.000,0.000,3.19,8.33
19.690,0.000,0.000,2.77,7.54
19.691,0.000,0.000,2.77,6.99
19.702,0.000,0.000,2.44,6.32
19.703,0.000,0.000,2.44,5.86
19.707,0.000,0.000,2.44,5.53
19.708,0.000,0.000,2.44,5.30
19.737,0.000,0.000,2.28,4.98
19.738,0.000,0.000,2.28,4.75
19.744,0.000,0.000,2.32,4.53
19.745,0.000,0.000,2.32,4.37
19.750,0.000,0.000,2.53,4.30
19.751,0.000,0.000,2.53,4.25
19.751,0.000,0.000,2.53,4.21
19.752,0.000,0.000,2.53,4.19
19.755,0.000,0.000,2.53,4.17
19.758,0.000,0.000,2.53,4.16
19.786,0.000,0.000,2.88,4.24
19.788,0.000,0.000,2.88,4.30
19.790,0.000,0.000,2.88,4.35
19.791,0.000,0.000,2.88,3.04
19.792,0.000,0.000,3.38,2.13
19.794,0.000,0.000,3.38,2.96
19.800,0.000,0.000,3.38,3.55
19.801,0.000,0.000,3.38,3.96
19.802,0.000,0.000,4.00,4.43
19.805,0.000,0.000,4.00,4.77
19.808,0.000,0.000,4.00,3.34
19.809,0.000,0.000,4.00,2.33
19.835,0.000,0.000,4.76,1.63
19.836,0.000,0.000,4.76,1.14
19.842,0.000,0.000,5.58,0.80
19.843,0.000,0.000,5.58,0.56
19.846,0.000,0.000,5.58,0.39
19.847,0.000,0.000,5.58,0.27
19.851,0.000,0.000,6.38,0.19
19.852,0.000,0.000,6.38,0.13
19.877,0.000,0.000,7.23,0.09
19.878,0.000,0.000,7.23,0.07
19.884,0.000,0.000,7.23,0.05
19.885,0.000,0.000,7.23,0.03
19.886,0.000,0.000,8.21,0.02
19.887,0.000,0.000,8.21,0.02
19.900,0.000,0.000,8.21,0.01
19.901,0.000,0.000,8.21,0.01
19.902,0.000,0.000,9.28,0.01
19.906,0.000,0.000,9.28,0.00
19.907,0.000,0.000,9.28,0.00
19.908,0.000,0.000,9.28,0.00
19.911,0.000,0.000,10.37,3.54
19.912,0.000,0.000,10.37,6.02
19.914,0.000,0.000,10.37,7.76
19.918,0.000,0.000,10.37,8.97
19.948,0.000,0.000,11.52,10.18
19.949,0.000,0.000,11.52,11.02
19.952,0.000,0.000,12.61,11.92
19.953,0.000,0.000,12.61,12.55
19.958,0.000,0.000,13.58,13.29
19.959,0.000,0.000,13.58,13.80
19.960,0.000,0.000,13.58,14.16
19.961,0.000,0.000,13.58,14.42
19.984,0.000,0.000,14.39,14.92
19.985,0.000,0.000,14.39,15.27
19.992,0.000,0.000,15.15,15.80
19.993,0.000,0.000,15.15,16.17
20.008,0.000,0.000,15.97,16.70
20.009,0.000,0.000,15.97,17.08
20.010,0.000,0.000,15.97,17.34
20.011,0.000,0.000,15.97,17.53
20.034,0.000,0.000,16.86,18.00
20.035,0.000,0.000,16.86,18.33
20.036,0.000,0.000,16.86,18.57
20.037,0.000,0.000,16.86,18.73
20.043,0.000,0.000,17.71,19.18
20.044,0.000,0.000,17.71,19.49
20.048,0.000,0.000,17.71,19.71
20.049,0.000,0.000,17.71,19.86
20.055,0.000,0.000,18.50,20.17
20.057,0.000,0.000,18.50,20.38
20.059,0.000,0.000,18.50,20.53
20.060,0.000,0.000,18.50,20.63
20.084,0.000,0.000,19.20,21.01
20.085,0.000,0.000,19.20,21.27
20.090,0.000,0.000,19.90,21.71
20.091,0.000,0.000,19.90,22.02
20.092,0.000,0.000,19.90,22.23
20.094,0.000,0.000,19.90,22.38
20.102,0.000,0.000,20.49,22.77
20.103,0.000,0.000,20.49,23.04
20.106,0.000,0.000,20.49,23.22
20.109,0.000,0.000,20.49,23.36
20.137,0.000,0.000,21.19,23.72
20.142,0.000,0.000,21.19,23.98
20.143,0.000,0.000,21.19,24.16
20.144,0.000,0.000,21.19,24.29
20.149,0.000,0.000,21.90,24.65
20.150,0.000,0.000,21.90,24.90
20.151,0.000,0.000,22.93,25.18
20.152,0.000,0.000,22.93,25.38
20.157,0.000,0.000,22.93,25.52
20.158,0.000,0.000,22.93,25.61
20.186,0.000,0.000,24.21,25.87
20.188,0.000,0.000,24.21,26.05
20.192,0.000,0.000,25.70,26.14
20.193,0.000,0.000,25.70,26.20
20.199,0.000,0.000,27.46,26.31
20.200,0.000,0.000,27.46,26.39
20.231,0.000,0.000,29.38,26.53
20.232,0.000,0.000,29.38,26.63
20.233,0.000,0.000,29.38,26.70
20.234,0.000,0.000,29.38,26.75
20.238,0.000,0.000,31.35,27.03
20.239,0.000,0.000,31.35,27.23
20.249,0.000,0.000,33.28,27.63
20.250,0.000,0.000,33.28,27.91
20.251,0.000,0.000,33.28,28.10
20.251,0.000,0.000,33.28,28.24
20.277,0.000,0.000,34.86,28.57
20.284,0.000,0.000,34.86,28.81
20.285,0.000,0.000,34.86,28.97
20.286,0.000,0.000,34.86,29.09
20.290,0.000,0.000,36.16,29.37
20.292,0.000,0.000,36.16,29.56
20.295,0.000,0.000,36.16,29.70
20.298,0.000,0.000,36.16,29.80
20.299,0.000,0.000,37.32,30.12
20.300,0.000,0.000,37.32,30.35
20.319,0.000,0.000,38.30,30.83
20.320,0.000,0.000,38.30,31.16
20.331,0.000,0.000,38.30,31.39
20.334,0.000,0.000,38.30,31.55
20.342,0.000,0.000,39.18,32.14
20.343,0.000,0.000,39.18,32.54
20.344,0.000,0.000,39.18,32.83
20.345,0.000,0.000,39.18,33.03
20.349,0.000,0.000,39.91,33.60
20.350,0.000,0.000,39.91,33.99
20.351,0.000,0.000,39.91,34.27
20.351,0.000,0.000,39.91,34.46
20.358,0.000,0.000,40.52,35.04
20.359,0.000,0.000,40.52,35.44
20.360,0.000,0.000,40.52,35.72
20.361,0.000,0.000,40.52,35.92
20.386,0.000,0.000,41.07,36.44
20.387,0.000,0.000,41.07,36.81
20.394,0.000,0.000,41.66,37.36
20.398,0.000,0.000,41.66,37.75
20.408,0.000,0.000,42.37,38.22
20.409,0.000,0.000,42.37,38.54
20.436,0.000,0.000,43.13,38.86
20.437,0.000,0.000,43.13,39.08
20.443,0.000,0.000,44.01,39.05
20.444,0.000,0.000,44.01,39.04
20.444,0.000,0.000,44.01,39.02
20.448,0.000,0.000,44.01,39.01
20.455,0.000,0.000,44.98,38.80
20.456,0.000,0.000,44.98,38.65
20.458,0.000,0.000,44.98,38.55
20.459,0.000,0.000,44.98,38.47
20.482,0.000,0.000,45.98,38.21
20.483,0.000,0.000,45.98,38.03
20.484,0.000,0.000,45.98,37.90
20.485,0.000,0.000,45.98,37.81
20.489,0.000,0.000,47.04,37.60
20.492,0.000,0.000,47.04,37.45
20.493,0.000,0.000,47.04,37.34
20.494,0.000,0.000,47.04,37.27
20.502,0.000,0.000,48.22,37.03
20.505,0.000,0.000,48.22,36.87
20.507,0.000,0.000,48.22,36.75
20.508,0.000,0.000,48.22,36.67
20.535,0.000,0.000,49.51,36.51
20.536,0.000,0.000,49.51,36.40
20.542,0.000,0.000,50.88,36.15
20.543,0.000,0.000,50.88,35.98
20.551,0.000,0.000,52.31,35.69
20.552,0.000,0.000,52.31,35.49
20.584,0.000,0.000,53.70,35.24
20.585,0.000,0.000,53.70,35.07
20.588,0.000,0.000,54.93,34.94
20.589,0.000,0.000,54.93,34.86
20.599,0.000,0.000,55.93,34.83
20.600,0.000,0.000,55.93,34.80
20.601,0.000,0.000,55.93,34.79
20.602,0.000,0.000,55.93,34.78
20.633,0.000,0.000,56.60,35.03
20.634,0.000,0.000,56.60,35.21
20.638,0.000,0.000,57.14,35.79
20.639,0.000,0.000,57.14,36.20
20.649,0.000,0.000,57.58,36.97
20.650,0.000,0.000,57.58,37.52
20.651,0.000,0.000,57.58,37.90
20.651,0.000,0.000,57.58,38.16
20.682,0.000,0.000,58.00,38.84
20.683,0.000,0.000,58.00,39.31
20.684,0.000,0.000,58.00,39.65
20.685,0.000,0.000,58.00,39.88
20.688,0.000,0.000,58.49,40.58
20.689,0.000,0.000,58.49,41.07
20.694,0.000,0.000,59.02,41.41
20.697,0.000,0.000,59.02,41.64
20.698,0.000,0.000,59.02,41.81
20.699,0.000,0.000,59.02,41.92
20.733,0.000,0.000,59.51,42.16
20.734,0.000,0.000,59.51,42.32
20.735,0.000,0.000,59.87,42.33
20.738,0.000,0.000,59.87,42.33
20.743,0.000,0.000,60.21,42.35
20.744,0.000,0.000,60.21,42.37
20.745,0.000,0.000,60.21,42.38
20.749,0.000,0.000,60.21,42.39
20.758,0.000,0.000,60.63,42.41
20.759,0.000,0.000,60.63,42.43
20.761,0.000,0.000,60.63,42.45
20.765,0.000,0.000,60.63,42.46
20.796,0.000,0.000,61.05,42.68
20.797,0.000,0.000,61.05,42.84
20.801,0.000,0.000,61.38,42.99
20.801,0.000,0.000,61.38,43.10
20.807,0.000,0.000,61.40,43.68
20.808,0.000,0.000,61.40,44.09
20.810,0.000,0.000,61.40,44.38
20.810,0.000,0.000,61.40,44.58
20.834,0.000,0.000,61.05,45.41
20.835,0.000,0.000,61.05,45.99
20.836,0.000,0.000,61.05,46.39
20.837,0.000,0.000,61.05,46.68
20.841,0.000,0.000,60.45,47.89
20.843,0.000,0.000,60.45,48.74
20.844,0.000,0.000,60.45,49.33
20.845,0.000,0.000,60.45,49.75
20.858,0.000,0.000,59.67,51.35
20.859,0.000,0.000,59.67,52.48
20.860,0.000,0.000,59.67,53.26
20.861,0.000,0.000,59.67,53.81
20.884,0.000,0.000,58.85,55.45
20.885,0.000,0.000,58.85,56.59
20.888,0.000,0.000,57.83,59.01
20.889,0.000,0.000,57.83,60.71
20.891,0.000,0.000,57.83,61.90
20.892,0.000,0.000,57.83,62.73
20.903,0.000,0.000,56.41,64.87
20.905,0.000,0.000,56.41,66.38
20.906,0.000,0.000,56.41,67.43
20.909,0.000,0.000,56.41,68.17
20.936,0.000,0.000,54.48,71.01
20.937,0.000,0.000,54.48,73.00
20.938,0.000,0.000,54.48,74.39
20.939,0.000,0.000,54.48,75.37
20.944,0.000,0.000,52.04,78.50
20.945,0.000,0.000,52.04,80.70
20.953,0.000,0.000,49.22,86.17
20.954,0.000,0.000,49.22,90.00
20.982,0.000,0.000,46.23,92.79
20.983,0.000,0.000,46.23,94.74
20.986,0.000,0.000,43.12,95.62
20.987,0.000,0.000,43.12,96.24
20.988,0.000,0.000,43.12,96.67
20.989,0.000,0.000,43.12,96.97
21.000,0.000,0.000,40.09,96.44
21.001,0.000,0.000,40.09,96.06
21.002,0.000,0.000,40.09,95.80
21.002,0.000,0.000,40.09,95.62
21.032,0.000,0.000,37.35,94.59
21.033,0.000,0.000,37.35,93.88
21.036,0.000,0.000,34.79,92.35
21.037,0.000,0.000,34.79,91.29
21.048,0.000,0.000,32.26,89.36
21.049,0.000,0.000,32.26,88.01
21.050,0.000,0.000,32.26,87.07
21.051,0.000,0.000,32.26,86.41
21.081,0.000,0.000,29.63,84.55
21.083,0.000,0.000,29.63,83.25
21.084,0.000,0.000,29.63,82.34
21.085,0.000,0.000,29.63,81.70
21.088,0.000,0.000,26.91,79.64
21.089,0.000,0.000,26.91,78.20
21.094,0.000,0.000,24.33,75.50
21.095,0.000,0.000,24.33,73.61
21.099,0.000,0.000,24.33,72.29
21.100,0.000,0.000,24.33,71.37
21.110,0.000,0.000,22.07,69.13
21.111,0.000,0.000,22.07,67.56
21.117,0.000,0.000,22.07,66.46
21.117,0.000,0.000,22.07,65.69
21.143,0.000,0.000,20.09,63.69
21.144,0.000,0.000,20.09,62.28
21.150,0.000,0.000,18.28,59.90
21.151,0.000,0.000,18.28,58.23
21.158,0.000,0.000,16.58,55.69
21.159,0.000,0.000,16.58,53.92
21.164,0.000,0.000,16.58,52.67
21.166,0.000,0.000,16.58,51.80
21.189,0.000,0.000,14.86,49.43
21.190,0.000,0.000,14.86,47.78
21.193,0.000,0.000,13.16,44.83
21.195,0.000,0.000,13.16,42.77
21.212,0.000,0.000,11.63,40.13
21.213,0.000,0.000,11.63,38.28
21.213,0.000,0.000,11.63,36.99
21.218,0.000,0.000,11.63,36.09
21.234,0.000,0.000,10.27,33.81
21.235,0.000,0.000,10.27,32.22
21.250,0.000,0.000,9.00,29.67
21.251,0.000,0.000,9.00,27.89
21.257,0.000,0.000,7.74,25.67
21.258,0.000,0.000,7.74,24.12
21.282,0.000,0.000,6.49,21.77
21.283,0.000,0.000,6.49,20.13
21.286,0.000,0.000,5.40,18.15
21.287,0.000,0.000,5.40,16.76
21.291,0.000,0.000,5.40,15.79
21.292,0.000,0.000,5.40,15.11
21.303,0.000,0.000,4.59,13.91
21.306,0.000,0.000,4.59,13.07
21.308,0.000,0.000,4.59,12.48
21.309,0.000,0.000,4.59,12.07
21.332,0.000,0.000,3.99,11.25
21.333,0.000,0.000,3.99,10.68
21.336,0.000,0.000,3.62,9.81
21.338,0.000,0.000,3.62,9.21
21.340,0.000,0.000,3.62,8.79
21.341,0.000,0.000,3.62,8.50
21.351,0.000,0.000,3.38,8.01
21.352,0.000,0.000,3.38,7.67
21.353,0.000,0.000,3.38,7.43
21.354,0.000,0.000,3.38,7.26
21.386,0.000,0.000,3.30,6.88
21.387,0.000,0.000,3.30,6.61
21.388,0.000,0.000,3.30,6.42
21.389,0.000,0.000,3.30,6.29
21.394,0.000,0.000,3.36,6.12
21.395,0.000,0.000,3.36,6.00
21.398,0.000,0.000,4.22,6.12
21.399,0.000,0.000,4.22,6.20
21.401,0.000,0.000,4.22,6.26
21.403,0.000,0.000,4.22,6.30
21.432,0.000,0.000,5.17,6.57
21.433,0.000,0.000,5.17,6.75
21.434,0.000,0.000,5.17,6.88
21.435,0.000,0.000,5.17,6.97
21.438,0.000,0.000,6.47,7.34
21.439,0.000,0.000,6.47,7.59
21.448,0.000,0.000,7.86,8.05
21.449,0.000,0.000,7.86,8.37
21.484,0.000,0.000,9.29,8.92
21.485,0.000,0.000,9.29,9.29
21.486,0.000,0.000,10.94,10.00
21.488,0.000,0.000,10.94,10.50
21.494,0.000,0.000,12.62,11.26
21.499,0.000,0.000,12.62,11.79
21.500,0.000,0.000,12.62,12.16
21.501,0.000,0.000,12.62,12.42
21.510,0.000,0.000,14.33,13.06
21.511,0.000,0.000,14.33,13.50
21.525,0.000,0.000,14.33,13.81
21.527,0.000,0.000,14.33,14.03
21.543,0.000,0.000,15.99,14.65
21.544,0.000,0.000,15.99,15.08
21.548,0.000,0.000,17.55,15.78
21.549,0.000,0.000,17.55,16.28
21.558,0.000,0.000,19.02,17.02
21.559,0.000,0.000,19.02,17.54
21.560,0.000,0.000,19.02,17.90
21.561,0.000,0.000,19.02,18.15
21.585,0.000,0.000,20.63,18.77
21.585,0.000,0.000,20.63,19.19
21.586,0.000,0.000,20.63,19.49
21.591,0.000,0.000,20.63,19.70
21.594,0.000,0.000,22.51,20.30
21.595,0.000,0.000,22.51,20.71
21.599,0.000,0.000,22.51,21.00
21.600,0.000,0.000,22.51,21.20
21.606,0.000,0.000,24.27,21.73
21.607,0.000,0.000,24.27,22.09
21.609,0.000,0.000,24.27,22.35
21.609,0.000,0.000,24.27,22.53
21.634,0.000,0.000,25.73,23.04
21.635,0.000,0.000,25.73,23.39
21.641,0.000,0.000,26.90,23.87
21.642,0.000,0.000,26.90,24.21
21.643,0.000,0.000,26.90,24.44
21.644,0.000,0.000,26.90,24.61
21.657,0.000,0.000,28.01,25.02
21.658,0.000,0.000,28.01,25.31
21.659,0.000,0.000,28.01,25.51
21.660,0.000,0.000,28.01,25.65
21.687,0.000,0.000,29.24,26.20
21.688,0.000,0.000,29.24,26.58
21.692,0.000,0.000,30.57,27.05
21.695,0.000,0.000,30.57,27.38
21.699,0.000,0.000,30.57,27.61
21.700,0.000,0.000,30.57,27.78
21.702,0.000,0.000,31.92,28.06
21.703,0.000,0.000,31.92,28.26
21.706,0.000,0.000,31.92,28.40
21.708,0.000,0.000,31.92,28.50
21.732,0.000,0.000,33.08,28.94
21.733,0.000,0.000,33.08,29.24
21.736,0.000,0.000,33.99,29.68
21.737,0.000,0.000,33.99,29.99
21.751,0.000,0.000,34.80,30.33
21.751,0.000,0.000,34.80,30.58
21.753,0.000,0.000,34.80,30.74
21.754,0.000,0.000,34.80,30.86
21.784,0.000,0.000,35.66,31.55
21.785,0.000,0.000,35.66,32.02
21.790,0.000,0.000,36.65,32.69
21.793,0.000,0.000,36.65,33.16
21.799,0.000,0.000,37.67,33.65
21.800,0.000,0.000,37.67,33.98
21.832,0.000,0.000,38.60,34.30
21.834,0.000,0.000,38.60,34.52
21.837,0.000,0.000,39.28,34.85
21.838,0.000,0.000,39.28,35.08
21.840,0.000,0.000,39.28,35.25
21.842,0.000,0.000,39.28,35.36
21.849,0.000,0.000,39.91,35.59
21.850,0.000,0.000,39.91,35.75
21.851,0.000,0.000,39.91,35.86
21.851,0.000,0.000,39.91,35.94
21.882,0.000,0.000,40.58,36.24
21.883,0.000,0.000,40.58,36.46
21.884,0.000,0.000,40.58,36.61
21.885,0.000,0.000,40.58,36.71
21.888,0.000,0.000,41.36,37.10
21.892,0.000,0.000,41.36,37.37
21.894,0.000,0.000,42.21,37.60
21.895,0.000,0.000,42.21,37.76
21.899,0.000,0.000,42.21,37.87
21.900,0.000,0.000,42.21,37.95
21.911,0.000,0.000,43.16,37.95
21.915,0.000,0.000,43.16,37.96
21.926,0.000,0.000,43.16,37.96
21.928,0.000,0.000,43.16,37.96
21.943,0.000,0.000,44.09,37.85
21.944,0.000,0.000,44.09,37.77
21.945,0.000,0.000,44.09,37.71
21.948,0.000,0.000,44.09,37.67
21.952,0.000,0.000,44.77,37.69
21.953,0.000,0.000,44.77,37.70
21.961,0.000,0.000,45.34,37.79
21.965,0.000,0.000,45.34,37.86
21.966,0.000,0.000,45.34,37.90
21.967,0.000,0.000,45.34,37.93
21.990,0.000,0.000,45.96,38.31
21.991,0.000,0.000,45.96,38.57
21.995,0.000,0.000,46.60,38.83
21.996,0.000,0.000,46.60,39.01
22.000,0.000,0.000,46.60,39.14
22.001,0.000,0.000,46.60,39.23
22.008,0.000,0.000,47.18,39.55
22.009,0.000,0.000,47.18,39.78
22.010,0.000,0.000,47.18,39.94
22.011,0.000,0.000,47.18,40.05
22.035,0.000,0.000,47.75,40.21
22.036,0.000,0.000,47.75,40.31
22.037,0.000,0.000,47.75,40.39
22.038,0.000,0.000,47.75,40.44
22.043,0.000,0.000,48.33,40.53
22.044,0.000,0.000,48.33,40.60
22.055,0.000,0.000,48.87,40.61
22.056,0.000,0.000,48.87,40.61
22.059,0.000,0.000,48.87,40.62
22.060,0.000,0.000,48.87,40.62
22.084,0.000,0.000,49.36,40.88
22.085,0.000,0.000,49.36,41.06
22.086,0.000,0.000,49.36,41.19
22.088,0.000,0.000,49.36,41.28
22.094,0.000,0.000,49.74,41.54
22.095,0.000,0.000,49.74,41.73
22.103,0.000,0.000,50.11,41.97
22.106,0.000,0.000,50.11,42.14
22.108,0.000,0.000,50.11,42.26
22.109,0.000,0.000,50.11,42.34
22.133,0.000,0.000,50.51,42.53
22.134,0.000,0.000,50.51,42.66
22.137,0.000,0.000,50.98,42.88
22.138,0.000,0.000,50.98,43.03
22.151,0.000,0.000,51.57,42.95
22.152,0.000,0.000,51.57,42.89
22.181,0.000,0.000,52.29,42.63
22.182,0.000,0.000,52.29,42.44
22.185,0.000,0.000,52.92,42.12
22.186,0.000,0.000,52.92,41.89
22.200,0.000,0.000,53.29,41.75
22.201,0.000,0.000,53.29,41.65
22.235,0.000,0.000,53.42,41.79
22.236,0.000,0.000,53.42,41.88
22.238,0.000,0.000,53.46,42.50
22.243,0.000,0.000,53.46,42.94
22.249,0.000,0.000,53.38,43.87
22.250,0.000,0.000,53.38,44.53
22.251,0.000,0.000,53.38,44.99
22.252,0.000,0.000,53.38,45.31
22.282,0.000,0.000,53.26,46.28
22.283,0.000,0.000,53.26,46.97
22.284,0.000,0.000,53.06,48.07
22.285,0.000,0.000,53.06,48.84
22.289,0.000,0.000,53.06,49.38
22.291,0.000,0.000,53.06,49.76
22.294,0.000,0.000,52.72,50.56
22.295,0.000,0.000,52.72,51.12
22.299,0.000,0.000,52.72,51.51
22.300,0.000,0.000,52.72,51.78
22.310,0.000,0.000,52.04,52.79
22.311,0.000,0.000,52.04,53.50
22.325,0.000,0.000,52.04,53.99
22.327,0.000,0.000,52.04,54.34
22.342,0.000,0.000,51.05,55.73
22.343,0.000,0.000,51.05,56.70
22.344,0.000,0.000,51.05,57.38
22.345,0.000,0.000,51.05,57.85
22.349,0.000,0.000,49.79,59.74
22.350,0.000,0.000,49.79,61.06
22.351,0.000,0.000,49.79,61.98
22.352,0.000,0.000,49.79,62.63
22.359,0.000,0.000,48.19,65.04
22.360,0.000,0.000,48.19,66.72
22.382,0.000,0.000,46.31,70.23
22.383,0.000,0.000,46.31,72.68
22.391,0.000,0.000,44.23,77.09
22.393,0.000,0.000,44.23,80.18
22.394,0.000,0.000,44.23,82.34
22.395,0.000,0.000,44.23,83.86
22.409,0.000,0.000,42.13,86.33
22.410,0.000,0.000,42.13,88.05
22.434,0.000,0.000,40.28,90.12
22.435,0.000,0.000,40.28,91.57
22.436,0.000,0.000,40.28,92.59
22.438,0.000,0.000,40.28,93.30
22.443,0.000,0.000,38.65,93.42
22.444,0.000,0.000,38.65,93.51
22.445,0.000,0.000,38.65,93.57
22.449,0.000,0.000,38.65,93.61
22.457,0.000,0.000,37.18,92.56
22.461,0.000,0.000,37.18,91.82
22.465,0.000,0.000,37.18,91.30
22.466,0.000,0.000,37.18,90.94
22.486,0.000,0.000,35.76,88.61
22.487,0.000,0.000,35.76,86.98
22.494,0.000,0.000,35.76,85.84
22.495,0.000,0.000,35.76,85.04
22.496,0.000,0.000,34.35,82.95
22.497,0.000,0.000,34.35,81.50
22.500,0.000,0.000,34.35,80.47
22.501,0.000,0.000,34.35,79.76
22.506,0.000,0.000,32.88,77.92
22.508,0.000,0.000,32.88,76.64
22.509,0.000,0.000,32.88,75.74
22.510,0.000,0.000,32.88,75.11
22.535,0.000,0.000,31.43,73.36
22.537,0.000,0.000,31.43,72.14
22.540,0.000,0.000,30.14,70.75
22.543,0.000,0.000,30.14,69.77
22.550,0.000,0.000,28.92,68.29
22.551,0.000,0.000,28.92,67.26
22.552,0.000,0.000,28.92,66.54
22.553,0.000,0.000,28.92,66.03
22.582,0.000,0.000,27.57,64.71
22.583,0.000,0.000,27.57,63.78
22.586,0.000,0.000,26.05,62.84
22.588,0.000,0.000,26.05,62.18
22.591,0.000,0.000,26.05,61.71
22.592,0.000,0.000,26.05,61.39
22.598,0.000,0.000,24.30,60.90
22.599,0.000,0.000,24.30,60.56
22.603,0.000,0.000,24.30,60.32
22.605,0.000,0.000,24.30,60.15
22.634,0.000,0.000,22.29,59.15
22.635,0.000,0.000,22.29,58.45
22.637,0.000,0.000,20.28,57.73
22.644,0.000,0.000,20.28,57.22
22.645,0.000,0.000,20.28,56.87
22.646,0.000,0.000,20.28,56.62
22.647,0.000,0.000,18.39,56.02
22.648,0.000,0.000,18.39,55.59
22.651,0.000,0.000,18.39,55.30
22.652,0.000,0.000,18.39,55.09
22.682,0.000,0.000,16.70,53.18
22.683,0.000,0.000,16.70,51.85
22.684,0.000,0.000,15.06,49.68
22.685,0.000,0.000,15.06,48.17
22.689,0.000,0.000,15.06,47.11
22.692,0.000,0.000,15.06,46.36
22.695,0.000,0.000,13.36,44.33
22.699,0.000,0.000,13.36,42.91
22.710,0.000,0.000,11.74,40.18
22.714,0.000,0.000,11.74,38.27
22.717,0.000,0.000,11.74,36.94
22.718,0.000,0.000,11.74,36.00
22.744,0.000,0.000,10.36,33.69
22.745,0.000,0.000,10.36,32.07
22.750,0.000,0.000,9.16,29.89
22.751,0.000,0.000,9.16,28.36
22.759,0.000,0.000,8.07,26.09
22.760,0.000,0.000,8.07,24.50
22.787,0.000,0.000,7.05,22.38
22.788,0.000,0.000,7.05,20.89
22.789,0.000,0.000,7.05,19.84
22.790,0.000,0.000,7.05,19.11
22.795,0.000,0.000,6.24,17.68
22.796,0.000,0.000,6.24,16.67
22.806,0.000,0.000,5.53,15.39
22.807,0.000,0.000,5.53,14.50
22.810,0.000,0.000,5.53,13.88
22.811,0.000,0.000,5.53,13.44
22.837,0.000,0.000,4.85,12.52
22.840,0.000,0.000,4.85,11.88
22.843,0.000,0.000,4.26,10.95
22.845,0.000,0.000,4.26,10.29
22.857,0.000,0.000,3.83,9.48
22.858,0.000,0.000,3.83,8.91
22.859,0.000,0.000,3.83,8.51
22.860,0.000,0.000,3.83,8.24
22.885,0.000,0.000,3.53,7.79
22.886,0.000,0.000,3.53,7.48
22.893,0.000,0.000,3.36,7.07
22.894,0.000,0.000,3.36,6.78
22.902,0.000,0.000,3.28,6.47
22.903,0.000,0.000,3.28,6.26
22.905,0.000,0.000,3.28,6.11
22.906,0.000,0.000,3.28,6.01
22.931,0.000,0.000,3.30,5.86
22.932,0.000,0.000,3.30,4.10
22.935,0.000,0.000,3.32,2.87
22.936,0.000,0.000,3.32,2.01
22.952,0.000,0.000,3.33,1.41
22.952,0.000,0.000,3.33,0.99
22.954,0.000,0.000,3.33,0.69
22.960,0.000,0.000,3.33,0.48
22.998,0.000,0.000,3.37,0.34
22.999,0.000,0.000,3.37,0.24
23.001,0.000,0.000,3.51,0.17
23.002,0.000,0.000,3.51,0.12
23.007,0.000,0.000,3.74,0.08
23.008,0.000,0.000,3.74,0.06
23.009,0.000,0.000,3.74,0.04
23.010,0.000,0.000,3.74,0.03
23.035,0.000,0.000,4.20,0.02
23.036,0.000,0.000,4.20,0.01
23.036,0.000,0.000,4.20,0.01
23.037,0.000,0.000,4.20,0.01
23.039,0.000,0.000,5.13,0.00
23.049,0.000,0.000,5.13,0.00
23.050,0.000,0.000,6.17,0.00
23.051,0.000,0.000,6.17,0.00
23.051,0.000,0.000,6.17,0.00
23.052,0.000,0.000,6.17,0.00
23.083,0.000,0.000,7.40,0.00
23.084,0.000,0.000,7.40,0.00
23.086,0.000,0.000,8.92,0.00
23.087,0.000,0.000,8.92,0.00
23.094,0.000,0.000,10.61,0.00
23.095,0.000,0.000,10.61,0.00
23.099,0.000,0.000,10.61,0.00
23.100,0.000,0.000,10.61,0.00
23.110,0.000,0.000,12.14,0.00
23.111,0.000,0.000,12.14,0.00
23.127,0.000,0.000,12.14,3.80
23.128,0.000,0.000,12.14,6.46
23.144,0.000,0.000,13.61,8.73
23.145,0.000,0.000,13.61,10.31
23.149,0.000,0.000,13.61,11.42
23.150,0.000,0.000,13.61,12.20
23.153,0.000,0.000,14.92,13.10
23.157,0.000,0.000,14.92,13.73
23.159,0.000,0.000,16.11,14.55
23.160,0.000,0.000,16.11,15.12
23.161,0.000,0.000,16.11,15.51
23.162,0.000,0.000,16.11,15.79
23.188,0.000,0.000,17.20,16.44
23.189,0.000,0.000,17.20,16.90
23.193,0.000,0.000,18.27,17.57
23.194,0.000,0.000,18.27,18.03
23.208,0.000,0.000,19.34,18.72
23.209,0.000,0.000,19.34,19.20
23.210,0.000,0.000,19.34,19.53
23.211,0.000,0.000,19.34,19.77
23.236,0.000,0.000,20.50,20.26
23.237,0.000,0.000,20.50,20.60
23.238,0.000,0.000,20.50,20.84
23.242,0.000,0.000,20.50,21.01
23.248,0.000,0.000,21.70,21.50
23.250,0.000,0.000,21.70,21.85
23.255,0.000,0.000,22.88,22.28
23.256,0.000,0.000,22.88,22.58
23.260,0.000,0.000,22.88,22.79
23.261,0.000,0.000,22.88,22.94
23.286,0.000,0.000,24.16,23.39
23.287,0.000,0.000,24.16,23.71
23.294,0.000,0.000,25.59,24.13
23.295,0.000,0.000,25.59,24.43
23.296,0.000,0.000,25.59,24.64
23.297,0.000,0.000,25.59,24.78
23.302,0.000,0.000,26.95,25.12
23.303,0.000,0.000,26.95,25.36
23.307,0.000,0.000,26.95,25.53
23.309,0.000,0.000,26.95,25.65
23.333,0.000,0.000,28.31,25.99
23.334,0.000,0.000,28.31,26.23
23.337,0.000,0.000,29.65,26.69
23.338,0.000,0.000,29.65,27.01
23.357,0.000,0.000,30.88,27.39
23.358,0.000,0.000,30.88,27.65
23.359,0.000,0.000,30.88,27.83
23.360,0.000,0.000,30.88,27.96
23.377,0.000,0.000,31.98,28.39
23.382,0.000,0.000,31.98,28.69
23.394,0.000,0.000,31.98,28.90
23.398,0.000,0.000,31.98,29.05
23.404,0.000,0.000,32.94,29.47
23.407,0.000,0.000,32.94,29.76
23.408,0.000,0.000,32.94,29.97
23.409,0.000,0.000,32.94,30.11
23.410,0.000,0.000,33.92,30.48
23.417,0.000,0.000,33.92,30.74
23.418,0.000,0.000,34.90,31.19
23.419,0.000,0.000,34.90,31.51
23.449,0.000,0.000,35.86,32.12
23.450,0.000,0.000,35.86,32.55
23.453,0.000,0.000,36.73,33.00
23.454,0.000,0.000,36.73,33.32
23.455,0.000,0.000,36.73,33.54
23.458,0.000,0.000,36.73,33.69
23.476,0.000,0.000,37.40,34.00
23.477,0.000,0.000,37.40,34.22
23.490,0.000,0.000,37.40,34.37
23.491,0.000,0.000,37.40,34.47
23.493,0.000,0.000,37.91,34.90
23.494,0.000,0.000,37.91,35.21
23.499,0.000,0.000,38.40,35.63
23.500,0.000,0.000,38.40,35.92
23.501,0.000,0.000,38.40,36.13
23.502,0.000,0.000,38.40,36.28
23.510,0.000,0.000,38.99,36.65
23.511,0.000,0.000,38.99,36.92
23.515,0.000,0.000,38.99,37.11
23.516,0.000,0.000,38.99,37.23
23.548,0.000,0.000,39.67,37.72
23.549,0.000,0.000,39.67,38.06
23.552,0.000,0.000,40.35,38.34
23.554,0.000,0.000,40.35,38.53
23.555,0.000,0.000,40.35,38.67
23.556,0.000,0.000,40.35,38.77
23.559,0.000,0.000,41.01,38.76
23.560,0.000,0.000,41.01,38.76
23.561,0.000,0.000,41.01,38.76
23.565,0.000,0.000,41.01,38.76
23.599,0.000,0.000,41.58,38.92
23.601,0.000,0.000,41.58,39.04
23.604,0.000,0.000,42.10,39.14
23.605,0.000,0.000,42.10,39.21
23.608,0.000,0.000,42.10,39.26
23.609,0.000,0.000,42.10,39.30
23.611,0.000,0.000,42.73,39.38
23.615,0.000,0.000,42.73,39.44
23.642,0.000,0.000,43.41,39.67
23.643,0.000,0.000,43.41,39.84
23.646,0.000,0.000,44.05,39.82
23.649,0.000,0.000,44.05,39.81
23.650,0.000,0.000,44.05,39.80
23.651,0.000,0.000,44.05,39.79
23.658,0.000,0.000,44.65,39.78
23.659,0.000,0.000,44.65,39.77
23.660,0.000,0.000,44.65,39.76
23.661,0.000,0.000,44.65,39.75
23.695,0.000,0.000,45.18,39.92
23.696,0.000,0.000,45.18,40.04
23.701,0.000,0.000,45.68,40.16
23.702,0.000,0.000,45.68,40.25
23.706,0.000,0.000,46.17,40.39
23.708,0.000,0.000,46.17,40.48
23.741,0.000,0.000,46.66,40.85
23.742,0.000,0.000,46.66,41.11
23.745,0.000,0.000,47.20,41.33
23.750,0.000,0.000,47.20,41.48
23.751,0.000,0.000,47.82,41.45
23.752,0.000,0.000,47.82,41.43
23.756,0.000,0.000,47.82,41.41
23.759,0.000,0.000,47.82,41.40
23.785,0.000,0.000,48.51,41.43
23.786,0.000,0.000,48.51,41.45
23.790,0.000,0.000,49.11,41.23
23.794,0.000,0.000,49.11,41.07
23.795,0.000,0.000,49.11,40.96
23.795,0.000,0.000,49.11,40.88
23.800,0.000,0.000,49.67,40.79
23.801,0.000,0.000,49.67,40.73
23.802,0.000,0.000,49.67,40.69
23.803,0.000,0.000,49.67,40.66
23.834,0.000,0.000,50.23,40.64
23.835,0.000,0.000,50.23,40.63
23.836,0.000,0.000,50.23,40.62
23.837,0.000,0.000,50.23,40.61
23.838,0.000,0.000,50.74,40.71
23.845,0.000,0.000,50.74,40.77
23.850,0.000,0.000,51.11,40.95
23.851,0.000,0.000,51.11,41.07
23.852,0.000,0.000,51.11,41.16
23.853,0.000,0.000,51.11,41.22
23.883,0.000,0.000,51.33,41.74
23.884,0.000,0.000,51.33,42.11
23.894,0.000,0.000,51.33,42.36
23.895,0.000,0.000,51.33,42.54
23.899,0.000,0.000,51.42,43.05
23.900,0.000,0.000,51.42,43.40
23.900,0.000,0.000,51.42,43.65
23.901,0.000,0.000,51.42,43.82
23.907,0.000,0.000,51.32,44.53
23.908,0.000,0.000,51.32,45.03
23.910,0.000,0.000,50.95,46.24
23.911,0.000,0.000,50.95,47.09
23.915,0.000,0.000,50.95,47.68
23.916,0.000,0.000,50.95,48.10
23.936,0.000,0.000,50.27,49.52
23.937,0.000,0.000,50.27,50.52
23.939,0.000,0.000,50.27,51.22
23.942,0.000,0.000,50.27,51.71
23.946,0.000,0.000,49.30,53.47
23.949,0.000,0.000,49.30,54.70
23.950,0.000,0.000,49.30,55.56
23.951,0.000,0.000,49.30,56.16
23.958,0.000,0.000,48.16,58.21
23.959,0.000,0.000,48.16,59.64
23.960,0.000,0.000,48.16,60.64
23.961,0.000,0.000,48.16,61.34
23.985,0.000,0.000,46.91,63.43
23.986,0.000,0.000,46.91,64.89
23.988,0.000,0.000,46.91,65.91
23.992,0.000,0.000,46.91,66.63
23.998,0.000,0.000,45.54,68.64
23.999,0.000,0.000,45.54,70.05
24.000,0.000,0.000,45.54,71.03
24.001,0.000,0.000,45.54,71.72
24.008,0.000,0.000,44.05,73.35
24.009,0.000,0.000,44.05,74.49
24.010,0.000,0.000,44.05,75.29
24.011,0.000,0.000,44.05,75.85
24.036,0.000,0.000,42.48,77.15
24.036,0.000,0.000,42.48,78.07
24.041,0.000,0.000,42.48,78.70
24.042,0.000,0.000,42.48,79.15
24.045,0.000,0.000,41.00,79.51
24.048,0.000,0.000,41.00,79.76
24.054,0.000,0.000,39.49,80.31
24.057,0.000,0.000,39.49,80.70
24.058,0.000,0.000,39.49,80.97
24.059,0.000,0.000,39.49,81.16
24.083,0.000,0.000,37.85,81.17
24.084,0.000,0.000,37.85,81.17
24.085,0.000,0.000,37.85,81.17
24.086,0.000,0.000,37.85,81.18
24.092,0.000,0.000,35.99,81.29
24.094,0.000,0.000,35.99,81.37
24.094,0.000,0.000,35.99,81.43
24.095,0.000,0.000,35.99,81.47
24.103,0.000,0.000,33.90,81.38
24.104,0.000,0.000,33.90,81.33
24.108,0.000,0.000,33.90,81.29
24.109,0.000,0.000,33.90,81.26
24.133,0.000,0.000,31.71,81.43
24.134,0.000,0.000,31.71,81.55
24.137,0.000,0.000,29.63,80.91
24.138,0.000,0.000,29.63,80.46
24.150,0.000,0.000,27.71,79.26
24.151,0.000,0.000,27.71,78.43
24.153,0.000,0.000,27.71,77.84
24.154,0.000,0.000,27.71,77.43
24.185,0.000,0.000,25.81,75.95
24.186,0.000,0.000,25.81,74.91
24.187,0.000,0.000,25.81,74.19
24.191,0.000,0.000,25.81,73.68
24.194,0.000,0.000,23.73,71.93
24.198,0.000,0.000,23.73,70.70
24.199,0.000,0.000,23.73,69.85
24.200,0.000,0.000,23.73,69.24
24.201,0.000,0.000,21.54,67.26
24.202,0.000,0.000,21.54,65.87
24.204,0.000,0.000,21.54,64.90
24.207,0.000,0.000,21.54,64.22
24.234,0.000,0.000,19.53,62.23
24.235,0.000,0.000,19.53,60.83
24.236,0.000,0.000,19.53,59.86
24.237,0.000,0.000,19.53,59.18
24.238,0.000,0.000,17.72,57.28
24.242,0.000,0.000,17.72,55.95
24.244,0.000,0.000,17.72,55.02
24.245,0.000,0.000,17.72,54.37
24.249,0.000,0.000,16.11,52.61
24.250,0.000,0.000,16.11,51.37
24.252,0.000,0.000,16.11,50.51
24.253,0.000,0.000,16.11,49.90
24.282,0.000,0.000,14.63,48.24
24.283,0.000,0.000,14.63,47.08
24.284,0.000,0.000,13.22,43.92
24.286,0.000,0.000,13.22,41.71
24.294,0.000,0.000,11.77,38.71
24.298,0.000,0.000,11.77,36.61
24.299,0.000,0.000,11.77,35.14
24.300,0.000,0.000,11.77,34.11
24.310,0.000,0.000,10.39,32.07
24.311,0.000,0.000,10.39,30.63
24.315,0.000,0.000,10.39,29.63
24.316,0.000,0.000,10.39,28.93
24.318,0.000,0.000,10.39,28.44
24.319,0.000,0.000,10.39,28.10
24.344,0.000,0.000,9.19,26.70
24.345,0.000,0.000,9.19,25.72
24.346,0.000,0.000,9.19,25.04
24.347,0.000,0.000,9.19,24.56
24.349,0.000,0.000,8.05,23.21
24.356,0.000,0.000,8.05,22.27
24.358,0.000,0.000,6.90,20.73
24.359,0.000,0.000,6.90,19.65
24.360,0.000,0.000,6.90,18.89
24.364,0.000,0.000,6.90,18.36
24.392,0.000,0.000,5.60,16.88
24.393,0.000,0.000,5.60,15.84
24.395,0.000,0.000,4.30,14.23
24.396,0.000,0.000,4.30,13.10
24.409,0.000,0.000,2.93,11.36
24.410,0.000,0.000,2.93,10.14
24.434,0.000,0.000,1.48,8.21
24.435,0.000,0.000,1.48,6.87
24.438,0.000,0.000,0.07,4.86
24.439,0.000,0.000,0.07,3.46
24.443,0.000,0.000,0.07,2.48
24.444,0.000,0.000,0.07,1.79
24.455,0.000,0.000,-1.11,1.25
24.459,0.000,0.000,-1.11,0.88
24.459,0.000,0.000,-1.11,0.61
24.460,0.000,0.000,-1.11,0.43
24.465,0.000,0.000,-1.11,0.30
24.466,0.000,0.000,-1.11,0.21
24.489,0.000,0.000,-2.01,0.15
24.499,0.000,0.000,-2.01,0.10
24.500,0.000,0.000,-2.01,0.07
24.501,0.000,0.000,-2.01,0.05
24.502,0.000,0.000,-2.65,0.04
24.505,0.000,0.000,-2.65,0.02
24.509,0.000,0.000,-3.05,0.02
24.510,0.000,0.000,-3.05,0.01
24.511,0.000,0.000,-3.05,0.01
24.515,0.000,0.000,-3.05,0.01
24.532,0.000,0.000,-3.28,0.00
24.533,0.000,0.000,-3.28,0.00
24.550,0.000,0.000,-3.28,0.00
24.551,0.000,0.000,-3.28,0.00
24.551,0.000,0.000,-3.44,0.00
24.552,0.000,0.000,-3.44,0.00
24.558,0.000,0.000,-3.51,0.00
24.559,0.000,0.000,-3.51,0.00
24.560,0.000,0.000,-3.51,0.00
24.561,0.000,0.000,-3.51,0.00
24.601,0.000,0.000,-3.44,0.00
24.602,0.000,0.000,-3.44,0.00
24.603,0.000,0.000,-3.44,0.00
24.606,0.000,0.000,-3.44,0.00
24.609,0.000,0.000,-3.23,0.00
24.610,0.000,0.000,-3.23,0.00
24.616,0.000,0.000,-2.86,0.00
24.617,0.000,0.000,-2.86,0.00
24.618,0.000,0.000,-2.86,0.00
24.619,0.000,0.000,-2.86,0.00
24.623,0.000,0.000,-2.38,0.00
24.625,0.000,0.000,-2.38,0.00
24.626,0.000,0.000,-2.38,0.00
24.626,0.000,0.000,-2.38,0.00
24.658,0.000,0.000,-1.79,0.00
24.659,0.000,0.000,-1.79,0.00
24.660,0.000,0.000,-1.79,0.00
24.661,0.000,0.000,-1.79,0.00
24.662,0.000,0.000,-1.17,0.00
24.663,0.000,0.000,-1.17,0.00
24.670,0.000,0.000,-0.57,0.00
24.672,0.000,0.000,-0.57,0.00
24.674,0.000,0.000,-0.57,0.00
24.675,0.000,0.000,-0.57,0.00
24.699,0.000,0.000,-0.00,0.00
24.700,0.000,0.000,-0.00,0.00
24.706,0.000,0.000,0.64,0.00
24.711,0.000,0.000,0.64,0.00
24.714,0.000,0.000,1.51,0.00
24.716,0.000,0.000,1.51,0.00
24.717,0.000,0.000,1.51,0.00
24.718,0.000,0.000,1.51,0.00
24.745,0.000,0.000,2.94,0.00
24.749,0.000,0.000,2.94,0.00
24.750,0.000,0.000,2.94,0.00
24.751,0.000,0.000,2.94,0.00
24.754,0.000,0.000,4.34,0.00
24.755,0.000,0.000,4.34,0.00
24.760,0.000,0.000,5.45,0.00
24.761,0.000,0.000,5.45,0.00
24.764,0.000,0.000,5.45,0.00
24.765,0.000,0.000,5.45,0.00
24.788,0.000,0.000,6.38,0.00
24.789,0.000,0.000,6.38,0.00
24.795,0.000,0.000,7.47,0.00
24.796,0.000,0.000,7.47,0.00
24.808,0.000,0.000,8.64,0.00
24.809,0.000,0.000,8.64,0.00
24.833,0.000,0.000,9.88,0.00
24.833,0.000,0.000,9.88,0.00
24.839,0.000,0.000,11.30,0.00
24.841,0.000,0.000,11.30,0.00
24.842,0.000,0.000,11.30,0.00
24.843,0.000,0.000,11.30,0.00
24.861,0.000,0.000,12.75,0.00
24.862,0.000,0.000,12.75,4.04
24.865,0.000,0.000,12.75,6.86
24.867,0.000,0.000,12.75,8.84
24.894,0.000,0.000,14.11,10.61
24.895,0.000,0.000,14.11,11.86
24.896,0.000,0.000,15.52,13.11
24.897,0.000,0.000,15.52,13.98
24.899,0.000,0.000,15.52,14.59
24.899,0.000,0.000,15.52,15.02
24.904,0.000,0.000,16.85,15.66
24.905,0.000,0.000,16.85,16.11
24.909,0.000,0.000,16.85,16.42
24.910,0.000,0.000,16.85,16.64
24.933,0.000,0.000,18.06,17.23
24.934,0.000,0.000,18.06,17.65
24.937,0.000,0.000,19.16,18.28
24.938,0.000,0.000,19.16,18.71
24.950,0.000,0.000,20.23,19.35
24.951,0.000,0.000,20.23,19.80
24.952,0.000,0.000,20.23,20.11
24.953,0.000,0.000,20.23,20.33
24.983,0.000,0.000,21.33,20.90
24.984,0.000,0.000,21.33,21.31
24.988,0.000,0.000,22.44,21.90
24.989,0.000,0.000,22.44,22.32
24.999,0.000,0.000,23.44,22.83
25.000,0.000,0.000,23.44,23.19
25.001,0.000,0.000,23.44,23.45
25.002,0.000,0.000,23.44,23.62
25.033,0.000,0.000,24.30,24.10
25.034,0.000,0.000,24.30,24.44
25.036,0.000,0.000,25.18,24.96
25.042,0.000,0.000,25.18,25.32
25.043,0.000,0.000,25.18,25.58
25.044,0.000,0.000,25.18,25.75
25.048,0.000,0.000,26.21,26.07
25.049,0.000,0.000,26.21,26.30
25.050,0.000,0.000,26.21,26.45
25.051,0.000,0.000,26.21,26.56
25.082,0.000,0.000,27.40,26.95
25.083,0.000,0.000,27.40,27.21
25.084,0.000,0.000,27.40,27.40
25.085,0.000,0.000,27.40,27.53
25.089,0.000,0.000,28.75,27.90
25.092,0.000,0.000,28.75,28.16
25.094,0.000,0.000,30.10,28.35
25.095,0.000,0.000,30.10,28.49
25.099,0.000,0.000,30.10,28.59
25.100,0.000,0.000,30.10,28.65
25.119,0.000,0.000,31.39,28.85
25.122,0.000,0.000,31.39,28.98
25.137,0.000,0.000,32.56,29.27
25.139,0.000,0.000,32.56,29.48
25.144,0.000,0.000,33.72,29.79
25.145,0.000,0.000,33.72,30.02
25.159,0.000,0.000,34.97,30.33
25.160,0.000,0.000,34.97,30.55
25.185,0.000,0.000,36.20,30.96
25.186,0.000,0.000,36.20,31.24
25.188,0.000,0.000,36.20,31.44
25.191,0.000,0.000,36.20,31.58
25.194,0.000,0.000,37.35,31.84
25.195,0.000,0.000,37.35,32.03
25.196,0.000,0.000,37.35,32.16
25.200,0.000,0.000,37.35,32.26
25.206,0.000,0.000,38.38,32.48
25.207,0.000,0.000,38.38,32.63
25.208,0.000,0.000,38.38,32.74
25.209,0.000,0.000,38.38,32.82
25.235,0.000,0.000,39.39,33.07
25.236,0.000,0.000,39.39,33.25
25.236,0.000,0.000,39.39,33.37
25.239,0.000,0.000,39.39,33.46
25.243,0.000,0.000,40.39,33.76
25.244,0.000,0.000,40.39,33.98
25.248,0.000,0.000,40.39,34.12
25.249,0.000,0.000,40.39,34.23
25.253,0.000,0.000,41.23,34.58
25.255,0.000,0.000,41.23,34.83
25.258,0.000,0.000,41.23,35.01
25.259,0.000,0.000,41.23,35.13
25.284,0.000,0.000,41.98,35.50
25.285,0.000,0.000,41.98,35.76
25.286,0.000,0.000,41.98,35.94
25.286,0.000,0.000,41.98,36.07
25.292,0.000,0.000,42.71,36.40
25.293,0.000,0.000,42.71,36.64
25.303,0.000,0.000,43.43,36.96
25.307,0.000,0.000,43.43,37.20
25.309,0.000,0.000,43.43,37.36
25.310,0.000,0.000,43.43,37.47
25.335,0.000,0.000,44.17,37.84
25.336,0.000,0.000,44.17,38.09
25.340,0.000,0.000,44.90,38.34
25.343,0.000,0.000,44.90,38.52
25.351,0.000,0.000,45.46,38.76
25.352,0.000,0.000,45.46,38.93
25.381,0.000,0.000,45.89,39.25
25.382,0.000,0.000,45.89,39.48
25.385,0.000,0.000,46.24,40.00
25.386,0.000,0.000,46.24,40.37
25.399,0.000,0.000,46.75,40.64
25.400,0.000,0.000,46.75,40.84
25.401,0.000,0.000,46.75,40.97
25.402,0.000,0.000,46.75,41.06
25.435,0.000,0.000,47.61,41.14
25.436,0.000,0.000,47.61,41.20
25.437,0.000,0.000,47.61,41.23
25.439,0.000,0.000,47.61,41.26
25.447,0.000,0.000,48.64,41.03
25.449,0.000,0.000,48.64,40.87
25.450,0.000,0.000,49.75,40.34
25.451,0.000,0.000,49.75,39.96
25.482,0.000,0.000,50.73,39.23
25.483,0.000,0.000,50.73,38.72
25.489,0.000,0.000,51.60,38.28
25.490,0.000,0.000,51.60,37.97
25.494,0.000,0.000,52.45,37.67
25.499,0.000,0.000,52.45,37.46
25.500,0.000,0.000,52.45,37.31
25.501,0.000,0.000,52.45,37.21
25.510,0.000,0.000,53.19,37.27
25.516,0.000,0.000,53.19,37.31
25.518,0.000,0.000,53.19,37.33
25.519,0.000,0.000,53.19,37.35
25.543,0.000,0.000,53.81,37.60
25.544,0.000,0.000,53.81,37.78
25.545,0.000,0.000,53.81,37.90
25.546,0.000,0.000,53.81,37.99
25.550,0.000,0.000,54.41,38.39
25.551,0.000,0.000,54.41,38.67
25.558,0.000,0.000,54.94,39.00
25.559,0.000,0.000,54.94,39.23
25.560,0.000,0.000,54.94,39.39
25.561,0.000,0.000,54.94,39.50
25.585,0.000,0.000,55.19,40.12
25.586,0.000,0.000,55.19,40.56
25.587,0.000,0.000,55.19,40.86
25.590,0.000,0.000,55.19,41.07
25.594,0.000,0.000,55.06,41.89
25.598,0.000,0.000,55.06,42.47
25.599,0.000,0.000,55.06,42.87
25.600,0.000,0.000,55.06,43.15
25.608,0.000,0.000,54.68,44.23
25.609,0.000,0.000,54.68,44.99
25.609,0.000,0.000,54.68,45.52
25.610,0.000,0.000,54.68,45.89
25.634,0.000,0.000,54.09,47.18
25.635,0.000,0.000,54.09,48.08
25.637,0.000,0.000,53.29,50.79
25.638,0.000,0.000,53.29,52.68
25.642,0.000,0.000,53.29,54.01
25.644,0.000,0.000,53.29,54.94
25.655,0.000,0.000,52.43,57.06
25.656,0.000,0.000,52.43,58.54
25.660,0.000,0.000,52.43,59.58
25.661,0.000,0.000,52.43,60.31
25.685,0.000,0.000,51.58,61.67
25.686,0.000,0.000,51.58,62.63
25.692,0.000,0.000,50.58,64.27
25.694,0.000,0.000,50.58,65.42
25.702,0.000,0.000,49.47,67.45
25.703,0.000,0.000,49.47,68.88
25.706,0.000,0.000,49.47,69.87
25.707,0.000,0.000,49.47,70.57
25.735,0.000,0.000,48.28,70.57
25.736,0.000,0.000,48.28,70.58
25.742,0.000,0.000,47.02,71.60
25.743,0.000,0.000,47.02,72.31
25.751,0.000,0.000,45.71,73.85
25.751,0.000,0.000,45.71,74.93
25.753,0.000,0.000,45.71,75.69
25.753,0.000,0.000,45.71,76.21
25.782,0.000,0.000,44.30,76.69
25.783,0.000,0.000,44.30,77.02
25.786,0.000,0.000,42.97,77.73
25.787,0.000,0.000,42.97,78.23
25.788,0.000,0.000,42.97,78.58
25.791,0.000,0.000,42.97,78.83
25.799,0.000,0.000,41.80,79.31
25.800,0.000,0.000,41.80,79.64
25.801,0.000,0.000,41.80,79.88
25.802,0.000,0.000,41.80,80.04
25.832,0.000,0.000,40.77,78.98
25.833,0.000,0.000,40.77,78.23
25.834,0.000,0.000,40.77,77.71
25.834,0.000,0.000,40.77,77.34
25.837,0.000,0.000,39.65,76.20
25.839,0.000,0.000,39.65,75.39
25.849,0.000,0.000,38.28,75.00
25.850,0.000,0.000,38.28,74.72
25.851,0.000,0.000,38.28,74.53
25.851,0.000,0.000,38.28,74.39
25.882,0.000,0.000,36.66,73.80
25.883,0.000,0.000,36.66,73.39
25.884,0.000,0.000,36.66,73.10
25.885,0.000,0.000,36.66,72.90
25.892,0.000,0.000,34.91,72.70
25.893,0.000,0.000,34.91,72.55
25.899,0.000,0.000,33.44,73.10
25.900,0.000,0.000,33.44,73.49
25.901,0.000,0.000,33.44,73.76
25.902,0.000,0.000,33.44,73.95
25.910,0.000,0.000,32.20,73.94
25.911,0.000,0.000,32.20,73.94
25.924,0.000,0.000,32.20,73.93
25.925,0.000,0.000,32.20,73.93
25.942,0.000,0.000,30.96,72.93
25.942,0.000,0.000,30.96,72.24
25.943,0.000,0.000,30.96,71.75
25.944,0.000,0.000,30.96,71.41
25.948,0.000,0.000,29.61,69.83
25.949,0.000,0.000,29.61,68.73
25.950,0.000,0.000,29.61,67.95
25.951,0.000,0.000,29.61,67.41
25.959,0.000,0.000,28.07,66.65
25.960,0.000,0.000,28.07,66.12
25.984,0.000,0.000,26.30,64.55
25.985,0.000,0.000,26.30,63.45
25.993,0.000,0.000,24.43,63.02
25.994,0.000,0.000,24.43,62.72
25.995,0.000,0.000,24.43,62.51
25.996,0.000,0.000,24.43,62.36
26.007,0.000,0.000,22.80,61.80
26.008,0.000,0.000,22.80,61.40
26.009,0.000,0.000,22.80,61.12
26.010,0.000,0.000,22.80,60.93
26.035,0.000,0.000,21.41,59.66
26.036,0.000,0.000,21.41,58.78
26.042,0.000,0.000,20.22,57.23
26.043,0.000,0.000,20.22,56.15
26.057,0.000,0.000,19.10,54.36
26.059,0.000,0.000,19.10,53.10
26.060,0.000,0.000,19.10,52.22
26.060,0.000,0.000,19.10,51.60
26.085,0.000,0.000,17.97,49.04
26.086,0.000,0.000,17.97,47.24
26.092,0.000,0.000,16.73,44.99
26.093,0.000,0.000,16.73,43.42
26.102,0.000,0.000,15.35,41.80
26.103,0.000,0.000,15.35,40.67
26.106,0.000,0.000,15.35,39.87
26.108,0.000,0.000,15.35,39.32
26.139,0.000,0.000,14.07,37.49
26.140,0.000,0.000,14.07,36.22
26.142,0.000,0.000,13.09,34.76
26.143,0.000,0.000,13.09,33.74
26.147,0.000,0.000,13.09,33.03
26.150,0.000,0.000,13.09,32.53
26.151,0.000,0.000,12.35,31.55
26.151,0.000,0.000,12.35,30.86
26.153,0.000,0.000,12.35,30.38
26.154,0.000,0.000,12.35,30.05
26.184,0.000,0.000,11.71,28.91
26.185,0.000,0.000,11.71,28.11
26.186,0.000,0.000,11.71,27.55
26.187,0.000,0.000,11.71,27.15
26.194,0.000,0.000,10.97,25.97
26.195,0.000,0.000,10.97,25.15
26.200,0.000,0.000,10.06,24.03
26.201,0.000,0.000,10.06,23.26
26.236,0.000,0.000,9.01,21.94
26.237,0.000,0.000,9.01,21.01
26.238,0.000,0.000,9.01,20.37
26.239,0.000,0.000,9.01,19.91
26.242,0.000,0.000,8.00,19.01
26.244,0.000,0.000,8.00,18.38
26.249,0.000,0.000,7.11,17.50
26.250,0.000,0.000,7.11,16.89
26.270,0.000,0.000,6.29,16.02
26.273,0.000,0.000,6.29,15.41
26.284,0.000,0.000,6.29,14.98
26.292,0.000,0.000,6.29,14.68
26.293,0.000,0.000,5.62,13.92
26.294,0.000,0.000,5.62,13.38
26.297,0.000,0.000,5.11,12.53
26.301,0.000,0.000,5.11,11.94
26.302,0.000,0.000,5.11,11.52
26.303,0.000,0.000,5.11,11.23
26.311,0.000,0.000,4.62,10.65
26.312,0.000,0.000,4.62,10.25
26.316,0.000,0.000,4.62,9.97
26.317,0.000,0.000,4.62,9.77
26.350,0.000,0.000,4.16,9.25
26.351,0.000,0.000,4.16,8.89
26.359,0.000,0.000,3.87,8.37
26.360,0.000,0.000,3.87,8.01
26.361,0.000,0.000,3.87,7.76
26.362,0.000,0.000,3.87,7.58
26.363,0.000,0.000,3.83,7.35
26.364,0.000,0.000,3.83,7.18
26.392,0.000,0.000,4.00,7.06
26.393,0.000,0.000,4.00,6.97
26.396,0.000,0.000,4.36,4.88
26.397,0.000,0.000,4.36,3.41
26.410,0.000,0.000,4.88,2.39
26.411,0.000,0.000,4.88,3.85
26.435,0.000,0.000,5.46,4.97
26.436,0.000,0.000,5.46,5.76
26.441,0.000,0.000,6.05,6.45
26.442,0.000,0.000,6.05,6.92
26.443,0.000,0.000,6.05,7.26
26.444,0.000,0.000,6.05,7.49
26.458,0.000,0.000,6.77,7.85
26.459,0.000,0.000,6.77,8.10
26.459,0.000,0.000,6.77,5.67
26.460,0.000,0.000,6.77,3.97
26.488,0.000,0.000,7.69,2.78
26.489,0.000,0.000,7.69,1.95
26.494,0.000,0.000,8.86,1.36
26.495,0.000,0.000,8.86,0.95
26.502,0.000,0.000,10.09,0.67
26.503,0.000,0.000,10.09,0.47
26.507,0.000,0.000,10.09,0.33
26.509,0.000,0.000,10.09,0.23
26.536,0.000,0.000,11.23,0.16
26.538,0.000,0.000,11.23,0.11
26.544,0.000,0.000,12.26,0.08
26.548,0.000,0.000,12.26,4.12
26.550,0.000,0.000,13.33,7.21
26.551,0.000,0.000,13.33,9.37
26.552,0.000,0.000,13.33,10.88
26.553,0.000,0.000,13.33,11.94
26.584,0.000,0.000,14.59,13.10
26.585,0.000,0.000,14.59,13.91
26.588,0.000,0.000,16.08,14.88
26.591,0.000,0.000,16.08,15.55
26.600,0.000,0.000,17.75,16.35
26.601,0.000,0.000,17.75,16.90
26.634,0.000,0.000,19.43,17.67
26.634,0.000,0.000,19.43,18.21
26.636,0.000,0.000,20.94,18.92
26.637,0.000,0.000,20.94,19.41
26.642,0.000,0.000,20.94,19.76
26.643,0.000,0.000,20.94,20.00
26.649,0.000,0.000,22.35,20.47
26.650,0.000,0.000,22.35,20.81
26.651,0.000,0.000,22.35,21.04
26.652,0.000,0.000,22.35,21.20
26.682,0.000,0.000,23.63,21.67
26.683,0.000,0.000,23.63,22.00
26.686,0.000,0.000,24.94,22.61
26.687,0.000,0.000,24.94,23.04
26.699,0.000,0.000,26.21,23.67
26.700,0.000,0.000,26.21,24.11
26.721,0.000,0.000,27.39,24.78
26.726,0.000,0.000,27.39,25.25
26.731,0.000,0.000,27.39,25.58
26.739,0.000,0.000,27.39,25.81
26.741,0.000,0.000,28.50,26.29
26.742,0.000,0.000,28.50,26.63
26.749,0.000,0.000,28.50,26.87
26.752,0.000,0.000,28.50,27.04
26.775,0.000,0.000,29.44,27.40
26.776,0.000,0.000,29.44,27.65
26.786,0.000,0.000,29.44,27.83
26.790,0.000,0.000,29.44,27.95
26.812,0.000,0.000,30.18,28.37
26.829,0.000,0.000,30.18,28.67
26.856,0.000,0.000,30.18,28.87
26.879,0.000,0.000,30.18,29.01
26.901,0.000,0.000,30.88,29.53
26.927,0.000,0.000,30.88,29.89
26.935,0.000,0.000,30.88,30.15
26.936,0.000,0.000,30.88,30.32
26.938,0.000,0.000,31.62,30.86
26.967,0.000,0.000,31.62,31.24
26.974,0.000,0.000,32.47,31.75
26.975,0.000,0.000,32.47,32.11
26.976,0.000,0.000,32.47,32.36
26.977,0.000,0.000,32.47,32.54
26.978,0.000,0.000,33.41,32.88
26.978,0.000,0.000,33.41,33.11
26.982,0.000,0.000,33.41,33.28
26.983,0.000,0.000,33.41,33.40
26.984,0.000,0.000,34.33,33.52
26.985,0.000,0.000,34.33,33.60
26.986,0.000,0.000,34.33,33.66
26.989,0.000,0.000,34.33,33.70
26.990,0.000,0.000,35.21,33.80
26.991,0.000,0.000,35.21,33.87
26.992,0.000,0.000,36.00,33.97
26.993,0.000,0.000,36.00,34.04
26.994,0.000,0.000,36.00,34.09
26.998,0.000,0.000,36.00,34.12
26.999,0.000,0.000,36.83,34.33
27.000,0.000,0.000,36.83,34.48
27.001,0.000,0.000,36.83,34.58
27.002,0.000,0.000,36.83,34.65
27.003,0.000,0.000,37.71,34.85
27.006,0.000,0.000,37.71,34.98
27.007,0.000,0.000,38.59,35.22
27.008,0.000,0.000,38.59,35.38
27.009,0.000,0.000,38.59,35.50
27.010,0.000,0.000,38.59,35.58
27.011,0.000,0.000,39.48,35.70
27.015,0.000,0.000,39.48,35.78
27.016,0.000,0.000,39.48,35.84
27.017,0.000,0.000,39.48,35.88
27.018,0.000,0.000,40.34,36.00
27.019,0.000,0.000,40.34,36.09
27.020,0.000,0.000,40.34,36.15
27.023,0.000,0.000,40.34,36.20
27.024,0.000,0.000,41.01,36.41
27.025,0.000,0.000,41.01,36.56
27.027,0.000,0.000,41.53,36.90
27.027,0.000,0.000,41.53,37.15
27.028,0.000,0.000,42.04,37.60
27.032,0.000,0.000,42.04,37.91
27.033,0.000,0.000,42.04,38.13
27.034,0.000,0.000,42.04,38.29
27.035,0.000,0.000,42.66,38.65
27.035,0.000,0.000,42.66,38.91
27.036,0.000,0.000,42.66,39.09
27.037,0.000,0.000,42.66,39.21
27.049,0.000,0.000,43.39,39.44
27.050,0.000,0.000,43.39,39.59
27.051,0.000,0.000,43.39,39.70
27.052,0.000,0.000,43.39,39.77
27.068,0.000,0.000,44.10,39.85
27.069,0.000,0.000,44.10,39.90
27.074,0.000,0.000,44.71,39.93
27.075,0.000,0.000,44.71,39.96
27.081,0.000,0.000,45.23,39.96
27.082,0.000,0.000,45.23,39.97
27.095,0.000,0.000,45.23,39.97
27.097,0.000,0.000,45.23,39.97
27.115,0.000,0.000,45.67,40.14
27.116,0.000,0.000,45.67,40.26
27.117,0.000,0.000,45.67,40.34
27.118,0.000,0.000,45.67,40.40
27.119,0.000,0.000,46.13,40.66
27.125,0.000,0.000,46.13,40.84
27.128,0.000,0.000,46.13,40.97
27.132,0.000,0.000,46.13,41.06
27.133,0.000,0.000,46.75,41.15
27.134,0.000,0.000,46.75,41.22
27.136,0.000,0.000,46.75,41.26
27.140,0.000,0.000,46.75,41.30
27.151,0.000,0.000,47.53,41.22
27.152,0.000,0.000,47.53,41.17
27.169,0.000,0.000,47.53,41.13
27.171,0.000,0.000,47.53,41.10
27.175,0.000,0.000,48.29,41.05
27.176,0.000,0.000,48.29,41.02
27.181,0.000,0.000,48.96,40.77
27.182,0.000,0.000,48.96,40.60
27.183,0.000,0.000,48.96,40.48
27.184,0.000,0.000,48.96,40.40
27.207,0.000,0.000,49.43,40.34
27.208,0.000,0.000,49.43,40.29
27.209,0.000,0.000,49.43,40.26
27.210,0.000,0.000,49.43,40.24
27.213,0.000,0.000,49.78,40.43
27.216,0.000,0.000,49.78,40.57
27.217,0.000,0.000,49.78,40.66
27.218,0.000,0.000,49.78,40.73
27.242,0.000,0.000,50.00,41.24
27.243,0.000,0.000,50.00,41.60
27.248,0.000,0.000,50.23,42.15
27.249,0.000,0.000,50.23,42.53
27.256,0.000,0.000,50.42,43.23
27.258,0.000,0.000,50.42,43.72
27.259,0.000,0.000,50.42,44.06
27.259,0.000,0.000,50.42,44.30
27.288,0.000,0.000,50.58,44.76
27.289,0.000,0.000,50.58,45.09
27.294,0.000,0.000,50.74,45.49
27.296,0.000,0.000,50.74,45.78
27.303,0.000,0.000,50.93,45.93
27.305,0.000,0.000,50.93,46.04
27.308,0.000,0.000,50.93,46.11
27.310,0.000,0.000,50.93,46.16
27.335,0.000,0.000,51.07,46.39
27.336,0.000,0.000,51.07,46.55
27.341,0.000,0.000,51.14,46.79
27.342,0.000,0.000,51.14,46.96
27.350,0.000,0.000,51.16,47.20
27.351,0.000,0.000,51.16,47.36
27.353,0.000,0.000,51.16,47.48
27.356,0.000,0.000,51.16,47.56
27.385,0.000,0.000,51.09,47.83
27.386,0.000,0.000,51.09,33.48
27.388,0.000,0.000,50.85,23.44
27.389,0.000,0.000,50.85,16.41
27.395,0.000,0.000,50.85,11.48
27.396,0.000,0.000,50.85,8.04
27.401,0.000,0.000,50.40,5.63
27.402,0.000,0.000,50.40,3.94
27.403,0.000,0.000,50.40,2.76
27.406,0.000,0.000,50.40,1.93
27.434,0.000,0.000,49.81,1.35
27.435,0.000,0.000,49.81,17.38
27.437,0.000,0.000,49.16,29.42
27.438,0.000,0.000,49.16,37.85
27.446,0.000,0.000,48.40,44.72
27.447,0.000,0.000,48.40,49.53
27.448,0.000,0.000,48.40,52.90
27.452,0.000,0.000,48.40,55.26
27.485,0.000,0.000,47.49,57.49
27.486,0.000,0.000,47.49,59.05
27.491,0.000,0.000,46.34,61.07
27.492,0.000,0.000,46.34,62.49
27.495,0.000,0.000,44.77,65.51
27.502,0.000,0.000,44.77,67.63
27.505,0.000,0.000,44.77,69.11
27.508,0.000,0.000,44.77,70.14
27.510,0.000,0.000,42.89,72.62
27.511,0.000,0.000,42.89,74.36
27.514,0.000,0.000,42.89,75.57
27.515,0.000,0.000,42.89,76.42
27.545,0.000,0.000,40.83,78.30
27.546,0.000,0.000,40.83,79.62
27.551,0.000,0.000,38.74,82.62
27.552,0.000,0.000,38.74,84.72
27.558,0.000,0.000,36.80,86.76
27.559,0.000,0.000,36.80,88.19
27.560,0.000,0.000,36.80,89.19
27.564,0.000,0.000,36.80,89.89
27.588,0.000,0.000,34.86,89.59
27.589,0.000,0.000,34.86,89.39
27.593,0.000,0.000,32.86,88.32
27.594,0.000,0.000,32.86,87.58
27.606,0.000,0.000,30.82,86.02
27.608,0.000,0.000,30.82,84.93
27.609,0.000,0.000,30.82,84.16
27.610,0.000,0.000,30.82,83.63
27.635,0.000,0.000,28.80,82.13
27.636,0.000,0.000,28.80,81.08
27.642,0.000,0.000,26.86,79.17
27.643,0.000,0.000,26.86,77.83
27.655,0.000,0.000,24.82,75.57
27.658,0.000,0.000,24.82,73.99
27.659,0.000,0.000,24.82,72.89
27.660,0.000,0.000,24.82,72.11
27.687,0.000,0.000,22.76,70.15
27.688,0.000,0.000,22.76,68.77
27.689,0.000,0.000,22.76,67.81
27.693,0.000,0.000,22.76,67.14
27.696,0.000,0.000,20.84,65.26
27.699,0.000,0.000,20.84,63.95
27.702,0.000,0.000,19.12,61.72
27.706,0.000,0.000,19.12,60.16
27.708,0.000,0.000,19.12,59.07
27.709,0.000,0.000,19.12,58.31
27.733,0.000,0.000,17.60,56.41
27.734,0.000,0.000,17.60,55.07
27.738,0.000,0.000,16.14,51.90
27.739,0.000,0.000,16.14,49.67
27.750,0.000,0.000,14.77,46.81
27.751,0.000,0.000,14.77,44.81
27.752,0.000,0.000,14.77,43.40
27.753,0.000,0.000,14.77,42.42
27.782,0.000,0.000,13.43,40.17
27.783,0.000,0.000,13.43,38.60
27.786,0.000,0.000,12.09,36.46
27.787,0.000,0.000,12.09,34.95
27.788,0.000,0.000,12.09,33.90
27.789,0.000,0.000,12.09,33.17
27.799,0.000,0.000,10.90,31.62
27.800,0.000,0.000,10.90,30.53
27.801,0.000,0.000,10.90,29.77
27.802,0.000,0.000,10.90,29.24
27.833,0.000,0.000,9.98,27.97
27.834,0.000,0.000,9.98,27.08
27.835,0.000,0.000,9.98,26.46
27.836,0.000,0.000,9.98,26.02
27.837,0.000,0.000,9.34,24.68
27.839,0.000,0.000,9.34,23.75
27.844,0.000,0.000,9.34,23.09
27.845,0.000,0.000,9.34,22.63
27.849,0.000,0.000,8.86,21.70
27.850,0.000,0.000,8.86,21.05
27.881,0.000,0.000,8.46,19.82
27.882,0.000,0.000,8.46,18.97
27.886,0.000,0.000,8.05,17.86
27.887,0.000,0.000,8.05,17.09
27.894,0.000,0.000,7.64,16.17
27.898,0.000,0.000,7.64,15.52
27.900,0.000,0.000,7.64,15.07
27.901,0.000,0.000,7.64,14.75
27.910,0.000,0.000,7.35,14.27
27.911,0.000,0.000,7.35,13.93
27.926,0.000,0.000,7.35,13.69
27.927,0.000,0.000,7.35,13.53
27.944,0.000,0.000,7.19,13.25
27.945,0.000,0.000,7.19,13.05
27.948,0.000,0.000,7.20,12.81
27.949,0.000,0.000,7.20,12.64
27.958,0.000,0.000,7.31,12.45
27.959,0.000,0.000,7.31,12.31
27.960,0.000,0.000,7.31,12.21
27.961,0.000,0.000,7.31,12.15
27.987,0.000,0.000,7.53,12.03
27.988,0.000,0.000,7.53,11.95
27.992,0.000,0.000,7.85,11.88
27.993,0.000,0.000,7.85,11.84
28.007,0.000,0.000,8.31,11.84
28.009,0.000,0.000,8.31,11.84
28.010,0.000,0.000,8.31,11.84
28.011,0.000,0.000,8.31,11.85
28.037,0.000,0.000,8.88,11.98
28.038,0.000,0.000,8.88,12.07
28.043,0.000,0.000,9.91,12.29
28.044,0.000,0.000,9.91,12.45
28.055,0.000,0.000,11.27,12.73
28.059,0.000,0.000,11.27,12.92
28.060,0.000,0.000,11.27,13.06
28.061,0.000,0.000,11.27,13.16
28.085,0.000,0.000,12.77,13.50
28.086,0.000,0.000,12.77,13.74
28.090,0.000,0.000,13.90,14.15
28.092,0.000,0.000,13.90,14.44
28.102,0.000,0.000,14.99,14.84
28.103,0.000,0.000,14.99,15.12
28.107,0.000,0.000,14.99,15.32
28.108,0.000,0.000,14.99,15.46
28.132,0.000,0.000,16.02,15.87
28.133,0.000,0.000,16.02,16.16
28.133,0.000,0.000,16.02,16.37
28.134,0.000,0.000,16.02,16.51
28.138,0.000,0.000,17.14,17.04
28.142,0.000,0.000,17.14,17.42
28.158,0.000,0.000,18.45,18.03
28.160,0.000,0.000,18.45,18.47
28.160,0.000,0.000,18.45,18.77
28.161,0.000,0.000,18.45,18.98
28.186,0.000,0.000,20.20,19.50
28.191,0.000,0.000,20.20,19.86
28.192,0.000,0.000,20.20,20.11
28.193,0.000,0.000,20.20,20.29
28.194,0.000,0.000,22.27,20.74
28.195,0.000,0.000,22.27,21.05
28.201,0.000,0.000,22.27,21.27
28.202,0.000,0.000,22.27,21.43
28.203,0.000,0.000,24.47,21.93
28.207,0.000,0.000,24.47,22.28
28.231,0.000,0.000,26.44,22.91
28.232,0.000,0.000,26.44,23.35
28.235,0.000,0.000,28.42,24.06
28.236,0.000,0.000,28.42,24.55
28.248,0.000,0.000,30.25,25.24
28.249,0.000,0.000,30.25,25.72
28.282,0.000,0.000,31.88,26.34
28.283,0.000,0.000,31.88,26.78
28.284,0.000,0.000,31.88,27.09
28.285,0.000,0.000,31.88,27.30
28.288,0.000,0.000,33.47,27.73
28.289,0.000,0.000,33.47,28.03
28.294,0.000,0.000,35.06,28.48
28.295,0.000,0.000,35.06,28.80
28.299,0.000,0.000,35.06,29.03
28.300,0.000,0.000,35.06,29.18
28.310,0.000,0.000,36.76,29.55
28.311,0.000,0.000,36.76,29.80
28.315,0.000,0.000,36.76,29.98
28.316,0.000,0.000,36.76,30.11
28.340,0.000,0.000,38.49,30.43
28.341,0.000,0.000,38.49,30.65
28.342,0.000,0.000,38.49,30.81
28.343,0.000,0.000,38.49,30.92
28.347,0.000,0.000,39.97,31.16
28.351,0.000,0.000,39.97,31.33
28.353,0.000,0.000,39.97,31.45
28.356,0.000,0.000,39.97,31.53
28.358,0.000,0.000,41.30,31.73
28.359,0.000,0.000,41.30,31.86
28.361,0.000,0.000,41.30,31.96
28.365,0.000,0.000,41.30,32.03
28.387,0.000,0.000,42.46,32.33
28.388,0.000,0.000,42.46,32.55
28.393,0.000,0.000,43.69,32.90
28.394,0.000,0.000,43.69,33.15
28.409,0.000,0.000,44.96,33.49
28.410,0.000,0.000,44.96,33.73
28.410,0.000,0.000,44.96,33.90
28.411,0.000,0.000,44.96,34.02
28.436,0.000,0.000,46.16,34.34
28.437,0.000,0.000,46.16,34.56
28.443,0.000,0.000,47.08,34.88
28.443,0.000,0.000,47.08,35.10
28.454,0.000,0.000,47.84,35.35
28.458,0.000,0.000,47.84,35.52
28.460,0.000,0.000,47.84,35.64
28.460,0.000,0.000,47.84,35.73
28.483,0.000,0.000,48.56,36.11
28.484,0.000,0.000,48.56,36.37
28.487,0.000,0.000,49.37,36.83
28.488,0.000,0.000,49.37,37.16
28.502,0.000,0.000,50.19,37.46
28.503,0.000,0.000,50.19,37.67
28.507,0.000,0.000,50.19,37.82
28.508,0.000,0.000,50.19,37.92
28.532,0.000,0.000,50.93,38.19
28.533,0.000,0.000,50.93,38.38
28.536,0.000,0.000,51.59,38.62
28.537,0.000,0.000,51.59,38.78
28.540,0.000,0.000,51.59,38.90
28.543,0.000,0.000,51.59,38.98
28.550,0.000,0.000,52.14,39.09
28.551,0.000,0.000,52.14,39.17
28.553,0.000,0.000,52.14,39.23
28.554,0.000,0.000,52.14,39.27
28.584,0.000,0.000,52.61,39.57
28.585,0.000,0.000,52.61,39.77
28.588,0.000,0.000,52.98,40.30
28.589,0.000,0.000,52.98,40.67
28.600,0.000,0.000,53.26,41.21
28.601,0.000,0.000,53.26,41.58
28.602,0.000,0.000,53.26,41.84
28.603,0.000,0.000,53.26,42.03
28.634,0.000,0.000,53.46,42.64
28.635,0.000,0.000,53.46,43.07
28.636,0.000,0.000,53.52,43.76
28.638,0.000,0.000,53.52,44.24
28.643,0.000,0.000,53.52,44.58
28.644,0.000,0.000,53.52,44.82
28.648,0.000,0.000,53.38,45.50
28.651,0.000,0.000,53.38,45.98
28.653,0.000,0.000,53.38,46.31
28.656,0.000,0.000,53.38,46.55
28.682,0.000,0.000,53.04,47.43
28.683,0.000,0.000,53.04,48.04
28.684,0.000,0.000,53.04,48.47
28.685,0.000,0.000,53.04,48.77
28.686,0.000,0.000,52.50,49.91
28.687,0.000,0.000,52.50,50.71
28.692,0.000,0.000,52.50,51.27
28.693,0.000,0.000,52.50,51.66
28.694,0.000,0.000,51.76,52.97
28.698,0.000,0.000,51.76,53.88
28.699,0.000,0.000,51.76,54.53
28.700,0.000,0.000,51.76,54.97
28.711,0.000,0.000,50.82,56.61
28.715,0.000,0.000,50.82,57.76
28.740,0.000,0.000,49.71,59.92
28.741,0.000,0.000,49.71,61.44
28.748,0.000,0.000,48.39,63.96
28.749,0.000,0.000,48.39,65.73
28.750,0.000,0.000,48.39,66.96
28.751,0.000,0.000,48.39,67.83
28.758,0.000,0.000,46.88,70.02
28.759,0.000,0.000,46.88,71.55
28.761,0.000,0.000,46.88,72.63
28.764,0.000,0.000,46.88,73.38
28.787,0.000,0.000,45.21,74.93
28.788,0.000,0.000,45.21,76.02
28.794,0.000,0.000,43.49,78.28
28.795,0.000,0.000,43.49,79.86
28.809,0.000,0.000,41.97,81.43
28.810,0.000,0.000,41.97,82.53
28.814,0.000,0.000,41.97,83.30
28.815,0.000,0.000,41.97,83.84
28.844,0.000,0.000,40.65,83.38
28.845,0.000,0.000,40.65,83.07
28.851,0.000,0.000,39.25,82.71
28.852,0.000,0.000,39.25,82.47
28.854,0.000,0.000,37.60,82.61
28.857,0.000,0.000,37.60,82.71
28.859,0.000,0.000,37.60,82.78
28.860,0.000,0.000,37.60,82.83
28.883,0.000,0.000,35.64,82.22
28.884,0.000,0.000,35.64,81.79
28.888,0.000,0.000,33.49,81.58
28.889,0.000,0.000,33.49,81.44
28.902,0.000,0.000,31.37,82.01
28.903,0.000,0.000,31.37,82.41
28.907,0.000,0.000,31.37,82.70
28.908,0.000,0.000,31.37,82.89
28.933,0.000,0.000,29.59,82.07
28.934,0.000,0.000,29.59,81.49
28.938,0.000,0.000,28.15,79.86
28.940,0.000,0.000,28.15,78.73
28.953,0.000,0.000,26.79,76.18
28.959,0.000,0.000,26.79,74.39
28.984,0.000,0.000,25.25,71.31
28.985,0.000,0.000,25.25,69.16
28.988,0.000,0.000,23.42,66.11
28.989,0.000,0.000,23.42,63.98
29.000,0.000,0.000,21.39,61.73
29.001,0.000,0.000,21.39,60.16
29.033,0.000,0.000,19.38,58.71
29.034,0.000,0.000,19.38,57.69
29.034,0.000,0.000,19.38,56.98
29.035,0.000,0.000,19.38,56.48
29.042,0.000,0.000,17.41,55.14
29.043,0.000,0.000,17.41,54.20
29.044,0.000,0.000,17.41,53.55
29.049,0.000,0.000,17.41,53.09
29.052,0.000,0.000,15.61,51.29
29.053,0.000,0.000,15.61,50.03
29.056,0.000,0.000,15.61,49.15
29.058,0.000,0.000,15.61,48.53
29.082,0.000,0.000,13.94,46.69
29.083,0.000,0.000,13.94,45.41
29.084,0.000,0.000,13.94,44.51
29.085,0.000,0.000,13.94,43.88
29.086,0.000,0.000,12.37,41.79
29.090,0.000,0.000,12.37,40.32
29.094,0.000,0.000,10.81,37.51
29.095,0.000,0.000,10.81,35.54
29.096,0.000,0.000,10.81,34.16
29.100,0.000,0.000,10.81,33.19
29.131,0.000,0.000,9.31,30.86
29.132,0.000,0.000,9.31,29.23
29.134,0.000,0.000,7.96,26.96
29.135,0.000,0.000,7.96,25.38
29.143,0.000,0.000,6.91,23.21
29.143,0.000,0.000,6.91,21.69
29.145,0.000,0.000,6.91,20.63
29.149,0.000,0.000,6.91,19.89
29.158,0.000,0.000,6.17,18.51
29.159,0.000,0.000,6.17,17.55
29.174,0.000,0.000,6.17,16.87
29.175,0.000,0.000,6.17,16.40
29.191,0.000,0.000,5.57,15.33
29.192,0.000,0.000,5.57,14.57
29.194,0.000,0.000,5.57,14.05
29.199,0.000,0.000,5.57,13.68
29.202,0.000,0.000,5.09,12.91
29.203,0.000,0.000,5.09,12.37
29.207,0.000,0.000,4.81,11.49
29.210,0.000,0.000,4.81,10.87
29.211,0.000,0.000,4.81,10.44
29.215,0.000,0.000,4.81,10.14
29.240,0.000,0.000,4.74,9.68
29.241,0.000,0.000,4.74,9.36
29.247,0.000,0.000,4.87,9.03
29.248,0.000,0.000,4.87,8.81
29.249,0.000,0.000,4.87,8.65
29.251,0.000,0.000,4.87,8.53
29.254,0.000,0.000,5.04,8.40
29.258,0.000,0.000,5.04,8.31
29.259,0.000,0.000,5.04,8.25
29.260,0.000,0.000,5.04,8.20
29.284,0.000,0.000,5.23,8.15
29.285,0.000,0.000,5.23,8.11
29.289,0.000,0.000,5.47,8.10
29.293,0.000,0.000,5.47,8.10
29.302,0.000,0.000,5.78,8.17
29.303,0.000,0.000,5.78,8.21
29.306,0.000,0.000,5.78,8.24
29.309,0.000,0.000,5.78,8.27
29.335,0.000,0.000,6.49,8.51
29.336,0.000,0.000,6.49,8.67
29.342,0.000,0.000,7.59,9.06
29.343,0.000,0.000,7.59,6.34
29.351,0.000,0.000,8.85,4.44
29.351,0.000,0.000,8.85,3.11
29.386,0.000,0.000,10.16,2.17
29.387,0.000,0.000,10.16,1.52
29.388,0.000,0.000,10.16,1.07
29.394,0.000,0.000,10.16,0.75
29.399,0.000,0.000,11.42,0.52
29.402,0.000,0.000,11.42,0.37
29.403,0.000,0.000,12.64,0.26
29.406,0.000,0.000,12.64,0.18
29.408,0.000,0.000,12.64,4.19
29.409,0.000,0.000,12.64,6.99
29.437,0.000,0.000,13.78,9.31
29.438,0.000,0.000,13.78,10.93
29.439,0.000,0.000,14.83,12.41
29.443,0.000,0.000,14.83,13.45
29.449,0.000,0.000,14.83,14.17
29.450,0.000,0.000,14.83,14.68
29.451,0.000,0.000,15.83,15.42
29.452,0.000,0.000,15.83,15.93
29.477,0.000,0.000,16.77,16.61
29.483,0.000,0.000,16.77,17.08
29.486,0.000,0.000,16.77,17.41
29.488,0.000,0.000,16.77,17.65
29.492,0.000,0.000,17.63,18.21
29.494,0.000,0.000,17.63,18.60
29.495,0.000,0.000,18.53,19.08
29.499,0.000,0.000,18.53,19.42
29.500,0.000,0.000,18.53,19.66
29.501,0.000,0.000,18.53,19.83
29.532,0.000,0.000,19.57,20.32
29.533,0.000,0.000,19.57,20.67
29.534,0.000,0.000,20.63,21.12
29.537,0.000,0.000,20.63,21.43
29.542,0.000,0.000,21.59,21.91
29.543,0.000,0.000,21.59,22.25
29.544,0.000,0.000,21.59,22.49
29.545,0.000,0.000,21.59,22.65
29.549,0.000,0.000,21.59,22.77
29.550,0.000,0.000,21.59,22.85
29.558,0.000,0.000,22.46,23.08
29.559,0.000,0.000,22.46,23.24
29.560,0.000,0.000,22.46,23.36
29.561,0.000,0.000,22.46,23.44
29.584,0.000,0.000,23.22,23.92
29.585,0.000,0.000,23.22,24.26
29.592,0.000,0.000,23.96,24.63
29.593,0.000,0.000,23.96,24.89
29.594,0.000,0.000,23.96,25.08
29.595,0.000,0.000,23.96,25.21
29.608,0.000,0.000,24.85,25.67
29.609,0.000,0.000,24.85,25.99
29.610,0.000,0.000,24.85,26.22
29.610,0.000,0.000,24.85,26.38
29.636,0.000,0.000,25.90,26.81
29.638,0.000,0.000,25.90,27.11
29.644,0.000,0.000,27.08,27.48
29.645,0.000,0.000,27.08,27.74
29.654,0.000,0.000,28.15,27.85
29.658,0.000,0.000,28.15,27.92
29.659,0.000,0.000,28.15,27.97
29.660,0.000,0.000,28.15,28.01
29.688,0.000,0.000,29.01,28.27
29.689,0.000,0.000,29.01,28.46
29.690,0.000,0.000,29.01,28.58
29.693,0.000,0.000,29.01,28.67
29.700,0.000,0.000,29.81,28.96
29.701,0.000,0.000,29.81,29.15
29.702,0.000,0.000,30.67,29.46
29.703,0.000,0.000,30.67,29.67
29.707,0.000,0.000,30.67,29.82
29.708,0.000,0.000,30.67,29.92
29.736,0.000,0.000,31.74,30.21
29.738,0.000,0.000,31.74,30.41
29.742,0.000,0.000,31.74,30.55
29.743,0.000,0.000,31.74,30.65
29.746,0.000,0.000,32.89,31.12
29.747,0.000,0.000,32.89,31.46
29.751,0.000,0.000,34.13,31.65
29.752,0.000,0.000,34.13,31.79
29.753,0.000,0.000,34.13,31.89
29.754,0.000,0.000,34.13,31.95
29.782,0.000,0.000,35.27,32.00
29.783,0.000,0.000,35.27,32.03
29.784,0.000,0.000,35.27,32.05
29.785,0.000,0.000,35.27,32.07
29.788,0.000,0.000,36.23,32.19
29.789,0.000,0.000,36.23,32.29
29.792,0.000,0.000,36.23,32.35
29.794,0.000,0.000,36.23,32.39
29.799,0.000,0.000,37.01,32.69
29.800,0.000,0.000,37.01,32.89
29.801,0.000,0.000,37.01,33.04
29.801,0.000,0.000,37.01,33.14
29.833,0.000,0.000,37.64,33.44
29.834,0.000,0.000,37.64,33.66
29.835,0.000,0.000,37.64,33.81
29.836,0.000,0.000,37.64,33.92
29.838,0.000,0.000,38.13,34.54
29.844,0.000,0.000,38.13,34.98
29.845,0.000,0.000,38.13,35.29
29.848,0.000,0.000,38.13,35.51
29.849,0.000,0.000,38.53,36.18
29.850,0.000,0.000,38.53,36.66
29.851,0.000,0.000,38.53,36.99
29.852,0.000,0.000,38.53,37.22
29.882,0.000,0.000,38.90,37.84
29.883,0.000,0.000,38.90,38.28
29.884,0.000,0.000,38.90,38.58
29.885,0.000,0.000,38.90,38.79
29.888,0.000,0.000,39.33,39.27
29.889,0.000,0.000,39.33,39.60
29.895,0.000,0.000,39.75,40.03
29.896,0.000,0.000,39.75,40.33
29.910,0.000,0.000,40.25,40.55
29.911,0.000,0.000,40.25,40.71
29.915,0.000,0.000,40.25,40.82
29.916,0.000,0.000,40.25,40.90
29.939,0.000,0.000,40.82,40.94
29.941,0.000,0.000,40.82,40.98
29.944,0.000,0.000,41.45,40.83
29.946,0.000,0.000,41.45,40.73
29.959,0.000,0.000,42.12,40.51
29.960,0.000,0.000,42.12,40.35
29.986,0.000,0.000,42.89,40.12
29.987,0.000,0.000,42.89,39.97
29.992,0.000,0.000,43.75,39.69
29.994,0.000,0.000,43.75,39.50
29.998,0.000,0.000,43.75,39.37
29.999,0.000,0.000,43.75,39.28
30.008,0.000,0.000,44.64,39.00
30.009,0.000,0.000,44.64,38.81
30.009,0.000,0.000,44.64,38.68
30.010,0.000,0.000,44.64,38.58
30.033,0.000,0.000,45.51,38.57
30.034,0.000,0.000,45.51,38.56
30.037,0.000,0.000,46.30,38.29
30.039,0.000,0.000,46.30,38.10
30.042,0.000,0.000,46.30,37.97
30.043,0.000,0.000,46.30,37.88
30.058,0.000,0.000,46.93,37.91
30.059,0.000,0.000,46.93,37.93
30.060,0.000,0.000,46.93,37.94
30.065,0.000,0.000,46.93,37.95
30.098,0.000,0.000,47.40,38.25
30.100,0.000,0.000,47.40,38.46
30.105,0.000,0.000,47.80,38.98
30.109,0.000,0.000,47.80,39.35
30.115,0.000,0.000,48.19,39.72
30.116,0.000,0.000,48.19,39.99
30.117,0.000,0.000,48.19,40.17
30.118,0.000,0.000,48.19,40.30
30.131,0.000,0.000,48.57,41.01
30.132,0.000,0.000,48.57,41.51
30.133,0.000,0.000,48.57,41.86
30.134,0.000,0.000,48.57,42.10
30.150,0.000,0.000,48.87,42.53
30.151,0.000,0.000,48.87,42.84
30.152,0.000,0.000,48.87,43.05
30.153,0.000,0.000,48.87,43.20
30.158,0.000,0.000,49.04,43.51
30.159,0.000,0.000,49.04,43.73
30.160,0.000,0.000,49.04,43.88
30.161,0.000,0.000,49.04,43.99
30.190,0.000,0.000,49.07,44.36
30.191,0.000,0.000,49.07,44.62
30.192,0.000,0.000,49.07,44.80
30.194,0.000,0.000,49.07,44.93
30.196,0.000,0.000,48.97,45.58
30.197,0.000,0.000,48.97,46.03
30.200,0.000,0.000,48.97,46.35
30.201,0.000,0.000,48.97,46.57
30.203,0.000,0.000,48.74,47.30
30.204,0.000,0.000,48.74,47.82
30.233,0.000,0.000,48.36,48.92
30.234,0.000,0.000,48.36,34.24
30.237,0.000,0.000,47.81,23.97
30.238,0.000,0.000,47.81,32.95
30.248,0.000,0.000,47.10,40.31
30.249,0.000,0.000,47.10,45.46
30.250,0.000,0.000,47.10,49.07
30.251,0.000,0.000,47.10,51.60
30.281,0.000,0.000,46.22,54.35
30.282,0.000,0.000,46.22,56.28
30.288,0.000,0.000,46.22,57.63
30.289,0.000,0.000,46.22,58.57
30.290,0.000,0.000,45.25,60.13
30.294,0.000,0.000,45.25,61.21
30.299,0.000,0.000,44.21,62.90
30.301,0.000,0.000,44.21,64.08
30.301,0.000,0.000,44.21,64.91
30.302,0.000,0.000,44.21,65.49
30.315,0.000,0.000,43.04,66.79
30.316,0.000,0.000,43.04,67.71
30.317,0.000,0.000,43.04,68.35
30.317,0.000,0.000,43.04,68.79
30.349,0.000,0.000,41.75,69.18
30.350,0.000,0.000,41.75,69.45
30.353,0.000,0.000,40.31,70.85
30.356,0.000,0.000,40.31,71.84
30.358,0.000,0.000,40.31,72.52
30.360,0.000,0.000,40.31,73.01
30.364,0.000,0.000,38.68,74.11
30.366,0.000,0.000,38.68,74.88
30.367,0.000,0.000,38.68,75.42
30.368,0.000,0.000,38.68,75.79
30.392,0.000,0.000,36.94,76.05
30.393,0.000,0.000,36.94,76.24
30.396,0.000,0.000,35.24,77.05
30.397,0.000,0.000,35.24,77.62
30.414,0.000,0.000,33.76,78.26
30.415,0.000,0.000,33.76,78.71
30.441,0.000,0.000,32.50,77.32
30.442,0.000,0.000,32.50,76.34
30.445,0.000,0.000,31.33,74.69
30.446,0.000,0.000,31.33,73.53
30.454,0.000,0.000,30.10,72.04
30.455,0.000,0.000,30.10,71.01
30.457,0.000,0.000,30.10,70.28
30.460,0.000,0.000,30.10,69.77
30.485,0.000,0.000,28.78,67.87
30.486,0.000,0.000,28.78,66.54
30.492,0.000,0.000,27.34,64.54
30.493,0.000,0.000,27.34,63.15
30.502,0.000,0.000,25.80,62.38
30.503,0.000,0.000,25.80,61.84
30.507,0.000,0.000,25.80,61.47
30.509,0.000,0.000,25.80,61.20
30.535,0.000,0.000,24.27,60.43
30.536,0.000,0.000,24.27,59.90
30.537,0.000,0.000,24.27,59.52
30.538,0.000,0.000,24.27,59.26
30.543,0.000,0.000,22.76,58.24
30.544,0.000,0.000,22.76,57.54
30.550,0.000,0.000,21.39,56.43
30.551,0.000,0.000,21.39,55.65
30.552,0.000,0.000,21.39,55.11
30.553,0.000,0.000,21.39,54.73
30.581,0.000,0.000,20.11,53.42
30.582,0.000,0.000,20.11,52.50
30.585,0.000,0.000,18.84,50.44
30.586,0.000,0.000,18.84,49.00
30.598,0.000,0.000,17.50,47.22
30.599,0.000,0.000,17.50,45.97
30.600,0.000,0.000,17.50,45.09
30.601,0.000,0.000,17.50,44.48
30.603,0.000,0.000,17.50,44.05
30.606,0.000,0.000,17.50,43.75
30.632,0.000,0.000,16.10,42.54
30.633,0.000,0.000,16.10,41.69
30.636,0.000,0.000,14.82,39.97
30.637,0.000,0.000,14.82,38.77
30.648,0.000,0.000,13.70,37.28
30.649,0.000,0.000,13.70,36.23
30.669,0.000,0.000,12.73,34.65
30.670,0.000,0.000,12.73,33.55
30.683,0.000,0.000,12.73,32.77
30.684,0.000,0.000,12.73,32.23
30.691,0.000,0.000,12.02,30.78
30.692,0.000,0.000,12.02,29.77
30.694,0.000,0.000,12.02,29.06
30.698,0.000,0.000,12.02,28.56
30.701,0.000,0.000,11.56,27.43
30.702,0.000,0.000,11.56,26.63
30.703,0.000,0.000,11.56,26.08
30.707,0.000,0.000,11.56,25.69
30.710,0.000,0.000,11.18,24.76
30.711,0.000,0.000,11.18,24.11
30.726,0.000,0.000,11.18,23.65
30.727,0.000,0.000,11.18,23.34
30.744,0.000,0.000,10.86,22.50
30.747,0.000,0.000,10.86,21.91
30.748,0.000,0.000,10.86,21.50
30.750,0.000,0.000,10.86,21.22
30.754,0.000,0.000,10.66,20.53
30.755,0.000,0.000,10.66,20.05
30.759,0.000,0.000,10.66,19.43
30.760,0.000,0.000,10.66,19.00
30.761,0.000,0.000,10.66,18.70
30.765,0.000,0.000,10.66,18.49
30.792,0.000,0.000,10.97,18.21
30.793,0.000,0.000,10.97,18.01
30.796,0.000,0.000,11.42,17.76
30.801,0.000,0.000,11.42,17.58
30.807,0.000,0.000,12.03,17.37
30.808,0.000,0.000,12.03,17.22
30.809,0.000,0.000,12.03,17.11
30.811,0.000,0.000,12.03,17.03
30.834,0.000,0.000,12.92,16.99
30.835,0.000,0.000,12.92,16.96
30.839,0.000,0.000,14.65,17.00
30.842,0.000,0.000,14.65,17.03
30.844,0.000,0.000,14.65,17.06
30.844,0.000,0.000,14.65,17.07
30.855,0.000,0.000,17.40,17.35
30.857,0.000,0.000,17.40,17.55
30.858,0.000,0.000,17.40,17.69
30.859,0.000,0.000,17.40,17.78
30.885,0.000,0.000,21.43,18.62
30.886,0.000,0.000,21.43,19.21
30.894,0.000,0.000,21.43,19.62
30.894,0.000,0.000,21.43,19.91
30.896,0.000,0.000,25.62,21.07
30.897,0.000,0.000,25.62,21.89
30.901,0.000,0.000,25.62,22.46
30.902,0.000,0.000,25.62,22.86
30.905,0.000,0.000,29.04,23.83
30.908,0.000,0.000,29.04,24.51
30.909,0.000,0.000,29.04,24.99
30.909,0.000,0.000,29.04,25.32
30.935,0.000,0.000,31.83,26.05
30.936,0.000,0.000,31.83,26.57
30.941,0.000,0.000,34.52,27.35
30.943,0.000,0.000,34.52,27.90
30.944,0.000,0.000,34.52,28.28
30.945,0.000,0.000,34.52,28.55
30.953,0.000,0.000,37.34,29.11
30.955,0.000,0.000,37.34,29.50
30.981,0.000,0.000,39.71,30.04
30.982,0.000,0.000,39.71,30.42
30.985,0.000,0.000,42.08,30.89
30.986,0.000,0.000,42.08,31.21
30.998,0.000,0.000,44.71,31.61
30.999,0.000,0.000,44.71,31.89
31.000,0.000,0.000,44.71,32.09
31.001,0.000,0.000,44.71,32.23
31.032,0.000,0.000,47.75,32.43
31.033,0.000,0.000,47.75,32.58
31.034,0.000,0.000,47.75,32.68
31.035,0.000,0.000,47.75,32.75
31.040,0.000,0.000,50.62,32.83
31.042,0.000,0.000,50.62,32.88
31.046,0.000,0.000,52.89,32.91
31.050,0.000,0.000,52.89,32.94
31.051,0.000,0.000,52.89,32.96
31.052,0.000,0.000,52.89,32.97
31.081,0.000,0.000,54.52,32.98
31.082,0.000,0.000,54.52,32.99
31.089,0.000,0.000,55.47,32.99
31.090,0.000,0.000,55.47,32.99
31.094,0.000,0.000,55.62,33.20
31.098,0.000,0.000,55.62,33.35
31.099,0.000,0.000,55.62,33.45
31.100,0.000,0.000,55.62,33.52
31.110,0.000,0.000,55.80,34.37
31.111,0.000,0.000,55.80,34.96
31.115,0.000,0.000,55.80,35.37
31.116,0.000,0.000,55.80,35.66
31.141,0.000,0.000,56.96,36.70
31.142,0.000,0.000,56.96,37.42
31.145,0.000,0.000,58.36,37.92
31.149,0.000,0.000,58.36,38.27
31.150,0.000,0.000,58.36,38.51
31.151,0.000,0.000,58.36,38.68
31.159,0.000,0.000,59.88,38.40
31.160,0.000,0.000,59.88,38.20
31.160,0.000,0.000,59.88,38.06
31.164,0.000,0.000,59.88,37.96
31.190,0.000,0.000,60.78,37.60
31.191,0.000,0.000,60.78,37.35
31.196,0.000,0.000,60.91,37.19
31.200,0.000,0.000,60.91,37.07
31.201,0.000,0.000,60.91,37.00
31.202,0.000,0.000,60.91,36.94
31.207,0.000,0.000,60.94,37.42
31.208,0.000,0.000,60.94,37.76
31.209,0.000,0.000,60.94,38.00
31.210,0.000,0.000,60.94,38.16
31.235,0.000,0.000,60.91,39.44
31.236,0.000,0.000,60.91,40.33
31.237,0.000,0.000,60.91,40.95
31.238,0.000,0.000,60.91,41.39
31.243,0.000,0.000,61.02,42.92
31.244,0.000,0.000,61.02,43.99
31.254,0.000,0.000,61.45,44.99
31.258,0.000,0.000,61.45,45.68
31.259,0.000,0.000,61.45,46.17
31.260,0.000,0.000,61.45,46.51
31.286,0.000,0.000,62.42,46.22
31.287,0.000,0.000,62.42,46.01
31.293,0.000,0.000,63.68,44.35
31.294,0.000,0.000,63.68,43.19
31.298,0.000,0.000,63.68,42.38
31.299,0.000,0.000,63.68,41.81
31.301,0.000,0.000,64.90,40.61
31.302,0.000,0.000,64.90,39.77
31.303,0.000,0.000,64.90,39.18
31.306,0.000,0.000,64.90,38.77
31.333,0.000,0.000,66.05,38.00
31.334,0.000,0.000,66.05,37.46
31.338,0.000,0.000,66.86,36.95
31.339,0.000,0.000,66.86,36.59
31.341,0.000,0.000,66.86,36.34
31.343,0.000,0.000,66.86,36.17
31.350,0.000,0.000,67.44,36.07
31.351,0.000,0.000,67.44,36.01
31.353,0.000,0.000,67.44,35.96
31.356,0.000,0.000,67.44,35.93
31.383,0.000,0.000,68.02,36.64
31.384,0.000,0.000,68.02,37.14
31.386,0.000,0.000,68.66,37.79
31.388,0.000,0.000,68.66,38.24
31.399,0.000,0.000,69.29,38.83
31.400,0.000,0.000,69.29,39.25
31.431,0.000,0.000,69.94,39.65
31.432,0.000,0.000,69.94,39.93
31.435,0.000,0.000,70.38,40.26
31.436,0.000,0.000,70.38,40.49
31.448,0.000,0.000,70.84,40.65
31.449,0.000,0.000,70.84,40.76
31.450,0.000,0.000,70.84,40.84
31.451,0.000,0.000,70.84,40.90
31.482,0.000,0.000,72.56,40.31
31.483,0.000,0.000,72.56,39.89
31.484,0.000,0.000,72.56,39.60
31.484,0.000,0.000,72.56,39.40
31.487,0.000,0.000,73.70,39.06
31.492,0.000,0.000,73.70,38.81
31.494,0.000,0.000,74.30,38.58
31.498,0.000,0.000,74.30,38.41
31.499,0.000,0.000,74.30,38.29
31.500,0.000,0.000,74.30,38.21
31.510,0.000,0.000,73.70,38.84
31.511,0.000,0.000,73.70,39.28
31.512,0.000,0.000,73.70,39.59
31.516,0.000,0.000,73.70,39.80
31.539,0.000,0.000,73.28,40.59
31.540,0.000,0.000,73.28,41.14
31.545,0.000,0.000,73.16,43.13
31.546,0.000,0.000,73.16,44.53
31.559,0.000,0.000,72.99,46.69
31.559,0.000,0.000,72.99,48.21
31.565,0.000,0.000,72.99,49.27
31.566,0.000,0.000,72.99,50.01
31.590,0.000,0.000,72.01,52.39
31.591,0.000,0.000,72.01,54.06
31.595,0.000,0.000,69.94,58.04
31.596,0.000,0.000,69.94,60.82
31.600,0.000,0.000,69.94,62.77
31.601,0.000,0.000,69.94,64.14
31.607,0.000,0.000,66.72,69.84
31.608,0.000,0.000,66.72,73.84
31.609,0.000,0.000,66.72,76.63
31.611,0.000,0.000,66.72,78.59
31.635,0.000,0.000,63.39,85.01
31.637,0.000,0.000,63.39,89.51
31.642,0.000,0.000,60.12,92.66
31.643,0.000,0.000,60.12,94.86
31.644,0.000,0.000,60.12,96.40
31.645,0.000,0.000,60.12,97.48
31.669,0.000,0.000,55.90,98.24
31.671,0.000,0.000,55.90,98.77
31.673,0.000,0.000,55.90,99.14
31.674,0.000,0.000,55.90,99.40
31.675,0.000,0.000,50.77,99.58
31.676,0.000,0.000,50.77,99.70
31.701,0.000,0.000,45.83,99.54
31.702,0.000,0.000,45.83,99.42
31.705,0.000,0.000,41.33,98.49
31.706,0.000,0.000,41.33,97.84
31.733,0.000,0.000,36.54,95.84
31.734,0.000,0.000,36.54,94.44
31.735,0.000,0.000,36.54,93.47
31.735,0.000,0.000,36.54,92.78
31.739,0.000,0.000,33.40,90.96
31.742,0.000,0.000,33.40,89.69
31.750,0.000,0.000,31.34,87.77
31.751,0.000,0.000,31.34,86.43
31.752,0.000,0.000,31.34,85.49
31.753,0.000,0.000,31.34,84.83
31.781,0.000,0.000,29.57,83.41
31.782,0.000,0.000,29.57,82.42
31.785,0.000,0.000,26.73,80.02
31.786,0.000,0.000,26.73,78.35
31.799,0.000,0.000,22.78,74.53
31.800,0.000,0.000,22.78,71.86
31.803,0.000,0.000,22.78,69.99
31.804,0.000,0.000,22.78,68.68
31.832,0.000,0.000,17.60,63.83
31.833,0.000,0.000,17.60,60.44
31.836,0.000,0.000,12.72,53.98
31.837,0.000,0.000,12.72,49.46
31.848,0.000,0.000,7.93,42.02
31.849,0.000,0.000,7.93,36.81
31.850,0.000,0.000,7.93,33.17
31.850,0.000,0.000,7.93,30.62
31.869,0.000,0.000,3.54,24.77
31.869,0.000,0.000,3.54,20.67
31.886,0.000,0.000,3.54,17.80
31.888,0.000,0.000,3.54,15.79
31.891,0.000,0.000,3.54,14.39
31.892,0.000,0.000,3.54,13.40
31.893,0.000,0.000,3.54,12.71
31.894,0.000,0.000,3.54,12.23
31.898,0.000,0.000,-2.49,8.56
31.899,0.000,0.000,-2.49,5.99
31.900,0.000,0.000,-2.49,4.20
31.901,0.000,0.000,-2.49,2.94
31.910,0.000,0.000,-5.12,2.06
31.914,0.000,0.000,-5.12,1.44
31.916,0.000,0.000,-5.12,1.01
31.917,0.000,0.000,-5.12,0.71
31.950,0.000,0.000,-7.41,0.49
31.951,0.000,0.000,-7.41,0.35
31.954,0.000,0.000,-7.41,0.24
31.955,0.000,0.000,-7.41,0.17
31.959,0.000,0.000,-8.54,0.12
31.960,0.000,0.000,-8.54,0.08
31.965,0.000,0.000,-8.54,0.06
31.966,0.000,0.000,-8.54,0.04
31.990,0.000,0.000,-7.15,0.03
31.992,0.000,0.000,-7.15,0.02
31.995,0.000,0.000,-4.94,0.01
31.997,0.000,0.000,-4.94,0.01
32.007,0.000,0.000,-2.22,0.01
32.008,0.000,0.000,-2.22,0.00
32.009,0.000,0.000,-2.22,0.00
32.011,0.000,0.000,-2.22,0.00
32.035,0.000,0.000,1.08,0.34
32.036,0.000,0.000,1.08,0.57
32.040,0.000,0.000,5.48,2.10
32.041,0.000,0.000,5.48,3.16
32.056,0.000,0.000,11.15,5.61
32.058,0.000,0.000,11.15,7.33
32.059,0.000,0.000,11.15,8.53
32.060,0.000,0.000,11.15,9.37
32.084,0.000,0.000,17.01,11.60
32.085,0.000,0.000,17.01,13.16
32.091,0.000,0.000,21.67,15.44
32.093,0.000,0.000,21.67,17.04
32.102,0.000,0.000,26.01,19.15
32.103,0.000,0.000,26.01,20.62
32.108,0.000,0.000,26.01,21.66
32.109,0.000,0.000,26.01,22.38
32.134,0.000,0.000,29.72,23.62
32.135,0.000,0.000,29.72,24.49
32.136,0.000,0.000,29.72,25.11
32.137,0.000,0.000,29.72,25.53
32.140,0.000,0.000,32.95,26.39
32.143,0.000,0.000,32.95,26.98
32.144,0.000,0.000,32.95,27.40
32.148,0.000,0.000,32.95,27.70
32.151,0.000,0.000,36.13,28.36
32.151,0.000,0.000,36.13,28.83
32.182,0.000,0.000,39.49,29.54
32.183,0.000,0.000,39.49,30.05
32.186,0.000,0.000,42.71,30.67
32.187,0.000,0.000,42.71,31.11
32.188,0.000,0.000,42.71,31.42
32.193,0.000,0.000,42.71,31.64
32.200,0.000,0.000,45.45,31.94
32.201,0.000,0.000,45.45,32.16
32.231,0.000,0.000,47.60,32.38
32.232,0.000,0.000,47.60,32.54
32.235,0.000,0.000,49.51,32.68
32.236,0.000,0.000,49.51,32.77
32.248,0.000,0.000,51.16,32.84
32.249,0.000,0.000,51.16,32.89
32.251,0.000,0.000,51.16,32.92
32.251,0.000,0.000,51.16,32.95
32.283,0.000,0.000,52.59,32.96
32.292,0.000,0.000,52.59,32.97
32.294,0.000,0.000,52.59,32.98
32.298,0.000,0.000,52.59,32.99
32.300,0.000,0.000,53.92,33.05
32.301,0.000,0.000,53.92,33.09
32.302,0.000,0.000,53.92,33.12
32.303,0.000,0.000,53.92,33.14
32.307,0.000,0.000,55.25,33.26
32.309,0.000,0.000,55.25,33.34
32.310,0.000,0.000,55.25,33.39
32.313,0.000,0.000,55.25,33.43
32.316,0.000,0.000,56.34,33.68
32.317,0.000,0.000,56.34,33.85
32.318,0.000,0.000,56.34,33.96
32.319,0.000,0.000,56.34,34.05
32.342,0.000,0.000,57.22,34.40
32.343,0.000,0.000,57.22,34.64
32.344,0.000,0.000,57.22,34.82
32.347,0.000,0.000,57.22,34.94
32.351,0.000,0.000,57.98,35.32
32.353,0.000,0.000,57.98,35.59
32.355,0.000,0.000,57.98,35.77
32.358,0.000,0.000,57.98,35.91
32.359,0.000,0.000,58.67,36.34
32.360,0.000,0.000,58.67,36.64
32.361,0.000,0.000,58.67,36.85
32.365,0.000,0.000,58.67,37.00
32.387,0.000,0.000,59.44,37.44
32.388,0.000,0.000,59.44,37.74
32.394,0.000,0.000,60.28,38.09
32.398,0.000,0.000,60.28,38.34
32.406,0.000,0.000,61.40,38.34
32.408,0.000,0.000,61.40,38.34
32.409,0.000,0.000,61.40,38.33
32.410,0.000,0.000,61.40,38.33
32.434,0.000,0.000,62.70,37.98
32.435,0.000,0.000,62.70,37.73
32.435,0.000,0.000,62.70,37.56
32.436,0.000,0.000,62.70,37.44
32.440,0.000,0.000,63.72,37.19
32.441,0.000,0.000,63.72,37.01
32.444,0.000,0.000,63.72,36.88
32.445,0.000,0.000,63.72,36.79
32.456,0.000,0.000,64.50,36.72
32.457,0.000,0.000,64.50,36.66
32.459,0.000,0.000,64.50,36.63
32.460,0.000,0.000,64.50,36.60
32.484,0.000,0.000,65.22,36.70
32.485,0.000,0.000,65.22,36.77
32.492,0.000,0.000,65.63,37.24
32.493,0.000,0.000,65.63,37.57
32.502,0.000,0.000,65.54,38.76
32.504,0.000,0.000,65.54,39.59
32.506,0.000,0.000,65.54,40.18
32.507,0.000,0.000,65.54,40.58
32.533,0.000,0.000,65.05,42.14
32.534,0.000,0.000,65.05,43.22
32.535,0.000,0.000,65.05,43.98
32.536,0.000,0.000,65.05,44.51
32.541,0.000,0.000,64.28,46.46
32.542,0.000,0.000,64.28,47.82
32.543,0.000,0.000,64.28,48.77
32.544,0.000,0.000,64.28,49.44
32.551,0.000,0.000,63.43,51.56
32.552,0.000,0.000,63.43,53.04
32.582,0.000,0.000,63.03,55.18
32.583,0.000,0.000,63.03,56.67
32.584,0.000,0.000,63.03,57.72
32.585,0.000,0.000,63.03,58.45
32.592,0.000,0.000,62.57,59.36
32.593,0.000,0.000,62.57,59.99
32.599,0.000,0.000,61.71,61.09
32.600,0.000,0.000,61.71,61.86
32.631,0.000,0.000,60.69,62.74
32.632,0.000,0.000,60.69,63.37
32.636,0.000,0.000,59.57,64.29
32.637,0.000,0.000,59.57,64.94
32.638,0.000,0.000,59.57,65.39
32.641,0.000,0.000,59.57,65.71
32.649,0.000,0.000,58.10,67.59
32.650,0.000,0.000,58.10,68.90
32.651,0.000,0.000,58.10,69.83
32.651,0.000,0.000,58.10,70.47
32.677,0.000,0.000,56.53,72.87
32.678,0.000,0.000,56.53,74.54
32.684,0.000,0.000,56.53,75.72
32.685,0.000,0.000,56.53,76.54
32.687,0.000,0.000,54.97,77.54
32.688,0.000,0.000,54.97,78.24
32.698,0.000,0.000,53.42,80.72
32.699,0.000,0.000,53.42,82.46
32.700,0.000,0.000,53.42,83.68
32.701,0.000,0.000,53.42,84.53
32.710,0.000,0.000,51.64,86.54
32.711,0.000,0.000,51.64,87.94
32.716,0.000,0.000,51.64,88.93
32.717,0.000,0.000,51.64,89.62
32.740,0.000,0.000,49.92,90.04
32.741,0.000,0.000,49.92,90.34
32.748,0.000,0.000,48.19,90.71
32.750,0.000,0.000,48.19,90.97
32.759,0.000,0.000,46.46,92.72
32.760,0.000,0.000,46.46,93.95
32.765,0.000,0.000,46.46,94.81
32.766,0.000,0.000,46.46,95.41
32.790,0.000,0.000,44.62,94.77
32.791,0.000,0.000,44.62,94.32
32.795,0.000,0.000,42.86,93.71
32.800,0.000,0.000,42.86,93.29
32.801,0.000,0.000,42.86,92.99
32.801,0.000,0.000,42.86,92.78
32.802,0.000,0.000,42.86,92.64
32.803,0.000,0.000,42.86,92.53
32.808,0.000,0.000,41.24,92.35
32.809,0.000,0.000,41.24,92.23
32.810,0.000,0.000,41.24,92.14
32.811,0.000,0.000,41.24,92.08
32.835,0.000,0.000,39.88,91.07
32.836,0.000,0.000,39.88,90.37
32.838,0.000,0.000,39.88,89.88
32.841,0.000,0.000,39.88,89.54
32.844,0.000,0.000,38.44,87.60
32.845,0.000,0.000,38.44,86.24
32.857,0.000,0.000,36.98,84.55
32.859,0.000,0.000,36.98,83.37
32.860,0.000,0.000,36.98,82.54
32.861,0.000,0.000,36.98,81.96
32.884,0.000,0.000,35.65,80.12
32.885,0.000,0.000,35.65,78.84
32.891,0.000,0.000,34.49,76.65
32.892,0.000,0.000,34.49,75.12
32.903,0.000,0.000,33.24,73.66
32.908,0.000,0.000,33.24,72.64
32.909,0.000,0.000,33.24,71.92
32.910,0.000,0.000,33.24,71.42
32.937,0.000,0.000,32.01,70.01
32.938,0.000,0.000,32.01,69.02
32.944,0.000,0.000,30.82,67.59
32.945,0.000,0.000,30.82,66.58
32.950,0.000,0.000,29.76,65.30
32.951,0.000,0.000,29.76,64.40
32.953,0.000,0.000,29.76,63.78
32.954,0.000,0.000,29.76,63.34
32.983,0.000,0.000,28.66,62.40
32.984,0.000,0.000,28.66,61.74
32.988,0.000,0.000,27.41,60.74
32.992,0.000,0.000,27.41,60.05
33.000,0.000,0.000,25.98,59.57
33.001,0.000,0.000,25.98,59.24
33.001,0.000,0.000,25.98,59.01
33.002,0.000,0.000,25.98,58.84
33.031,0.000,0.000,24.53,57.97
33.032,0.000,0.000,24.53,57.36
33.033,0.000,0.000,24.53,56.94
33.034,0.000,0.000,24.53,56.64
33.037,0.000,0.000,23.29,55.84
33.039,0.000,0.000,23.29,55.29
33.042,0.000,0.000,23.29,54.90
33.043,0.000,0.000,23.29,54.62
33.048,0.000,0.000,22.18,53.93
33.049,0.000,0.000,22.18,53.44
33.050,0.000,0.000,22.18,53.10
33.051,0.000,0.000,22.18,52.86
33.076,0.000,0.000,21.06,51.68
33.077,0.000,0.000,21.06,50.86
33.083,0.000,0.000,21.06,50.28
33.084,0.000,0.000,21.06,49.88
33.087,0.000,0.000,19.87,48.30
33.091,0.000,0.000,19.87,47.19
33.094,0.000,0.000,18.79,45.84
33.098,0.000,0.000,18.79,44.89
33.099,0.000,0.000,18.79,44.23
33.100,0.000,0.000,18.79,43.76
33.111,0.000,0.000,18.31,42.41
33.112,0.000,0.000,18.31,41.46
33.137,0.000,0.000,18.36,39.90
33.138,0.000,0.000,18.36,38.81
33.145,0.000,0.000,18.34,37.19
33.148,0.000,0.000,18.34,36.06
33.149,0.000,0.000,18.34,35.27
33.150,0.000,0.000,18.34,34.71
33.159,0.000,0.000,18.38,33.64
33.160,0.000,0.000,18.38,32.89
33.183,0.000,0.000,18.30,31.42
33.184,0.000,0.000,18.30,30.40
33.192,0.000,0.000,18.12,29.45
33.193,0.000,0.000,18.12,28.79
33.194,0.000,0.000,18.12,28.32
33.194,0.000,0.000,18.12,28.00
33.209,0.000,0.000,17.65,27.89
33.210,0.000,0.000,17.65,27.81
33.211,0.000,0.000,17.65,27.75
33.215,0.000,0.000,17.65,27.72
33.244,0.000,0.000,16.99,27.78
33.245,0.000,0.000,16.99,27.83
33.246,0.000,0.000,16.99,27.86
33.246,0.000,0.000,16.99,27.88
33.251,0.000,0.000,16.67,27.96
33.252,0.000,0.000,16.67,28.01
33.252,0.000,0.000,16.67,28.05
33.253,0.000,0.000,16.67,28.08
33.256,0.000,0.000,16.74,28.05
33.258,0.000,0.000,16.74,28.02
33.260,0.000,0.000,16.74,19.62
33.260,0.000,0.000,16.74,13.73
33.286,0.000,0.000,17.22,9.61
33.287,0.000,0.000,17.22,6.73
33.288,0.000,0.000,17.22,4.71
33.291,0.000,0.000,17.22,3.30
33.294,0.000,0.000,17.95,2.31
33.298,0.000,0.000,17.95,1.62
33.299,0.000,0.000,17.95,1.13
33.300,0.000,0.000,17.95,0.79
33.302,0.000,0.000,19.06,0.55
33.303,0.000,0.000,19.06,7.70
33.304,0.000,0.000,19.06,12.70
33.308,0.000,0.000,19.06,16.21
33.334,0.000,0.000,20.51,18.39
33.335,0.000,0.000,20.51,19.91
33.338,0.000,0.000,22.38,20.89
33.340,0.000,0.000,22.38,21.58
33.341,0.000,0.000,22.38,22.05
33.345,0.000,0.000,22.38,22.39
33.350,0.000,0.000,24.77,22.79
33.351,0.000,0.000,24.77,23.06
33.352,0.000,0.000,24.77,23.26
33.355,0.000,0.000,24.77,23.39
33.382,0.000,0.000,27.71,23.95
33.383,0.000,0.000,27.71,24.33
33.386,0.000,0.000,30.65,25.16
33.387,0.000,0.000,30.65,25.74
33.389,0.000,0.000,30.65,26.14
33.392,0.000,0.000,30.65,26.43
33.399,0.000,0.000,33.45,27.09
33.400,0.000,0.000,33.45,27.55
33.431,0.000,0.000,36.05,28.25
33.432,0.000,0.000,36.05,28.74
33.435,0.000,0.000,38.14,29.34
33.436,0.000,0.000,38.14,29.76
33.437,0.000,0.000,38.14,30.05
33.438,0.000,0.000,38.14,30.26
33.449,0.000,0.000,40.06,30.60
33.450,0.000,0.000,40.06,30.84
33.486,0.000,0.000,41.83,31.16
33.488,0.000,0.000,41.83,31.39
33.496,0.000,0.000,41.83,31.55
33.497,0.000,0.000,41.83,31.66
33.500,0.000,0.000,43.57,31.86
33.501,0.000,0.000,43.57,32.00
33.502,0.000,0.000,43.57,32.10
33.506,0.000,0.000,43.57,32.17
33.510,0.000,0.000,45.18,32.30
33.514,0.000,0.000,45.18,32.40
33.516,0.000,0.000,46.59,32.59
33.517,0.000,0.000,46.59,32.73
33.518,0.000,0.000,46.59,32.82
33.519,0.000,0.000,46.59,32.89
33.543,0.000,0.000,47.73,33.10
33.544,0.000,0.000,47.73,33.24
33.545,0.000,0.000,47.73,33.35
33.546,0.000,0.000,47.73,33.42
33.550,0.000,0.000,48.69,33.72
33.551,0.000,0.000,48.69,33.92
33.559,0.000,0.000,49.37,34.43
33.560,0.000,0.000,49.37,34.79
33.560,0.000,0.000,49.37,35.04
33.564,0.000,0.000,49.37,35.22
33.587,0.000,0.000,49.98,35.79
33.588,0.000,0.000,49.98,36.19
33.594,0.000,0.000,50.59,36.98
33.598,0.000,0.000,50.59,37.53
33.608,0.000,0.000,51.24,38.13
33.610,0.000,0.000,51.24,38.54
33.610,0.000,0.000,51.24,38.84
33.614,0.000,0.000,51.24,39.04
33.639,0.000,0.000,51.90,39.50
33.642,0.000,0.000,51.90,39.82
33.645,0.000,0.000,52.46,40.02
33.646,0.000,0.000,52.46,40.17
33.665,0.000,0.000,53.02,40.24
33.672,0.000,0.000,53.02,40.29
33.674,0.000,0.000,53.46,40.50
33.675,0.000,0.000,53.46,40.65
33.703,0.000,0.000,53.85,41.04
33.704,0.000,0.000,53.85,41.31
33.709,0.000,0.000,54.20,41.55
33.710,0.000,0.000,54.20,41.71
33.715,0.000,0.000,54.20,41.83
33.716,0.000,0.000,54.20,41.91
33.731,0.000,0.000,54.64,42.20
33.732,0.000,0.000,54.64,42.40
33.749,0.000,0.000,54.64,42.54
33.750,0.000,0.000,54.64,42.64
33.751,0.000,0.000,55.15,42.75
33.752,0.000,0.000,55.15,42.83
33.753,0.000,0.000,55.15,42.89
33.756,0.000,0.000,55.15,42.93
33.760,0.000,0.000,55.67,42.92
33.761,0.000,0.000,55.67,42.92
33.786,0.000,0.000,56.18,42.77
33.787,0.000,0.000,56.18,42.66
33.793,0.000,0.000,56.76,42.48
33.794,0.000,0.000,56.76,42.34
33.800,0.000,0.000,57.28,42.24
33.801,0.000,0.000,57.28,42.17
33.834,0.000,0.000,57.70,42.18
33.835,0.000,0.000,57.70,42.20
33.841,0.000,0.000,58.10,42.30
33.843,0.000,0.000,58.10,42.37
33.845,0.000,0.000,58.64,42.24
33.850,0.000,0.000,58.64,42.16
33.851,0.000,0.000,58.64,42.09
33.851,0.000,0.000,58.64,42.05
33.875,0.000,0.000,59.37,41.94
33.875,0.000,0.000,59.37,41.86
33.887,0.000,0.000,59.37,41.81
33.889,0.000,0.000,59.37,41.77
33.898,0.000,0.000,60.05,41.67
33.899,0.000,0.000,60.05,41.59
33.901,0.000,0.000,60.34,41.63
33.902,0.000,0.000,60.34,41.65
33.919,0.000,0.000,60.26,42.02
33.920,0.000,0.000,60.26,42.28
33.948,0.000,0.000,60.03,43.29
33.949,0.000,0.000,60.03,44.00
33.952,0.000,0.000,59.40,45.84
33.953,0.000,0.000,59.40,47.12
33.954,0.000,0.000,59.40,48.03
33.958,0.000,0.000,59.40,48.66
33.959,0.000,0.000,58.54,50.74
33.960,0.000,0.000,58.54,52.20
33.961,0.000,0.000,58.54,53.22
33.965,0.000,0.000,58.54,53.94
33.987,0.000,0.000,57.73,55.79
33.988,0.000,0.000,57.73,57.09
33.993,0.000,0.000,56.75,59.15
33.994,0.000,0.000,56.75,60.59
34.007,0.000,0.000,55.81,62.85
34.009,0.000,0.000,55.81,64.44
34.010,0.000,0.000,55.81,65.54
34.011,0.000,0.000,55.81,66.32
34.034,0.000,0.000,55.15,66.81
34.035,0.000,0.000,55.15,67.16
34.036,0.000,0.000,55.15,67.40
34.041,0.000,0.000,55.15,67.57
34.044,0.000,0.000,54.54,67.35
34.045,0.000,0.000,54.54,67.19
34.046,0.000,0.000,54.54,67.08
34.049,0.000,0.000,54.54,67.01
34.050,0.000,0.000,54.54,66.95
34.051,0.000,0.000,54.54,66.92
34.055,0.000,0.000,53.79,66.89
34.058,0.000,0.000,53.79,66.88
34.059,0.000,0.000,53.79,66.86
34.060,0.000,0.000,53.79,66.86
34.084,0.000,0.000,52.61,67.19
34.085,0.000,0.000,52.61,67.42
34.086,0.000,0.000,52.61,67.58
34.089,0.000,0.000,52.61,67.70
34.093,0.000,0.000,51.63,67.42
34.094,0.000,0.000,51.63,67.23
34.102,0.000,0.000,50.79,67.66
34.103,0.000,0.000,50.79,67.96
34.105,0.000,0.000,50.79,68.17
34.109,0.000,0.000,50.79,68.32
34.131,0.000,0.000,49.71,69.05
34.132,0.000,0.000,49.71,69.55
34.133,0.000,0.000,49.71,69.91
34.134,0.000,0.000,49.71,70.16
34.137,0.000,0.000,47.94,72.04
34.138,0.000,0.000,47.94,73.36
34.140,0.000,0.000,47.94,74.29
34.142,0.000,0.000,47.94,74.93
34.151,0.000,0.000,45.74,76.92
34.151,0.000,0.000,45.74,78.31
34.153,0.000,0.000,45.74,79.28
34.157,0.000,0.000,45.74,79.97
34.181,0.000,0.000,43.95,81.37
34.182,0.000,0.000,43.95,82.35
34.185,0.000,0.000,42.49,83.74
34.186,0.000,0.000,42.49,84.71
34.199,0.000,0.000,41.04,86.40
34.200,0.000,0.000,41.04,87.59
34.201,0.000,0.000,41.04,88.42
34.202,0.000,0.000,41.04,89.01
34.232,0.000,0.000,39.62,88.38
34.233,0.000,0.000,39.62,87.95
34.234,0.000,0.000,39.62,87.64
34.235,0.000,0.000,39.62,87.43
34.242,0.000,0.000,38.35,84.96
34.243,0.000,0.000,38.35,83.23
34.248,0.000,0.000,36.83,82.05
34.249,0.000,0.000,36.83,81.22
34.277,0.000,0.000,35.06,80.47
34.284,0.000,0.000,35.06,79.95
34.285,0.000,0.000,35.06,79.58
34.286,0.000,0.000,35.06,79.32
34.292,0.000,0.000,33.45,77.84
34.293,0.000,0.000,33.45,76.81
34.297,0.000,0.000,32.20,75.88
34.299,0.000,0.000,32.20,75.23
34.300,0.000,0.000,32.20,74.77
34.301,0.000,0.000,32.20,74.45
34.310,0.000,0.000,31.03,73.89
34.311,0.000,0.000,31.03,73.49
34.315,0.000,0.000,31.03,73.22
34.316,0.000,0.000,31.03,73.02
34.339,0.000,0.000,29.75,71.53
34.342,0.000,0.000,29.75,70.49
34.343,0.000,0.000,29.75,69.76
34.344,0.000,0.000,29.75,69.24
34.350,0.000,0.000,28.36,67.70
34.351,0.000,0.000,28.36,66.61
34.352,0.000,0.000,28.36,65.85
34.353,0.000,0.000,28.36,65.32
34.359,0.000,0.000,26.82,64.35
34.360,0.000,0.000,26.82,63.66
34.360,0.000,0.000,26.82,63.18
34.364,0.000,0.000,26.82,62.85
34.388,0.000,0.000,25.03,61.50
34.391,0.000,0.000,25.03,60.57
34.394,0.000,0.000,23.15,60.04
34.395,0.000,0.000,23.15,59.67
34.409,0.000,0.000,21.46,58.85
34.410,0.000,0.000,21.46,58.27
34.411,0.000,0.000,21.46,57.87
34.415,0.000,0.000,21.46,57.59
34.442,0.000,0.000,19.95,56.12
34.443,0.000,0.000,19.95,55.09
34.448,0.000,0.000,18.48,53.82
34.449,0.000,0.000,18.48,52.92
34.455,0.000,0.000,17.12,51.14
34.456,0.000,0.000,17.12,49.89
34.459,0.000,0.000,17.12,49.02
34.460,0.000,0.000,17.12,48.41
34.482,0.000,0.000,15.93,46.22
34.483,0.000,0.000,15.93,44.69
34.484,0.000,0.000,15.93,43.62
34.485,0.000,0.000,15.93,42.87
34.492,0.000,0.000,14.72,40.91
34.493,0.000,0.000,14.72,39.54
34.503,0.000,0.000,13.41,37.97
34.509,0.000,0.000,13.41,36.87
34.510,0.000,0.000,13.41,36.10
34.511,0.000,0.000,13.41,35.56
34.535,0.000,0.000,12.20,33.78
34.536,0.000,0.000,12.20,32.54
34.541,0.000,0.000,11.23,30.77
34.542,0.000,0.000,11.23,29.53
34.551,0.000,0.000,10.62,27.94
34.552,0.000,0.000,10.62,26.83
34.582,0.000,0.000,10.48,25.50
34.583,0.000,0.000,10.48,24.58
34.586,0.000,0.000,10.65,23.17
34.587,0.000,0.000,10.65,22.18
34.598,0.000,0.000,10.82,21.03
34.599,0.000,0.000,10.82,20.23
34.600,0.000,0.000,10.82,19.67
34.601,0.000,0.000,10.82,19.27
34.631,0.000,0.000,11.09,18.62
34.632,0.000,0.000,11.09,18.17
34.633,0.000,0.000,11.09,17.85
34.634,0.000,0.000,11.09,17.62
34.637,0.000,0.000,11.25,17.27
34.641,0.000,0.000,11.25,17.02
34.642,0.000,0.000,11.25,16.85
34.644,0.000,0.000,11.25,16.73
34.646,0.000,0.000,11.34,16.60
34.647,0.000,0.000,11.34,16.52
34.648,0.000,0.000,11.34,16.46
34.653,0.000,0.000,11.34,16.42
34.669,0.000,0.000,11.80,16.48
34.670,0.000,0.000,11.80,16.53
34.685,0.000,0.000,11.80,16.56
34.686,0.000,0.000,11.80,16.58
34.690,0.000,0.000,12.74,11.61
34.691,0.000,0.000,12.74,8.13
34.692,0.000,0.000,12.74,5.69
34.694,0.000,0.000,12.74,3.98
34.698,0.000,0.000,14.10,2.79
34.700,0.000,0.000,14.10,1.95
34.701,0.000,0.000,14.10,1.37
34.701,0.000,0.000,14.10,0.96
34.710,0.000,0.000,15.18,0.67
34.711,0.000,0.000,15.18,5.81
34.716,0.000,0.000,15.18,9.42
34.717,0.000,0.000,15.18,11.94
34.740,0.000,0.000,16.18,13.80
34.741,0.000,0.000,16.18,15.10
34.746,0.000,0.000,17.07,16.18
34.748,0.000,0.000,17.07,16.93
34.759,0.000,0.000,18.35,17.71
34.759,0.000,0.000,18.35,18.25
34.765,0.000,0.000,18.35,18.63
34.766,0.000,0.000,18.35,18.89
34.789,0.000,0.000,20.08,19.52
34.790,0.000,0.000,20.08,19.97
34.795,0.000,0.000,21.98,20.62
34.799,0.000,0.000,21.98,21.08
34.808,0.000,0.000,23.51,21.57
34.809,0.000,0.000,23.51,21.91
34.810,0.000,0.000,23.51,22.15
34.810,0.000,0.000,23.51,22.32
34.834,0.000,0.000,24.83,22.68
34.835,0.000,0.000,24.83,22.93
34.836,0.000,0.000,24.83,23.11
34.839,0.000,0.000,24.83,23.24
34.843,0.000,0.000,26.03,23.62
34.844,0.000,0.000,26.03,23.88
34.848,0.000,0.000,26.03,24.07
34.849,0.000,0.000,26.03,24.20
34.855,0.000,0.000,27.30,24.60
34.856,0.000,0.000,27.30,24.88
34.858,0.000,0.000,27.30,25.07
34.859,0.000,0.000,27.30,25.21
34.882,0.000,0.000,28.59,25.66
34.883,0.000,0.000,28.59,25.98
34.884,0.000,0.000,28.59,26.20
34.884,0.000,0.000,28.59,26.36
34.888,0.000,0.000,29.92,26.89
34.892,0.000,0.000,29.92,27.27
34.893,0.000,0.000,29.92,27.53
34.894,0.000,0.000,29.92,27.72
34.902,0.000,0.000,31.11,28.10
34.903,0.000,0.000,31.11,28.36
34.908,0.000,0.000,31.11,28.55
34.909,0.000,0.000,31.11,28.68
34.910,0.000,0.000,31.11,28.77
34.910,0.000,0.000,31.11,28.83
34.933,0.000,0.000,32.23,29.16
34.934,0.000,0.000,32.23,29.39
34.938,0.000,0.000,33.37,29.75
34.942,0.000,0.000,33.37,30.01
34.943,0.000,0.000,33.37,30.18
34.944,0.000,0.000,33.37,30.31
34.950,0.000,0.000,34.60,30.57
34.951,0.000,0.000,34.60,30.75
34.952,0.000,0.000,34.60,30.88
34.953,0.000,0.000,34.60,30.97
34.982,0.000,0.000,35.67,31.34
34.983,0.000,0.000,35.67,31.60
34.986,0.000,0.000,36.75,31.97
34.987,0.000,0.000,36.75,32.23
34.999,0.000,0.000,37.70,32.50
35.000,0.000,0.000,37.70,32.69
35.001,0.000,0.000,37.70,32.83
35.002,0.000,0.000,37.70,32.92
35.030,0.000,0.000,38.64,33.25
35.031,0.000,0.000,38.64,33.48
35.032,0.000,0.000,38.64,33.64
35.034,0.000,0.000,38.64,33.75
35.037,0.000,0.000,39.52,34.12
35.038,0.000,0.000,39.52,34.38
35.041,0.000,0.000,39.52,34.56
35.042,0.000,0.000,39.52,34.69
35.048,0.000,0.000,40.42,34.90
35.049,0.000,0.000,40.42,35.05
35.050,0.000,0.000,40.42,35.16
35.051,0.000,0.000,40.42,35.23
35.078,0.000,0.000,41.38,35.53
35.079,0.000,0.000,41.38,35.73
35.082,0.000,0.000,42.16,36.02
35.083,0.000,0.000,42.16,36.22
35.084,0.000,0.000,42.16,36.36
35.088,0.000,0.000,42.16,36.46
35.098,0.000,0.000,42.91,36.68
35.099,0.000,0.000,42.91,36.84
35.100,0.000,0.000,42.91,36.95
35.100,0.000,0.000,42.91,37.03
35.110,0.000,0.000,43.70,37.19
35.111,0.000,0.000,43.70,37.30
35.115,0.000,0.000,43.70,37.37
35.116,0.000,0.000,43.70,37.43
35.140,0.000,0.000,44.47,37.63
35.141,0.000,0.000,44.47,37.77
35.145,0.000,0.000,45.15,37.96
35.146,0.000,0.000,45.15,38.10
35.147,0.000,0.000,45.15,38.19
35.149,0.000,0.000,45.15,38.26
35.159,0.000,0.000,45.80,38.52
35.160,0.000,0.000,45.80,38.71
35.166,0.000,0.000,45.80,38.84
35.167,0.000,0.000,45.80,38.93
35.200,0.000,0.000,46.34,39.19
35.201,0.000,0.000,46.34,39.37
35.204,0.000,0.000,46.96,39.60
35.208,0.000,0.000,46.96,39.76
35.209,0.000,0.000,46.96,39.88
35.210,0.000,0.000,46.96,39.96
35.212,0.000,0.000,47.73,39.98
35.215,0.000,0.000,47.73,40.00
35.216,0.000,0.000,47.73,40.01
35.217,0.000,0.000,47.73,40.02
35.250,0.000,0.000,48.46,40.08
35.251,0.000,0.000,48.46,40.11
35.254,0.000,0.000,49.04,40.18
35.255,0.000,0.000,49.04,40.23
35.260,0.000,0.000,49.44,40.36
35.264,0.000,0.000,49.44,40.45
35.286,0.000,0.000,49.88,40.61
35.288,0.000,0.000,49.88,40.72
35.290,0.000,0.000,49.88,40.80
35.291,0.000,0.000,49.88,40.86
35.294,0.000,0.000,50.39,41.11
35.295,0.000,0.000,50.39,41.29
35.300,0.000,0.000,50.39,41.42
35.301,0.000,0.000,50.39,41.51
35.302,0.000,0.000,50.90,41.71
35.303,0.000,0.000,50.90,41.84
35.305,0.000,0.000,50.90,41.94
35.307,0.000,0.000,50.90,42.01
35.331,0.000,0.000,51.48,42.04
35.332,0.000,0.000,51.48,42.07
35.332,0.000,0.000,51.48,42.08
35.334,0.000,0.000,51.48,42.10
35.337,0.000,0.000,52.01,41.96
35.338,0.000,0.000,52.01,41.87
35.338,0.000,0.000,52.01,41.81
35.341,0.000,0.000,52.01,41.76
35.350,0.000,0.000,52.56,41.74
35.351,0.000,0.000,52.56,41.73
35.352,0.000,0.000,52.56,41.72
35.353,0.000,0.000,52.56,41.72
35.383,0.000,0.000,53.10,41.71
35.384,0.000,0.000,53.10,41.70
35.387,0.000,0.000,53.64,41.68
35.389,0.000,0.000,53.64,41.66
35.399,0.000,0.000,54.21,41.63
35.400,0.000,0.000,54.21,41.61
35.401,0.000,0.000,54.21,41.59
35.402,0.000,0.000,54.21,41.58
35.431,0.000,0.000,54.77,41.60
35.432,0.000,0.000,54.77,41.61
35.438,0.000,0.000,55.34,41.54
35.441,0.000,0.000,55.34,41.48
35.443,0.000,0.000,55.34,41.45
35.444,0.000,0.000,55.34,41.42
35.450,0.000,0.000,55.86,41.41
35.451,0.000,0.000,55.86,41.40
35.451,0.000,0.000,55.86,41.39
35.452,0.000,0.000,55.86,41.39
35.481,0.000,0.000,56.28,41.47
35.487,0.000,0.000,56.28,41.53
35.488,0.000,0.000,56.28,41.56
35.492,0.000,0.000,56.28,41.59
35.494,0.000,0.000,56.64,41.82
35.495,0.000,0.000,56.64,41.99
35.500,0.000,0.000,56.93,42.23
35.501,0.000,0.000,56.93,42.40
35.502,0.000,0.000,56.93,42.52
35.503,0.000,0.000,56.93,42.60
35.510,0.000,0.000,57.19,43.00
35.512,0.000,0.000,57.19,43.28
35.515,0.000,0.000,57.19,43.48
35.516,0.000,0.000,57.19,43.61
35.539,0.000,0.000,57.44,43.93
35.541,0.000,0.000,57.44,44.15
35.542,0.000,0.000,57.44,44.30
35.543,0.000,0.000,57.44,44.41
35.549,0.000,0.000,57.66,44.67
35.550,0.000,0.000,57.66,44.85
35.550,0.000,0.000,57.66,44.97
35.551,0.000,0.000,57.66,45.06
35.558,0.000,0.000,57.75,45.34
35.559,0.000,0.000,57.75,45.53
35.570,0.000,0.000,57.75,45.67
35.570,0.000,0.000,57.75,45.76
35.589,0.000,0.000,57.59,46.29
35.590,0.000,0.000,57.59,46.67
35.594,0.000,0.000,57.50,47.27
35.595,0.000,0.000,57.50,47.70
35.599,0.000,0.000,57.50,47.99
35.600,0.000,0.000,57.50,48.20
35.608,0.000,0.000,57.37,48.73
35.609,0.000,0.000,57.37,49.10
35.610,0.000,0.000,57.37,49.35
35.610,0.000,0.000,57.37,49.53
35.634,0.000,0.000,56.83,50.45
35.635,0.000,0.000,56.83,51.09
35.639,0.000,0.000,55.90,52.80
35.642,0.000,0.000,55.90,53.99
35.643,0.000,0.000,55.90,54.82
35.644,0.000,0.000,55.90,55.40
35.654,0.000,0.000,54.92,56.92
35.658,0.000,0.000,54.92,57.98
35.659,0.000,0.000,54.92,58.73
35.660,0.000,0.000,54.92,59.25
35.684,0.000,0.000,53.73,60.85
35.685,0.000,0.000,53.73,61.97
35.689,0.000,0.000,52.14,65.62
35.690,0.000,0.000,52.14,68.17
35.693,0.000,0.000,52.14,69.96
35.694,0.000,0.000,52.14,71.21
35.702,0.000,0.000,50.15,74.76
35.703,0.000,0.000,50.15,77.24
35.704,0.000,0.000,50.15,78.97
35.705,0.000,0.000,50.15,80.19
35.732,0.000,0.000,48.39,82.15
35.732,0.000,0.000,48.39,83.52
35.736,0.000,0.000,46.78,85.77
35.737,0.000,0.000,46.78,87.35
35.738,0.000,0.000,46.78,88.45
35.739,0.000,0.000,46.78,89.22
35.751,0.000,0.000,45.18,90.75
35.752,0.000,0.000,45.18,91.82
35.753,0.000,0.000,45.18,92.57
35.754,0.000,0.000,45.18,93.10
35.781,0.000,0.000,43.53,92.15
35.782,0.000,0.000,43.53,91.50
35.784,0.000,0.000,41.99,90.37
35.785,0.000,0.000,41.99,89.58
35.786,0.000,0.000,41.99,89.03
35.787,0.000,0.000,41.99,88.64
35.803,0.000,0.000,40.53,87.83
35.805,0.000,0.000,40.53,87.26
35.808,0.000,0.000,40.53,86.86
35.809,0.000,0.000,40.53,86.58
35.834,0.000,0.000,39.07,85.45
35.835,0.000,0.000,39.07,84.65
35.836,0.000,0.000,39.07,84.09
35.837,0.000,0.000,39.07,83.70
35.839,0.000,0.000,37.65,82.53
35.843,0.000,0.000,37.65,81.71
35.849,0.000,0.000,36.30,80.68
35.850,0.000,0.000,36.30,79.97
35.882,0.000,0.000,35.09,77.80
35.883,0.000,0.000,35.09,76.28
35.886,0.000,0.000,33.90,74.59
35.891,0.000,0.000,33.90,73.41
35.892,0.000,0.000,33.90,72.59
35.893,0.000,0.000,33.90,72.01
35.894,0.000,0.000,32.49,71.03
35.898,0.000,0.000,32.49,70.34
35.899,0.000,0.000,32.49,69.86
35.900,0.000,0.000,32.49,69.53
35.910,0.000,0.000,30.62,69.51
35.911,0.000,0.000,30.62,69.49
35.914,0.000,0.000,30.62,69.48
35.915,0.000,0.000,30.62,69.48
35.940,0.000,0.000,28.40,68.98
35.941,0.000,0.000,28.40,68.64
35.944,0.000,0.000,26.43,69.04
35.947,0.000,0.000,26.43,69.31
35.959,0.000,0.000,24.85,68.96
35.960,0.000,0.000,24.85,68.71
35.964,0.000,0.000,24.85,68.53
35.965,0.000,0.000,24.85,68.41
35.990,0.000,0.000,23.49,67.07
35.993,0.000,0.000,23.49,66.13
35.996,0.000,0.000,22.12,63.93
35.997,0.000,0.000,22.12,62.40
36.008,0.000,0.000,20.43,60.25
36.009,0.000,0.000,20.43,58.74
36.010,0.000,0.000,20.43,57.68
36.010,0.000,0.000,20.43,56.95
36.034,0.000,0.000,18.39,54.68
36.035,0.000,0.000,18.39,53.09
36.036,0.000,0.000,18.39,51.98
36.037,0.000,0.000,18.39,51.21
36.042,0.000,0.000,16.42,49.60
36.044,0.000,0.000,16.42,48.48
36.045,0.000,0.000,16.42,47.70
36.046,0.000,0.000,16.42,47.15
36.058,0.000,0.000,15.14,45.86
36.059,0.000,0.000,15.14,44.96
36.084,0.000,0.000,14.37,43.12
36.085,0.000,0.000,14.37,41.83
36.086,0.000,0.000,14.37,40.92
36.088,0.000,0.000,14.37,40.29
36.093,0.000,0.000,13.76,38.36
36.094,0.000,0.000,13.76,37.01
36.102,0.000,0.000,12.95,34.76
36.103,0.000,0.000,12.95,33.19
36.105,0.000,0.000,12.95,32.09
36.108,0.000,0.000,12.95,31.31
36.133,0.000,0.000,11.90,29.46
36.134,0.000,0.000,11.90,28.15
36.138,0.000,0.000,10.71,26.58
36.142,0.000,0.000,10.71,25.47
36.144,0.000,0.000,10.71,24.70
36.145,0.000,0.000,10.71,24.15
36.150,0.000,0.000,9.80,23.26
36.151,0.000,0.000,9.80,22.63
36.152,0.000,0.000,9.80,22.19
36.153,0.000,0.000,9.80,21.89
36.182,0.000,0.000,9.20,21.29
36.182,0.000,0.000,9.20,20.87
36.186,0.000,0.000,8.78,20.10
36.187,0.000,0.000,8.78,19.56
36.188,0.000,0.000,8.78,19.18
36.189,0.000,0.000,8.78,18.91
36.200,0.000,0.000,8.60,18.34
36.201,0.000,0.000,8.60,17.93
36.202,0.000,0.000,8.60,17.65
36.203,0.000,0.000,8.60,17.45
36.236,0.000,0.000,8.47,16.80
36.238,0.000,0.000,8.47,16.34
36.241,0.000,0.000,8.39,15.73
36.242,0.000,0.000,8.39,15.31
36.248,0.000,0.000,8.39,15.01
36.249,0.000,0.000,8.39,14.80
36.250,0.000,0.000,8.52,14.51
36.251,0.000,0.000,8.52,14.30
36.282,0.000,0.000,8.74,14.08
36.283,0.000,0.000,8.74,13.93
36.286,0.000,0.000,8.93,13.79
36.288,0.000,0.000,8.93,13.69
36.289,0.000,0.000,8.93,13.63
36.292,0.000,0.000,8.93,13.58
36.297,0.000,0.000,9.36,13.59
36.300,0.000,0.000,9.36,13.60
36.310,0.000,0.000,10.11,13.64
36.311,0.000,0.000,10.11,13.66
36.315,0.000,0.000,10.11,13.68
36.316,0.000,0.000,10.11,13.69
36.336,0.000,0.000,10.99,13.84
36.337,0.000,0.000,10.99,13.95
36.339,0.000,0.000,10.99,9.76
36.342,0.000,0.000,10.99,6.83
36.348,0.000,0.000,12.10,4.78
36.349,0.000,0.000,12.10,3.35
36.350,0.000,0.000,12.10,2.34
36.351,0.000,0.000,12.10,1.64
36.359,0.000,0.000,13.41,1.15
36.360,0.000,0.000,13.41,0.80
36.386,0.000,0.000,14.98,0.56
36.387,0.000,0.000,14.98,5.29
36.393,0.000,0.000,16.65,8.88
36.394,0.000,0.000,16.65,11.39
36.398,0.000,0.000,16.65,13.16
36.399,0.000,0.000,16.65,14.39
36.407,0.000,0.000,18.23,15.59
36.409,0.000,0.000,18.23,16.43
36.410,0.000,0.000,18.23,17.01
36.410,0.000,0.000,18.23,17.42
36.437,0.000,0.000,19.56,18.02
36.439,0.000,0.000,19.56,18.44
36.441,0.000,0.000,19.56,18.73
36.443,0.000,0.000,19.56,18.94
36.448,0.000,0.000,20.72,19.44
36.449,0.000,0.000,20.72,19.79
36.456,0.000,0.000,21.98,20.29
36.458,0.000,0.000,21.98,20.64
36.459,0.000,0.000,21.98,20.88
36.460,0.000,0.000,21.98,21.05
36.482,0.000,0.000,23.59,21.62
36.483,0.000,0.000,23.59,22.02
36.484,0.000,0.000,23.59,22.30
36.485,0.000,0.000,23.59,22.49
36.492,0.000,0.000,25.05,22.98
36.494,0.000,0.000,25.05,23.33
36.498,0.000,0.000,25.05,23.57
36.499,0.000,0.000,25.05,23.74
36.502,0.000,0.000,26.62,24.18
36.505,0.000,0.000,26.62,24.49
36.508,0.000,0.000,26.62,24.71
36.509,0.000,0.000,26.62,24.86
36.531,0.000,0.000,28.17,25.17
36.532,0.000,0.000,28.17,25.39
36.534,0.000,0.000,28.17,25.54
36.535,0.000,0.000,28.17,25.65
36.537,0.000,0.000,29.51,26.08
36.542,0.000,0.000,29.51,26.37
36.550,0.000,0.000,30.62,26.88
36.551,0.000,0.000,30.62,27.24
36.557,0.000,0.000,30.62,27.48
36.558,0.000,0.000,30.62,27.66
36.582,0.000,0.000,31.85,28.10
36.583,0.000,0.000,31.85,28.42
36.586,0.000,0.000,33.06,28.86
36.587,0.000,0.000,33.06,29.17
36.588,0.000,0.000,33.06,29.39
36.589,0.000,0.000,33.06,29.55
36.600,0.000,0.000,34.26,29.96
36.601,0.000,0.000,34.26,30.26
36.602,0.000,0.000,34.26,30.46
36.602,0.000,0.000,34.26,30.61
36.635,0.000,0.000,35.33,30.95
36.636,0.000,0.000,35.33,31.19
36.639,0.000,0.000,36.47,31.52
36.642,0.000,0.000,36.47,31.76
36.644,0.000,0.000,36.47,31.93
36.648,0.000,0.000,36.47,32.04
36.649,0.000,0.000,37.69,32.24
36.650,0.000,0.000,37.69,32.38
36.682,0.000,0.000,38.61,32.77
36.683,0.000,0.000,38.61,33.04
36.684,0.000,0.000,38.61,33.23
36.685,0.000,0.000,38.61,33.37
36.688,0.000,0.000,39.40,33.74
36.689,0.000,0.000,39.40,34.01
36.693,0.000,0.000,39.40,34.19
36.694,0.000,0.000,39.40,34.32
36.697,0.000,0.000,40.41,34.53
36.698,0.000,0.000,40.41,34.67
36.700,0.000,0.000,40.41,34.78
36.701,0.000,0.000,40.41,34.85
36.710,0.000,0.000,41.69,34.97
36.711,0.000,0.000,41.69,35.05
36.715,0.000,0.000,41.69,35.11
36.716,0.000,0.000,41.69,35.15
36.742,0.000,0.000,42.86,35.30
36.743,0.000,0.000,42.86,35.40
36.748,0.000,0.000,43.82,35.52
36.749,0.000,0.000,43.82,35.60
36.750,0.000,0.000,43.82,35.65
36.752,0.000,0.000,43.82,35.69
36.758,0.000,0.000,44.83,35.69
36.759,0.000,0.000,44.83,35.69
36.760,0.000,0.000,44.83,35.68
36.761,0.000,0.000,44.83,35.68
36.798,0.000,0.000,45.86,35.76
36.799,0.000,0.000,45.86,35.82
36.802,0.000,0.000,46.78,36.06
36.803,0.000,0.000,46.78,36.23
36.807,0.000,0.000,47.67,36.47
36.809,0.000,0.000,47.67,36.64
36.832,0.000,0.000,48.54,36.93
36.832,0.000,0.000,48.54,37.13
36.838,0.000,0.000,49.25,37.31
36.839,0.000,0.000,49.25,37.43
36.842,0.000,0.000,49.25,37.51
36.844,0.000,0.000,49.25,37.57
36.856,0.000,0.000,49.86,37.82
36.858,0.000,0.000,49.86,37.99
36.859,0.000,0.000,49.86,38.11
36.859,0.000,0.000,49.86,38.20
36.883,0.000,0.000,50.26,38.61
36.884,0.000,0.000,50.26,38.90
36.885,0.000,0.000,50.26,39.10
36.886,0.000,0.000,50.26,39.24
36.889,0.000,0.000,50.67,39.71
36.892,0.000,0.000,50.67,40.04
36.902,0.000,0.000,51.17,40.41
36.903,0.000,0.000,51.17,40.67
36.904,0.000,0.000,51.17,40.85
36.905,0.000,0.000,51.17,40.98
36.932,0.000,0.000,51.80,41.34
36.933,0.000,0.000,51.80,41.59
36.936,0.000,0.000,52.46,41.74
36.938,0.000,0.000,52.46,41.84
36.950,0.000,0.000,52.69,42.02
36.951,0.000,0.000,52.69,42.15
36.953,0.000,0.000,52.69,42.24
36.954,0.000,0.000,52.69,42.30
36.984,0.000,0.000,52.81,42.56
36.985,0.000,0.000,52.81,42.74
36.988,0.000,0.000,52.84,43.31
36.989,0.000,0.000,52.84,43.71
36.999,0.000,0.000,52.53,44.83
36.999,0.000,0.000,52.53,45.61
37.000,0.000,0.000,52.53,46.16
37.001,0.000,0.000,52.53,46.54
37.031,0.000,0.000,51.78,48.23
37.032,0.000,0.000,51.78,49.41
37.039,0.000,0.000,50.68,51.69
37.042,0.000,0.000,50.68,53.29
37.048,0.000,0.000,49.53,56.47
37.049,0.000,0.000,49.53,58.69
37.050,0.000,0.000,49.53,60.25
37.051,0.000,0.000,49.53,61.34
37.082,0.000,0.000,48.36,63.72
37.083,0.000,0.000,48.36,65.39
37.085,0.000,0.000,47.01,68.08
37.086,0.000,0.000,47.01,69.96
37.094,0.000,0.000,45.56,72.65
37.095,0.000,0.000,45.56,74.53
37.096,0.000,0.000,45.56,75.85
37.100,0.000,0.000,45.56,76.77
37.131,0.000,0.000,44.25,77.46
37.132,0.000,0.000,44.25,77.95
37.133,0.000,0.000,43.08,77.90
37.134,0.000,0.000,43.08,77.86
37.142,0.000,0.000,41.86,78.00
37.143,0.000,0.000,41.86,78.10
37.148,0.000,0.000,41.86,78.16
37.149,0.000,0.000,41.86,78.21
37.158,0.000,0.000,40.78,77.62
37.159,0.000,0.000,40.78,77.21
37.160,0.000,0.000,40.78,76.92
37.164,0.000,0.000,40.78,76.72
37.186,0.000,0.000,39.75,75.23
37.188,0.000,0.000,39.75,74.19
37.193,0.000,0.000,38.67,73.39
37.194,0.000,0.000,38.67,72.83
37.198,0.000,0.000,38.67,72.43
37.199,0.000,0.000,38.67,72.16
37.208,0.000,0.000,37.62,71.28
37.209,0.000,0.000,37.62,70.67
37.210,0.000,0.000,37.62,70.24
37.211,0.000,0.000,37.62,69.94
37.235,0.000,0.000,36.54,69.07
37.236,0.000,0.000,36.54,68.47
37.237,0.000,0.000,36.54,68.04
37.241,0.000,0.000,36.54,67.75
37.244,0.000,0.000,35.62,66.96
37.245,0.000,0.000,35.62,66.40
37.254,0.000,0.000,34.67,65.90
37.258,0.000,0.000,34.67,65.55
37.259,0.000,0.000,34.67,65.31
37.260,0.000,0.000,34.67,65.13
37.287,0.000,0.000,33.71,64.24
37.290,0.000,0.000,33.71,63.61
37.294,0.000,0.000,32.59,62.93
37.298,0.000,0.000,32.59,62.45
37.302,0.000,0.000,31.37,61.96
37.303,0.000,0.000,31.37,61.61
37.306,0.000,0.000,31.37,61.37
37.308,0.000,0.000,31.37,61.20
37.332,0.000,0.000,30.17,60.88
37.333,0.000,0.000,30.17,60.65
37.336,0.000,0.000,29.03,60.13
37.337,0.000,0.000,29.03,59.76
37.350,0.000,0.000,27.85,59.58
37.351,0.000,0.000,27.85,59.46
37.352,0.000,0.000,27.85,59.37
37.353,0.000,0.000,27.85,59.31
37.385,0.000,0.000,26.58,58.53
37.386,0.000,0.000,26.58,57.99
37.389,0.000,0.000,25.31,57.18
37.390,0.000,0.000,25.31,56.62
37.400,0.000,0.000,24.23,55.65
37.401,0.000,0.000,24.23,54.97
37.431,0.000,0.000,23.16,54.02
37.432,0.000,0.000,23.16,53.36
37.433,0.000,0.000,23.16,52.89
37.434,0.000,0.000,23.16,52.57
37.441,0.000,0.000,21.79,51.57
37.443,0.000,0.000,21.79,50.87
37.444,0.000,0.000,21.79,50.38
37.445,0.000,0.000,21.79,50.04
37.450,0.000,0.000,19.90,49.54
37.451,0.000,0.000,19.90,49.19
37.477,0.000,0.000,17.98,48.21
37.485,0.000,0.000,17.98,47.53
37.486,0.000,0.000,17.98,47.05
37.487,0.000,0.000,17.98,46.72
37.492,0.000,0.000,16.41,45.42
37.493,0.000,0.000,16.41,44.52
37.494,0.000,0.000,15.09,43.84
37.495,0.000,0.000,15.09,43.36
37.499,0.000,0.000,15.09,43.03
37.500,0.000,0.000,15.09,42.79
37.510,0.000,0.000,13.94,41.58
37.511,0.000,0.000,13.94,40.73
37.515,0.000,0.000,13.94,40.14
37.516,0.000,0.000,13.94,39.72
37.540,0.000,0.000,12.86,37.95
37.541,0.000,0.000,12.86,36.70
37.545,0.000,0.000,11.75,34.46
37.546,0.000,0.000,11.75,32.90
37.559,0.000,0.000,10.59,31.01
37.559,0.000,0.000,10.59,29.69
37.582,0.000,0.000,9.38,27.34
37.583,0.000,0.000,9.38,25.70
37.591,0.000,0.000,8.33,23.82
37.592,0.000,0.000,8.33,22.51
37.593,0.000,0.000,8.33,21.59
37.594,0.000,0.000,8.33,20.94
37.610,0.000,0.000,7.60,19.88
37.615,0.000,0.000,7.60,19.14
37.617,0.000,0.000,7.60,18.62
37.618,0.000,0.000,7.60,18.26
37.651,0.000,0.000,6.89,17.34
37.652,0.000,0.000,6.89,16.70
37.654,0.000,0.000,6.03,15.59
37.661,0.000,0.000,6.03,14.81
37.662,0.000,0.000,5.03,13.61
37.666,0.000,0.000,5.03,12.76
37.694,0.000,0.000,4.00,11.52
37.695,0.000,0.000,4.00,10.65
37.696,0.000,0.000,4.00,10.05
37.700,0.000,0.000,4.00,9.62
37.702,0.000,0.000,3.01,8.71
37.703,0.000,0.000,3.01,8.07
37.707,0.000,0.000,2.28,7.17
37.710,0.000,0.000,2.28,6.53
37.711,0.000,0.000,2.28,6.09
37.715,0.000,0.000,2.28,5.78
37.736,0.000,0.000,1.68,5.14
37.744,0.000,0.000,1.68,4.70
37.745,0.000,0.000,1.68,4.38
37.748,0.000,0.000,1.68,4.16
37.750,0.000,0.000,1.31,3.73
37.751,0.000,0.000,1.31,3.42
37.756,0.000,0.000,1.22,3.09
37.758,0.000,0.000,1.22,2.86
37.759,0.000,0.000,1.22,2.70
37.760,0.000,0.000,1.22,2.58
37.785,0.000,0.000,1.23,2.47
37.786,0.000,0.000,1.23,2.39
37.787,0.000,0.000,1.23,2.33
37.790,0.000,0.000,1.23,2.29
37.797,0.000,0.000,1.09,2.16
37.798,0.000,0.000,1.09,2.06
37.800,0.000,0.000,0.96,1.92
37.800,0.000,0.000,0.96,1.81
37.801,0.000,0.000,0.96,1.74
37.802,0.000,0.000,0.96,1.69
37.831,0.000,0.000,1.17,1.74
37.832,0.000,0.000,1.17,1.78
37.835,0.000,0.000,1.92,2.09
37.836,0.000,0.000,1.92,2.30
37.837,0.000,0.000,1.92,2.46
37.841,0.000,0.000,1.92,2.56
37.848,0.000,0.000,3.39,3.16
37.849,0.000,0.000,3.39,3.58
37.873,0.000,0.000,5.16,4.34
37.875,0.000,0.000,5.16,4.87
37.893,0.000,0.000,5.16,5.24
37.898,0.000,0.000,5.16,5.50
37.899,0.000,0.000,6.43,6.01
37.900,0.000,0.000,6.43,6.37
37.903,0.000,0.000,7.47,4.46
37.905,0.000,0.000,7.47,3.12
37.910,0.000,0.000,8.76,2.19
37.911,0.000,0.000,8.76,1.53
37.932,0.000,0.000,8.76,1.07
37.933,0.000,0.000,8.76,0.75
37.952,0.000,0.000,10.81,0.52
37.952,0.000,0.000,10.81,0.37
37.953,0.000,0.000,10.81,0.26
37.956,0.000,0.000,10.81,0.18
37.957,0.000,0.000,13.58,0.13
37.960,0.000,0.000,13.58,0.09
37.961,0.000,0.000,13.58,0.06
37.962,0.000,0.000,13.58,0.04
37.967,0.000,0.000,16.30,4.88
37.968,0.000,0.000,16.30,8.27
37.970,0.000,0.000,16.30,10.64
37.972,0.000,0.000,16.30,12.30
37.985,0.000,0.000,18.17,13.96
37.986,0.000,0.000,18.17,15.12
38.009,0.000,0.000,19.57,16.29
38.010,0.000,0.000,19.57,17.12
38.015,0.000,0.000,20.74,17.99
38.016,0.000,0.000,20.74,18.59
38.017,0.000,0.000,20.74,19.02
38.018,0.000,0.000,20.74,19.32
38.043,0.000,0.000,21.93,19.86
38.044,0.000,0.000,21.93,20.24
38.050,0.000,0.000,21.93,20.50
38.051,0.000,0.000,21.93,20.69
38.052,0.000,0.000,23.33,21.38
38.054,0.000,0.000,23.33,21.86
38.060,0.000,0.000,25.16,22.53
38.061,0.000,0.000,25.16,23.00
38.065,0.000,0.000,25.16,23.33
38.066,0.000,0.000,25.16,23.56
38.068,0.000,0.000,25.16,23.73
38.068,0.000,0.000,25.16,23.84
38.082,0.000,0.000,27.35,24.25
38.083,0.000,0.000,27.35,24.54
38.098,0.000,0.000,27.35,24.74
38.099,0.000,0.000,27.35,24.88
38.100,0.000,0.000,29.17,25.32
38.101,0.000,0.000,29.17,25.64
38.107,0.000,0.000,30.69,26.10
38.108,0.000,0.000,30.69,26.42
38.109,0.000,0.000,30.69,26.64
38.110,0.000,0.000,30.69,26.80
38.132,0.000,0.000,32.00,27.14
38.133,0.000,0.000,32.00,27.37
38.136,0.000,0.000,32.95,27.86
38.139,0.000,0.000,32.95,28.20
38.152,0.000,0.000,33.89,28.84
38.153,0.000,0.000,33.89,29.29
38.155,0.000,0.000,33.89,29.60
38.160,0.000,0.000,33.89,29.82
38.185,0.000,0.000,35.02,30.40
38.186,0.000,0.000,35.02,30.81
38.190,0.000,0.000,36.44,31.37
38.193,0.000,0.000,36.44,31.76
38.198,0.000,0.000,37.55,32.10
38.202,0.000,0.000,37.55,32.34
38.203,0.000,0.000,37.55,32.51
38.206,0.000,0.000,37.55,32.62
38.232,0.000,0.000,38.07,32.95
38.233,0.000,0.000,38.07,33.17
38.237,0.000,0.000,38.69,33.63
38.238,0.000,0.000,38.69,33.96
38.246,0.000,0.000,39.48,34.26
38.247,0.000,0.000,39.48,34.47
38.253,0.000,0.000,39.48,34.62
38.255,0.000,0.000,39.48,34.72
38.277,0.000,0.000,40.35,35.26
38.278,0.000,0.000,40.35,35.64
38.284,0.000,0.000,40.35,35.90
38.285,0.000,0.000,40.35,36.08
38.287,0.000,0.000,41.25,36.72
38.288,0.000,0.000,41.25,37.16
38.298,0.000,0.000,42.15,37.09
38.299,0.000,0.000,42.15,37.04
38.300,0.000,0.000,42.15,37.00
38.301,0.000,0.000,42.15,36.98
38.311,0.000,0.000,43.11,36.82
38.312,0.000,0.000,43.11,36.70
38.326,0.000,0.000,43.11,36.62
38.327,0.000,0.000,43.11,36.57
38.344,0.000,0.000,43.88,36.67
38.348,0.000,0.000,43.88,36.74
38.349,0.000,0.000,43.88,36.79
38.350,0.000,0.000,43.88,36.83
38.353,0.000,0.000,44.58,37.03
38.358,0.000,0.000,44.58,37.18
38.359,0.000,0.000,45.23,37.28
38.360,0.000,0.000,45.23,37.35
38.364,0.000,0.000,45.23,37.40
38.365,0.000,0.000,45.23,37.43
38.392,0.000,0.000,45.91,37.85
38.393,0.000,0.000,45.91,38.14
38.394,0.000,0.000,45.91,38.34
38.398,0.000,0.000,45.91,38.48
38.401,0.000,0.000,46.75,38.74
38.402,0.000,0.000,46.75,38.93
38.407,0.000,0.000,47.77,38.87
38.408,0.000,0.000,47.77,38.84
38.411,0.000,0.000,47.77,38.81
38.415,0.000,0.000,47.77,38.79
38.441,0.000,0.000,48.75,38.57
38.442,0.000,0.000,48.75,38.42
38.443,0.000,0.000,48.75,38.31
38.444,0.000,0.000,48.75,38.23
38.447,0.000,0.000,49.72,38.15
38.450,0.000,0.000,49.72,38.09
38.455,0.000,0.000,50.41,37.97
38.456,0.000,0.000,50.41,37.89
38.459,0.000,0.000,50.41,37.84
38.460,0.000,0.000,50.41,37.80
38.486,0.000,0.000,50.76,38.08
38.487,0.000,0.000,50.76,38.27
38.490,0.000,0.000,50.81,39.09
38.492,0.000,0.000,50.81,39.65
38.494,0.000,0.000,50.81,40.05
38.498,0.000,0.000,50.81,40.33
38.502,0.000,0.000,50.87,41.25
38.503,0.000,0.000,50.87,41.90
38.506,0.000,0.000,50.87,42.35
38.508,0.000,0.000,50.87,42.66
38.531,0.000,0.000,51.06,43.44
38.532,0.000,0.000,51.06,43.98
38.535,0.000,0.000,51.31,44.88
38.536,0.000,0.000,51.31,45.51
38.550,0.000,0.000,51.09,46.45
38.551,0.000,0.000,51.09,47.11
38.552,0.000,0.000,51.09,47.57
38.553,0.000,0.000,51.09,47.89
38.582,0.000,0.000,50.13,49.22
38.583,0.000,0.000,50.13,50.15
38.588,0.000,0.000,50.13,50.81
38.589,0.000,0.000,50.13,51.26
38.591,0.000,0.000,48.42,53.71
38.592,0.000,0.000,48.42,55.42
38.599,0.000,0.000,48.42,56.61
38.600,0.000,0.000,48.42,57.45
38.600,0.000,0.000,45.89,61.67
38.601,0.000,0.000,45.89,64.63
38.630,0.000,0.000,43.33,71.38
38.631,0.000,0.000,43.33,76.11
38.632,0.000,0.000,43.33,79.41
38.634,0.000,0.000,43.33,81.73
38.638,0.000,0.000,41.36,86.11
38.639,0.000,0.000,41.36,89.18
38.640,0.000,0.000,41.36,91.33
38.644,0.000,0.000,41.36,92.83
38.648,0.000,0.000,41.36,93.89
38.649,0.000,0.000,41.36,94.62
38.650,0.000,0.000,39.49,94.61
38.651,0.000,0.000,39.49,94.61
38.652,0.000,0.000,39.49,94.60
38.653,0.000,0.000,39.49,94.60
38.672,0.000,0.000,37.29,93.86
38.673,0.000,0.000,37.29,93.34
38.698,0.000,0.000,37.29,92.98
38.699,0.000,0.000,37.29,92.72
38.700,0.000,0.000,34.50,91.42
38.701,0.000,0.000,34.50,90.51
38.707,0.000,0.000,31.34,88.35
38.709,0.000,0.000,31.34,86.84
38.710,0.000,0.000,31.34,85.78
38.711,0.000,0.000,31.34,85.04
38.715,0.000,0.000,28.22,82.77
38.717,0.000,0.000,28.22,81.19
38.718,0.000,0.000,28.22,80.08
38.718,0.000,0.000,28.22,79.30
38.752,0.000,0.000,25.75,77.22
38.753,0.000,0.000,25.75,75.76
38.765,0.000,0.000,23.85,73.47
38.766,0.000,0.000,23.85,71.86
38.767,0.000,0.000,22.29,69.64
38.768,0.000,0.000,22.29,68.08
38.801,0.000,0.000,20.94,66.00
38.802,0.000,0.000,20.94,64.54
38.803,0.000,0.000,20.94,63.52
38.804,0.000,0.000,20.94,62.81
38.807,0.000,0.000,19.58,59.82
38.810,0.000,0.000,19.58,57.73
38.814,0.000,0.000,17.74,54.43
38.816,0.000,0.000,17.74,52.11
38.837,0.000,0.000,16.10,49.08
38.838,0.000,0.000,16.10,46.95
38.843,0.000,0.000,14.98,44.26
38.844,0.000,0.000,14.98,42.37
38.854,0.000,0.000,14.04,40.24
38.858,0.000,0.000,14.04,38.74
38.859,0.000,0.000,14.04,37.69
38.860,0.000,0.000,14.04,36.96
38.884,0.000,0.000,13.16,35.54
38.885,0.000,0.000,13.16,34.54
38.891,0.000,0.000,12.15,32.67
38.892,0.000,0.000,12.15,31.36
38.893,0.000,0.000,12.15,30.44
38.894,0.000,0.000,12.15,29.80
38.902,0.000,0.000,10.82,28.34
38.903,0.000,0.000,10.82,27.32
38.908,0.000,0.000,10.82,26.61
38.909,0.000,0.000,10.82,26.11
38.942,0.000,0.000,8.93,24.84
38.943,0.000,0.000,8.93,23.95
38.944,0.000,0.000,8.93,23.32
38.948,0.000,0.000,8.93,22.89
38.952,0.000,0.000,7.11,21.42
38.953,0.000,0.000,7.11,20.39
38.958,0.000,0.000,6.04,19.03
38.959,0.000,0.000,6.04,18.07
38.961,0.000,0.000,6.04,17.41
38.965,0.000,0.000,6.04,16.94
38.978,0.000,0.000,5.18,15.86
38.982,0.000,0.000,5.18,15.11
38.998,0.000,0.000,5.18,14.58
38.999,0.000,0.000,5.18,14.21
39.000,0.000,0.000,4.31,13.18
39.001,0.000,0.000,4.31,12.46
39.002,0.000,0.000,4.31,11.95
39.003,0.000,0.000,4.31,11.60
39.008,0.000,0.000,3.48,10.55
39.009,0.000,0.000,3.48,9.82
39.010,0.000,0.000,3.48,9.30
39.010,0.000,0.000,3.48,8.94
39.035,0.000,0.000,2.63,7.99
39.036,0.000,0.000,2.63,7.33
39.039,0.000,0.000,2.63,6.86
39.041,0.000,0.000,2.63,6.53
39.043,0.000,0.000,1.72,5.67
39.048,0.000,0.000,1.72,5.06
39.049,0.000,0.000,1.14,4.26
39.050,0.000,0.000,1.14,3.69
39.077,0.000,0.000,0.98,3.17
39.078,0.000,0.000,0.98,2.80
39.084,0.000,0.000,0.98,2.54
39.085,0.000,0.000,0.98,2.36
39.089,0.000,0.000,1.07,2.25
39.091,0.000,0.000,1.07,2.17
39.102,0.000,0.000,1.07,2.07
39.103,0.000,0.000,1.07,2.01
39.104,0.000,0.000,1.07,1.96
39.105,0.000,0.000,1.07,1.93
39.111,0.000,0.000,1.12,1.90
39.112,0.000,0.000,1.12,1.88
39.116,0.000,0.000,1.12,1.86
39.118,0.000,0.000,1.12,1.85
39.141,0.000,0.000,1.56,2.01
39.142,0.000,0.000,1.56,2.12
39.149,0.000,0.000,2.02,2.37
39.150,0.000,0.000,2.02,2.54
39.151,0.000,0.000,2.02,2.66
39.152,0.000,0.000,2.02,2.75
39.159,0.000,0.000,2.56,3.01
39.160,0.000,0.000,2.56,3.19
39.161,0.000,0.000,2.56,3.32
39.165,0.000,0.000,2.56,3.40
39.188,0.000,0.000,3.51,3.79
39.190,0.000,0.000,3.51,2.65
39.194,0.000,0.000,5.01,1.86
39.197,0.000,0.000,5.01,1.30
39.198,0.000,0.000,5.01,0.91
39.199,0.000,0.000,5.01,0.64
39.208,0.000,0.000,7.33,0.45
39.209,0.000,0.000,7.33,0.31
39.210,0.000,0.000,7.33,0.22
39.210,0.000,0.000,7.33,0.15
39.249,0.000,0.000,8.82,0.11
39.250,0.000,0.000,8.82,0.07
39.251,0.000,0.000,8.82,0.05
39.252,0.000,0.000,8.82,0.04
39.258,0.000,0.000,10.00,0.03
39.259,0.000,0.000,10.00,0.02
39.260,0.000,0.000,10.00,0.01
39.261,0.000,0.000,10.00,0.01
39.261,0.000,0.000,11.27,0.01
39.262,0.000,0.000,11.27,0.00
39.266,0.000,0.000,11.27,0.00
39.267,0.000,0.000,11.27,0.00
39.289,0.000,0.000,12.74,0.00
39.290,0.000,0.000,12.74,0.00
39.298,0.000,0.000,12.74,0.00
39.299,0.000,0.000,12.74,0.00
39.300,0.000,0.000,14.57,4.54
39.301,0.000,0.000,14.57,7.71
39.307,0.000,0.000,16.81,10.46
39.308,0.000,0.000,16.81,12.38
39.309,0.000,0.000,16.81,13.72
39.310,0.000,0.000,16.81,14.67
39.341,0.000,0.000,19.21,15.89
39.342,0.000,0.000,19.21,16.75
39.344,0.000,0.000,21.54,17.93
39.346,0.000,0.000,21.54,18.75
39.351,0.000,0.000,23.43,19.77
39.352,0.000,0.000,23.43,20.49
39.353,0.000,0.000,23.43,20.99
39.354,0.000,0.000,23.43,21.34
39.385,0.000,0.000,25.02,21.94
39.386,0.000,0.000,25.02,22.36
39.387,0.000,0.000,25.02,22.66
39.389,0.000,0.000,25.02,22.87
39.392,0.000,0.000,26.52,23.33
39.393,0.000,0.000,26.52,23.66
39.400,0.000,0.000,26.52,23.89
39.401,0.000,0.000,26.52,24.05
39.402,0.000,0.000,27.98,24.47
39.403,0.000,0.000,27.98,24.77
39.405,0.000,0.000,27.98,24.98
39.408,0.000,0.000,27.98,25.12
39.432,0.000,0.000,29.49,25.58
39.433,0.000,0.000,29.49,25.90
39.436,0.000,0.000,30.89,26.53
39.437,0.000,0.000,30.89,26.98
39.450,0.000,0.000,32.25,27.55
39.451,0.000,0.000,32.25,27.96
39.452,0.000,0.000,32.25,28.24
39.454,0.000,0.000,32.25,28.44
39.481,0.000,0.000,33.40,28.88
39.482,0.000,0.000,33.40,29.19
39.485,0.000,0.000,34.30,29.72
39.486,0.000,0.000,34.30,30.09
39.494,0.000,0.000,35.12,30.64
39.498,0.000,0.000,35.12,31.02
39.499,0.000,0.000,35.12,31.29
39.500,0.000,0.000,35.12,31.48
39.510,0.000,0.000,36.03,31.91
39.511,0.000,0.000,36.03,32.21
39.515,0.000,0.000,36.03,32.43
39.516,0.000,0.000,36.03,32.58
39.553,0.000,0.000,37.14,33.06
39.554,0.000,0.000,37.14,33.40
39.559,0.000,0.000,38.50,33.58
39.560,0.000,0.000,38.50,33.71
39.561,0.000,0.000,38.50,33.81
39.565,0.000,0.000,38.50,33.87
39.567,0.000,0.000,39.53,33.96
39.568,0.000,0.000,39.53,34.03
39.568,0.000,0.000,39.53,34.07
39.569,0.000,0.000,39.53,34.10
39.594,0.000,0.000,40.23,34.36
39.595,0.000,0.000,40.23,34.55
39.599,0.000,0.000,40.82,34.92
39.600,0.000,0.000,40.82,35.17
39.607,0.000,0.000,41.45,35.53
39.609,0.000,0.000,41.45,35.79
39.611,0.000,0.000,41.45,35.96
39.615,0.000,0.000,41.45,36.09
39.640,0.000,0.000,42.21,36.70
39.641,0.000,0.000,42.21,37.13
39.645,0.000,0.000,43.07,37.61
39.648,0.000,0.000,43.07,37.95
39.654,0.000,0.000,43.91,38.07
39.655,0.000,0.000,43.91,38.15
39.659,0.000,0.000,43.91,38.20
39.660,0.000,0.000,43.91,38.24
39.684,0.000,0.000,44.49,38.31
39.685,0.000,0.000,44.49,38.35
39.688,0.000,0.000,44.77,38.74
39.689,0.000,0.000,44.77,39.01
39.702,0.000,0.000,45.13,39.44
39.703,0.000,0.000,45.13,39.75
39.706,0.000,0.000,45.13,39.96
39.708,0.000,0.000,45.13,40.11
39.734,0.000,0.000,45.50,40.66
39.735,0.000,0.000,45.50,41.04
39.741,0.000,0.000,45.92,41.64
39.743,0.000,0.000,45.92,42.05
39.744,0.000,0.000,45.92,42.34
39.747,0.000,0.000,45.92,42.55
39.750,0.000,0.000,46.34,42.82
39.751,0.000,0.000,46.34,43.02
39.782,0.000,0.000,46.79,43.06
39.783,0.000,0.000,46.79,43.09
39.786,0.000,0.000,47.17,43.08
39.787,0.000,0.000,47.17,43.07
39.788,0.000,0.000,47.17,43.06
39.789,0.000,0.000,47.17,43.05
39.798,0.000,0.000,47.54,43.01
39.799,0.000,0.000,47.54,42.98
39.800,0.000,0.000,47.54,42.96
39.801,0.000,0.000,47.54,42.95
39.832,0.000,0.000,47.90,43.11
39.833,0.000,0.000,47.90,43.23
39.834,0.000,0.000,47.90,30.26
39.835,0.000,0.000,47.90,21.18
39.842,0.000,0.000,48.12,14.83
39.844,0.000,0.000,48.12,10.38
39.845,0.000,0.000,48.12,7.27
39.848,0.000,0.000,48.12,5.09
39.850,0.000,0.000,48.28,3.56
39.850,0.000,0.000,48.28,2.49
39.883,0.000,0.000,48.47,1.74
39.884,0.000,0.000,48.47,1.22
39.885,0.000,0.000,48.72,0.85
39.886,0.000,0.000,48.72,0.60
39.894,0.000,0.000,48.98,0.42
39.899,0.000,0.000,48.98,0.29
39.900,0.000,0.000,48.98,0.21
39.900,0.000,0.000,48.98,0.14
39.910,0.000,0.000,49.35,0.10
39.911,0.000,0.000,49.35,0.07
39.913,0.000,0.000,49.35,0.05
39.914,0.000,0.000,49.35,0.03
39.948,0.000,0.000,49.79,0.02
39.949,0.000,0.000,49.79,0.02
39.952,0.000,0.000,50.06,0.01
39.953,0.000,0.000,50.06,0.01
39.959,0.000,0.000,49.95,0.01
39.960,0.000,0.000,49.95,0.00
39.961,0.000,0.000,49.95,0.00
39.961,0.000,0.000,49.95,0.00
39.986,0.000,0.000,49.63,0.00
39.986,0.000,0.000,49.63,0.00
39.988,0.000,0.000,49.63,0.00
39.992,0.000,0.000,49.63,0.00
39.995,0.000,0.000,49.16,0.00
39.998,0.000,0.000,49.16,0.00
39.999,0.000,0.000,49.16,0.00
40.000,0.000,0.000,49.16,0.00
40.006,0.000,0.000,47.95,0.00
40.007,0.000,0.000,47.95,16.98
40.009,0.000,0.000,47.95,28.87
40.011,0.000,0.000,47.95,37.19
40.040,0.000,0.000,45.57,46.43
40.041,0.000,0.000,45.57,52.90
40.046,0.000,0.000,41.89,62.23
40.047,0.000,0.000,41.89,68.76
40.056,0.000,0.000,38.69,76.26
40.057,0.000,0.000,38.69,81.51
40.059,0.000,0.000,38.69,85.18
40.060,0.000,0.000,38.69,87.75
40.084,0.000,0.000,36.28,88.68
40.085,0.000,0.000,36.28,89.33
40.095,0.000,0.000,33.85,88.76
40.099,0.000,0.000,33.85,88.35
40.102,0.000,0.000,31.40,86.87
40.103,0.000,0.000,31.40,85.83
40.114,0.000,0.000,31.40,85.11
40.115,0.000,0.000,31.40,84.60
40.118,0.000,0.000,29.35,83.12
40.120,0.000,0.000,29.35,82.09
40.133,0.000,0.000,29.35,81.37
40.134,0.000,0.000,29.35,80.86
40.151,0.000,0.000,27.46,79.39
40.152,0.000,0.000,27.46,78.36
40.152,0.000,0.000,27.46,77.64
40.153,0.000,0.000,27.46,77.14
40.160,0.000,0.000,25.30,75.41
40.161,0.000,0.000,25.30,74.20
40.162,0.000,0.000,25.30,73.35
40.167,0.000,0.000,25.30,72.76
40.168,0.000,0.000,22.83,70.65
40.169,0.000,0.000,22.83,69.17
40.172,0.000,0.000,22.83,68.14
40.175,0.000,0.000,22.83,67.42
40.199,0.000,0.000,20.51,65.22
40.200,0.000,0.000,20.51,63.68
40.203,0.000,0.000,18.59,61.12
40.204,0.000,0.000,18.59,59.33
40.231,0.000,0.000,17.23,56.98
40.232,0.000,0.000,17.23,55.34
40.235,0.000,0.000,16.13,52.72
40.236,0.000,0.000,16.13,50.89
40.254,0.000,0.000,14.98,47.55
40.255,0.000,0.000,14.98,45.21
40.259,0.000,0.000,14.98,43.58
40.260,0.000,0.000,14.98,42.43
40.287,0.000,0.000,13.50,40.04
40.289,0.000,0.000,13.50,38.36
40.308,0.000,0.000,11.82,35.86
40.309,0.000,0.000,11.82,34.11
40.310,0.000,0.000,11.82,32.88
40.314,0.000,0.000,11.82,32.02
40.316,0.000,0.000,10.04,30.06
40.317,0.000,0.000,10.04,28.69
40.320,0.000,0.000,8.52,27.40
40.324,0.000,0.000,8.52,26.50
40.326,0.000,0.000,8.52,25.87
40.327,0.000,0.000,8.52,25.43
40.331,0.000,0.000,7.72,24.29
40.332,0.000,0.000,7.72,23.49
40.334,0.000,0.000,7.72,22.93
40.334,0.000,0.000,7.72,22.53
40.358,0.000,0.000,7.14,21.42
40.359,0.000,0.000,7.14,20.64
40.362,0.000,0.000,6.47,19.16
40.363,0.000,0.000,6.47,18.12
40.368,0.000,0.000,6.47,17.40
40.369,0.000,0.000,6.47,16.89
40.395,0.000,0.000,5.56,15.75
40.396,0.000,0.000,5.56,14.95
40.397,0.000,0.000,4.51,13.31
40.398,0.000,0.000,4.51,12.15
40.409,0.000,0.000,3.16,10.59
40.413,0.000,0.000,3.16,9.49
40.415,0.000,0.000,3.16,8.73
40.416,0.000,0.000,3.16,8.19
40.443,0.000,0.000,2.34,7.28
40.443,0.000,0.000,2.34,6.65
40.445,0.000,0.000,2.22,6.06
40.446,0.000,0.000,2.22,5.65
40.452,0.000,0.000,2.22,5.36
40.453,0.000,0.000,2.22,5.16
40.454,0.000,0.000,2.26,4.95
40.454,0.000,0.000,2.26,4.81
40.468,0.000,0.000,2.26,4.71
40.470,0.000,0.000,2.26,4.64
40.473,0.000,0.000,2.26,4.59
40.474,0.000,0.000,2.26,4.55
40.475,0.000,0.000,2.07,4.34
40.476,0.000,0.000,2.07,4.18
40.500,0.000,0.000,1.72,3.81
40.501,0.000,0.000,1.72,3.55
40.505,0.000,0.000,1.31,3.15
40.506,0.000,0.000,1.31,2.87
40.532,0.000,0.000,0.85,2.45
40.533,0.000,0.000,0.85,2.15
40.536,0.000,0.000,0.60,1.82
40.537,0.000,0.000,0.60,1.59
40.550,0.000,0.000,0.30,1.28
40.551,0.000,0.000,0.30,1.05
40.552,0.000,0.000,0.30,0.90
40.553,0.000,0.000,0.30,0.79
40.580,0.000,0.000,-0.08,0.55
40.581,0.000,0.000,-0.08,0.39
40.584,0.000,0.000,-0.36,0.27
40.585,0.000,0.000,-0.36,0.19
40.599,0.000,0.000,-0.53,0.13
40.600,0.000,0.000,-0.53,0.09
40.600,0.000,0.000,-0.53,0.07
40.601,0.000,0.000,-0.53,0.05
40.636,0.000,0.000,-0.65,0.03
40.636,0.000,0.000,-0.65,0.02
40.651,0.000,0.000,-0.37,0.02
40.652,0.000,0.000,-0.37,0.01
40.657,0.000,0.000,-0.37,0.01
40.659,0.000,0.000,-0.37,0.01
40.665,0.000,0.000,0.40,0.00
40.666,0.000,0.000,0.40,0.00
40.667,0.000,0.000,0.40,0.00
40.667,0.000,0.000,0.40,0.00
40.669,0.000,0.000,1.76,0.00
40.674,0.000,0.000,1.76,0.72
40.675,0.000,0.000,1.76,1.22
40.676,0.000,0.000,1.76,1.57
40.697,0.000,0.000,3.54,1.10
40.703,0.000,0.000,3.54,0.77
40.704,0.000,0.000,6.35,0.54
40.709,0.000,0.000,6.35,0.38
40.713,0.000,0.000,9.63,0.26
40.716,0.000,0.000,9.63,3.13
40.742,0.000,0.000,12.97,6.12
40.743,0.000,0.000,12.97,8.20
40.746,0.000,0.000,15.70,5.74
40.747,0.000,0.000,15.70,4.02
40.761,0.000,0.000,17.78,2.81
40.763,0.000,0.000,17.78,1.97
40.765,0.000,0.000,17.78,1.38
40.766,0.000,0.000,17.78,0.97
40.792,0.000,0.000,19.66,0.68
40.793,0.000,0.000,19.66,0.47
40.795,0.000,0.000,21.39,0.33
40.796,0.000,0.000,21.39,0.23
40.807,0.000,0.000,23.46,0.16
40.809,0.000,0.000,23.46,0.11
40.835,0.000,0.000,26.13,0.08
40.836,0.000,0.000,26.13,7.30
40.837,0.000,0.000,26.13,12.35
40.839,0.000,0.000,26.13,15.89
40.844,0.000,0.000,29.15,18.98
40.848,0.000,0.000,29.15,21.13
40.855,0.000,0.000,31.15,23.01
40.856,0.000,0.000,31.15,24.32
40.858,0.000,0.000,31.15,25.24
40.863,0.000,0.000,31.15,25.88
40.889,0.000,0.000,32.44,26.55
40.890,0.000,0.000,32.44,27.01
40.891,0.000,0.000,32.44,27.34
40.893,0.000,0.000,32.44,27.57
40.898,0.000,0.000,33.72,27.93
40.899,0.000,0.000,33.72,28.19
40.902,0.000,0.000,33.72,28.36
40.903,0.000,0.000,33.72,28.49
40.908,0.000,0.000,35.12,28.80
40.909,0.000,0.000,35.12,29.02
40.934,0.000,0.000,36.71,29.60
40.935,0.000,0.000,36.71,30.01
40.939,0.000,0.000,38.47,30.51
40.942,0.000,0.000,38.47,30.87
40.950,0.000,0.000,40.42,31.19
40.951,0.000,0.000,40.42,31.41
40.952,0.000,0.000,40.42,31.57
40.953,0.000,0.000,40.42,31.68
40.998,0.000,0.000,41.76,31.90
40.999,0.000,0.000,41.76,32.05
41.002,0.000,0.000,42.57,32.28
41.003,0.000,0.000,42.57,32.44
41.004,0.000,0.000,42.57,32.56
41.007,0.000,0.000,42.57,32.64
41.008,0.000,0.000,43.02,32.99
41.009,0.000,0.000,43.02,33.23
41.011,0.000,0.000,43.02,33.40
41.013,0.000,0.000,43.02,33.53
41.027,0.000,0.000,43.46,34.27
41.028,0.000,0.000,43.46,34.79
41.044,0.000,0.000,43.46,35.15
41.048,0.000,0.000,43.46,35.41
41.049,0.000,0.000,44.09,36.50
41.050,0.000,0.000,44.09,37.27
41.052,0.000,0.000,44.82,38.04
41.053,0.000,0.000,44.82,38.58
41.077,0.000,0.000,45.80,38.92
41.078,0.000,0.000,45.80,39.17
41.084,0.000,0.000,45.80,39.34
41.085,0.000,0.000,45.80,39.45
41.086,0.000,0.000,46.60,39.35
41.087,0.000,0.000,46.60,39.27
41.090,0.000,0.000,46.60,39.22
41.094,0.000,0.000,46.60,39.18
41.098,0.000,0.000,47.12,39.13
41.099,0.000,0.000,47.12,39.10
41.100,0.000,0.000,47.12,39.07
41.101,0.000,0.000,47.12,39.06
41.110,0.000,0.000,47.39,39.21
41.114,0.000,0.000,47.39,39.31
41.116,0.000,0.000,47.39,39.39
41.117,0.000,0.000,47.39,39.44
41.180,0.000,0.000,47.54,39.97
41.194,0.000,0.000,47.54,40.34
41.200,0.000,0.000,47.73,41.30
41.201,0.000,0.000,47.73,41.97
41.202,0.000,0.000,47.73,42.45
41.203,0.000,0.000,47.73,42.78
41.207,0.000,0.000,48.06,43.46
41.208,0.000,0.000,48.06,43.94
41.209,0.000,0.000,48.51,44.28
41.210,0.000,0.000,48.51,44.52
41.211,0.000,0.000,48.51,44.69
41.212,0.000,0.000,48.51,44.81
41.215,0.000,0.000,49.08,44.64
41.216,0.000,0.000,49.08,44.52
41.217,0.000,0.000,49.08,44.43
41.218,0.000,0.000,49.08,44.37
41.219,0.000,0.000,49.39,44.18
41.220,0.000,0.000,49.39,44.05
41.221,0.000,0.000,49.39,43.96
41.223,0.000,0.000,49.39,43.89
41.227,0.000,0.000,49.56,30.73
41.228,0.000,0.000,49.56,21.51
41.232,0.000,0.000,49.56,15.06
41.233,0.000,0.000,49.56,10.54
41.258,0.000,0.000,49.71,7.38
41.259,0.000,0.000,49.71,5.16
41.260,0.000,0.000,49.71,3.61
41.261,0.000,0.000,49.71,2.53
41.262,0.000,0.000,49.86,1.77
41.267,0.000,0.000,49.86,1.24
41.270,0.000,0.000,49.86,0.87
41.270,0.000,0.000,49.86,0.61
41.272,0.000,0.000,50.06,0.43
41.273,0.000,0.000,50.06,0.30
41.302,0.000,0.000,50.36,0.21
41.303,0.000,0.000,50.36,0.15
41.306,0.000,0.000,50.68,0.10
41.309,0.000,0.000,50.68,0.07
41.310,0.000,0.000,50.68,0.05
41.313,0.000,0.000,50.68,0.04
41.318,0.000,0.000,50.94,0.02
41.319,0.000,0.000,50.94,0.02
41.320,0.000,0.000,50.94,0.01
41.322,0.000,0.000,50.94,0.01
41.347,0.000,0.000,51.07,0.01
41.348,0.000,0.000,51.07,0.00
41.349,0.000,0.000,51.07,0.00
41.350,0.000,0.000,51.07,0.00
41.353,0.000,0.000,51.12,0.00
41.354,0.000,0.000,51.12,0.00
41.355,0.000,0.000,51.12,0.00
41.357,0.000,0.000,51.12,0.00
41.366,0.000,0.000,51.15,0.00
41.367,0.000,0.000,51.15,0.00
41.369,0.000,0.000,51.15,0.00
41.370,0.000,0.000,51.15,0.00
41.398,0.000,0.000,51.12,0.00
41.399,0.000,0.000,51.12,0.00
41.402,0.000,0.000,51.13,0.00
41.403,0.000,0.000,51.13,0.00
41.404,0.000,0.000,51.13,0.00
41.406,0.000,0.000,51.13,0.00
41.414,0.000,0.000,51.02,0.00
41.415,0.000,0.000,51.02,0.00
41.417,0.000,0.000,51.02,0.00
41.418,0.000,0.000,51.02,0.00
41.444,0.000,0.000,50.77,0.00
41.448,0.000,0.000,50.77,0.00
41.452,0.000,0.000,50.27,0.00
41.453,0.000,0.000,50.27,0.00
41.465,0.000,0.000,49.61,0.00
41.466,0.000,0.000,49.61,0.00
41.467,0.000,0.000,49.61,16.69
41.468,0.000,0.000,49.61,28.37
41.499,0.000,0.000,48.71,37.70
41.500,0.000,0.000,48.71,44.23
41.501,0.000,0.000,48.71,48.80
41.502,0.000,0.000,48.71,52.00
41.507,0.000,0.000,47.84,55.11
41.514,0.000,0.000,47.84,57.29
41.516,0.000,0.000,46.69,60.19
41.517,0.000,0.000,46.69,62.22
41.542,0.000,0.000,45.20,64.78
41.543,0.000,0.000,45.20,66.57
41.546,0.000,0.000,43.10,69.61
41.547,0.000,0.000,43.10,71.74
41.559,0.000,0.000,40.48,77.16
41.560,0.000,0.000,40.48,80.96
41.564,0.000,0.000,40.48,83.62
41.566,0.000,0.000,40.48,85.48
41.593,0.000,0.000,37.65,87.61
41.594,0.000,0.000,37.65,89.09
41.594,0.000,0.000,37.65,90.14
41.595,0.000,0.000,37.65,90.86
41.598,0.000,0.000,34.97,90.32
41.602,0.000,0.000,34.97,89.95
41.608,0.000,0.000,32.79,88.68
41.609,0.000,0.000,32.79,87.80
41.610,0.000,0.000,32.79,87.18
41.614,0.000,0.000,32.79,86.74
41.637,0.000,0.000,30.68,85.36
41.639,0.000,0.000,30.68,84.39
41.643,0.000,0.000,28.33,82.39
41.645,0.000,0.000,28.33,80.99
41.654,0.000,0.000,25.43,78.19
41.655,0.000,0.000,25.43,76.23
41.659,0.000,0.000,25.43,74.85
41.660,0.000,0.000,25.43,73.89
41.686,0.000,0.000,21.76,70.67
41.687,0.000,0.000,21.76,68.42
41.692,0.000,0.000,18.32,64.23
41.693,0.000,0.000,18.32,61.29
41.694,0.000,0.000,18.32,59.23
41.698,0.000,0.000,18.32,57.79
41.702,0.000,0.000,16.62,55.42
41.703,0.000,0.000,16.62,53.75
41.706,0.000,0.000,16.62,52.59
41.708,0.000,0.000,16.62,51.77
41.733,0.000,0.000,15.38,50.18
41.734,0.000,0.000,15.38,49.07
41.737,0.000,0.000,14.30,47.37
41.738,0.000,0.000,14.30,46.19
41.756,0.000,0.000,13.28,44.49
41.759,0.000,0.000,13.28,43.30
41.785,0.000,0.000,12.17,39.00
41.786,0.000,0.000,12.17,35.99
41.787,0.000,0.000,10.87,32.85
41.790,0.000,0.000,10.87,30.65
41.794,0.000,0.000,10.87,29.11
41.795,0.000,0.000,10.87,28.04
41.800,0.000,0.000,9.92,26.54
41.801,0.000,0.000,9.92,25.49
41.802,0.000,0.000,9.92,24.75
41.805,0.000,0.000,9.92,24.24
41.831,0.000,0.000,9.63,23.34
41.832,0.000,0.000,9.63,22.71
41.832,0.000,0.000,9.63,22.27
41.833,0.000,0.000,9.63,21.96
41.836,0.000,0.000,9.35,21.16
41.838,0.000,0.000,9.35,20.61
41.848,0.000,0.000,9.00,19.71
41.849,0.000,0.000,9.00,19.09
41.850,0.000,0.000,9.00,18.65
41.851,0.000,0.000,9.00,18.34
41.882,0.000,0.000,8.42,17.48
41.882,0.000,0.000,8.42,16.87
41.885,0.000,0.000,7.63,15.96
41.886,0.000,0.000,7.63,15.32
41.898,0.000,0.000,6.69,14.60
41.899,0.000,0.000,6.69,14.09
41.910,0.000,0.000,6.25,13.53
41.911,0.000,0.000,6.25,13.15
41.915,0.000,0.000,6.25,12.87
41.916,0.000,0.000,6.25,12.68
41.939,0.000,0.000,6.17,12.43
41.940,0.000,0.000,6.17,12.25
41.945,0.000,0.000,6.07,11.96
41.946,0.000,0.000,6.07,11.75
41.959,0.000,0.000,6.02,11.42
41.960,0.000,0.000,6.02,11.18
41.985,0.000,0.000,5.90,10.74
41.986,0.000,0.000,5.90,10.43
41.989,0.000,0.000,5.90,10.22
41.991,0.000,0.000,5.90,10.07
41.994,0.000,0.000,5.87,9.86
41.995,0.000,0.000,5.87,9.71
41.996,0.000,0.000,5.87,9.61
42.000,0.000,0.000,5.87,9.54
42.008,0.000,0.000,6.10,9.53
42.009,0.000,0.000,6.10,9.53
42.010,0.000,0.000,6.10,9.53
42.011,0.000,0.000,6.10,9.53
42.036,0.000,0.000,6.55,9.62
42.037,0.000,0.000,6.55,9.68
42.039,0.000,0.000,6.55,9.72
42.043,0.000,0.000,6.55,9.75
42.046,0.000,0.000,7.57,10.02
42.047,0.000,0.000,7.57,10.20
42.054,0.000,0.000,9.39,10.57
42.055,0.000,0.000,9.39,10.83
42.056,0.000,0.000,9.39,7.58
42.060,0.000,0.000,9.39,5.31
42.087,0.000,0.000,12.17,3.71
42.088,0.000,0.000,12.17,2.60
42.092,0.000,0.000,15.82,1.82
42.095,0.000,0.000,15.82,1.27
42.102,0.000,0.000,18.03,0.89
42.103,0.000,0.000,18.03,0.62
42.105,0.000,0.000,18.03,5.75
42.107,0.000,0.000,18.03,9.34
42.134,0.000,0.000,19.99,12.35
42.135,0.000,0.000,19.99,14.46
42.138,0.000,0.000,22.14,16.47
42.143,0.000,0.000,22.14,17.87
42.144,0.000,0.000,22.14,18.85
42.145,0.000,0.000,22.14,19.54
42.150,0.000,0.000,24.07,20.47
42.151,0.000,0.000,24.07,21.12
42.152,0.000,0.000,24.07,21.58
42.153,0.000,0.000,24.07,21.90
42.183,0.000,0.000,25.89,22.52
42.184,0.000,0.000,25.89,22.96
42.184,0.000,0.000,25.89,23.26
42.185,0.000,0.000,25.89,23.48
42.198,0.000,0.000,27.78,24.02
42.199,0.000,0.000,27.78,24.40
42.200,0.000,0.000,29.87,25.06
42.201,0.000,0.000,29.87,25.53
42.202,0.000,0.000,29.87,25.86
42.203,0.000,0.000,29.87,26.09
42.234,0.000,0.000,31.55,26.55
42.235,0.000,0.000,31.55,26.87
42.248,0.000,0.000,32.46,27.33
42.249,0.000,0.000,32.46,27.65
42.250,0.000,0.000,33.18,28.17
42.251,0.000,0.000,33.18,28.54
42.252,0.000,0.000,33.18,28.79
42.253,0.000,0.000,33.18,28.97
42.350,0.000,0.000,34.07,29.47
42.390,0.000,0.000,34.07,29.82
42.425,0.000,0.000,34.07,30.07
42.461,0.000,0.000,34.07,30.24
42.498,0.000,0.000,35.20,30.95
42.524,0.000,0.000,35.20,31.45
42.570,0.000,0.000,35.20,31.80
42.612,0.000,0.000,35.20,32.04
42.642,0.000,0.000,36.42,32.51
42.668,0.000,0.000,36.42,32.84
42.693,0.000,0.000,36.42,33.07
42.726,0.000,0.000,36.42,33.23
42.758,0.000,0.000,37.75,33.32
42.795,0.000,0.000,37.75,33.39
42.831,0.000,0.000,39.09,33.37
42.857,0.000,0.000,39.09,33.36
42.879,0.000,0.000,39.09,33.35
42.883,0.000,0.000,39.09,33.35
42.884,0.000,0.000,40.12,33.41
42.894,0.000,0.000,40.12,33.45
42.936,0.000,0.000,40.12,33.48
42.963,0.000,0.000,40.12,33.50
42.992,0.000,0.000,41.03,33.69
43.016,0.000,0.000,41.03,33.82
43.048,0.000,0.000,41.03,33.92
43.076,0.000,0.000,41.03,33.98
43.086,0.000,0.000,41.95,34.23
43.088,0.000,0.000,41.95,34.41
43.089,0.000,0.000,41.95,34.53
43.092,0.000,0.000,41.95,34.61
43.093,0.000,0.000,42.81,34.93
43.094,0.000,0.000,42.81,35.15
43.094,0.000,0.000,42.81,35.31
43.098,0.000,0.000,42.81,35.42
43.099,0.000,0.000,43.62,35.86
43.101,0.000,0.000,43.62,36.17
43.101,0.000,0.000,43.62,36.39
43.102,0.000,0.000,43.62,36.54
43.103,0.000,0.000,44.59,36.76
43.106,0.000,0.000,44.59,36.92
43.107,0.000,0.000,44.59,37.03
43.108,0.000,0.000,44.59,37.10
43.109,0.000,0.000,45.57,37.14
43.110,0.000,0.000,45.57,37.17
43.111,0.000,0.000,45.57,37.19
43.115,0.000,0.000,45.57,37.21
43.116,0.000,0.000,46.38,37.35
43.117,0.000,0.000,46.38,37.46
43.119,0.000,0.000,46.98,37.71
43.122,0.000,0.000,46.98,37.89
43.123,0.000,0.000,47.49,38.21
43.125,0.000,0.000,47.49,38.43
43.126,0.000,0.000,47.86,38.96
43.131,0.000,0.000,47.86,39.32
43.132,0.000,0.000,47.86,39.58
43.132,0.000,0.000,47.86,39.76
43.133,0.000,0.000,48.19,40.40
43.134,0.000,0.000,48.19,40.84
43.135,0.000,0.000,48.19,41.16
43.137,0.000,0.000,48.19,41.37
43.140,0.000,0.000,48.63,41.80
43.142,0.000,0.000,48.63,42.10
43.142,0.000,0.000,48.63,42.30
43.143,0.000,0.000,48.63,42.45
43.144,0.000,0.000,49.19,42.56
43.145,0.000,0.000,49.19,42.63
43.149,0.000,0.000,49.19,42.68
43.151,0.000,0.000,49.19,42.72
43.151,0.000,0.000,49.77,42.71
43.152,0.000,0.000,49.77,42.71
43.153,0.000,0.000,49.77,42.71
43.156,0.000,0.000,49.77,42.71
43.157,0.000,0.000,50.22,42.64
43.158,0.000,0.000,50.22,42.60
43.159,0.000,0.000,50.22,42.56
43.160,0.000,0.000,50.22,42.54
43.161,0.000,0.000,50.51,29.78
43.164,0.000,0.000,50.51,20.85
43.166,0.000,0.000,50.51,14.59
43.166,0.000,0.000,50.51,10.21
43.167,0.000,0.000,50.80,7.15
43.168,0.000,0.000,50.80,5.01
43.169,0.000,0.000,50.80,3.50
43.170,0.000,0.000,50.80,2.45
43.172,0.000,0.000,51.17,1.72
43.173,0.000,0.000,51.17,1.20
43.175,0.000,0.000,51.17,0.84
43.176,0.000,0.000,51.17,0.59
43.177,0.000,0.000,51.61,0.41
43.178,0.000,0.000,51.61,13.46
43.179,0.000,0.000,51.61,22.59
43.182,0.000,0.000,51.61,28.99
43.183,0.000,0.000,52.14,33.41
43.184,0.000,0.000,52.14,36.50
43.185,0.000,0.000,52.14,38.67
43.186,0.000,0.000,52.14,40.19
43.188,0.000,0.000,52.56,41.15
43.189,0.000,0.000,52.56,41.82
43.190,0.000,0.000,52.56,42.30
43.191,0.000,0.000,52.56,42.63
43.192,0.000,0.000,52.73,42.95
43.193,0.000,0.000,52.73,43.18
43.197,0.000,0.000,52.85,43.57
43.198,0.000,0.000,52.85,43.84
43.199,0.000,0.000,52.85,44.03
43.200,0.000,0.000,52.85,44.16
43.201,0.000,0.000,53.01,44.50
43.202,0.000,0.000,53.01,44.74
43.202,0.000,0.000,53.01,44.91
43.203,0.000,0.000,53.01,45.03
43.207,0.000,0.000,53.29,45.31
43.208,0.000,0.000,53.29,45.51
43.209,0.000,0.000,53.29,45.65
43.210,0.000,0.000,53.29,45.75
43.215,0.000,0.000,53.53,45.97
43.216,0.000,0.000,53.53,46.11
43.216,0.000,0.000,53.53,46.22
43.217,0.000,0.000,53.53,46.29
43.218,0.000,0.000,53.70,46.35
43.219,0.000,0.000,53.70,46.39
43.220,0.000,0.000,53.70,46.42
43.221,0.000,0.000,53.70,46.44
43.223,0.000,0.000,53.82,46.45
43.224,0.000,0.000,53.82,46.46
43.226,0.000,0.000,53.82,46.47
43.228,0.000,0.000,53.82,46.47
43.229,0.000,0.000,53.97,46.48
43.233,0.000,0.000,53.97,46.48
43.234,0.000,0.000,53.97,46.48
43.235,0.000,0.000,53.97,46.48
43.236,0.000,0.000,54.20,46.55
43.237,0.000,0.000,54.20,46.60
43.239,0.000,0.000,54.20,46.63
43.240,0.000,0.000,54.20,46.66
43.241,0.000,0.000,54.36,46.75
43.242,0.000,0.000,54.36,46.82
43.243,0.000,0.000,54.36,46.87
43.244,0.000,0.000,54.36,46.91
43.247,0.000,0.000,54.58,46.87
43.248,0.000,0.000,54.58,46.85
43.249,0.000,0.000,54.58,46.83
43.250,0.000,0.000,54.58,46.81
43.251,0.000,0.000,54.89,46.64
43.252,0.000,0.000,54.89,46.52
43.253,0.000,0.000,54.89,46.43
43.255,0.000,0.000,54.89,46.37
43.256,0.000,0.000,55.20,46.29
43.257,0.000,0.000,55.20,46.23
43.258,0.000,0.000,55.50,45.77
43.259,0.000,0.000,55.50,45.45
43.260,0.000,0.000,55.50,45.23
43.261,0.000,0.000,55.50,45.07
43.265,0.000,0.000,55.81,44.82
43.266,0.000,0.000,55.81,44.65
43.266,0.000,0.000,55.81,44.53
43.268,0.000,0.000,55.81,44.44
43.268,0.000,0.000,56.09,44.34
43.269,0.000,0.000,56.09,44.28
43.271,0.000,0.000,56.09,44.23
43.273,0.000,0.000,56.09,44.20
43.274,0.000,0.000,56.41,44.15
43.275,0.000,0.000,56.41,44.12
43.276,0.000,0.000,56.41,44.09
43.276,0.000,0.000,56.41,44.08
43.281,0.000,0.000,56.71,43.97
43.282,0.000,0.000,56.71,43.90
43.283,0.000,0.000,56.71,43.85
43.283,0.000,0.000,56.71,43.82
43.284,0.000,0.000,56.78,44.34
43.285,0.000,0.000,56.78,44.70
43.286,0.000,0.000,56.78,44.96
43.290,0.000,0.000,56.78,45.14
43.291,0.000,0.000,56.62,45.72
43.292,0.000,0.000,56.62,46.12
43.293,0.000,0.000,56.62,46.41
43.294,0.000,0.000,56.62,46.61
43.298,0.000,0.000,56.36,47.27
43.299,0.000,0.000,56.36,47.73
43.300,0.000,0.000,56.36,48.05
43.300,0.000,0.000,56.36,48.27
43.301,0.000,0.000,56.04,49.12
43.302,0.000,0.000,56.04,49.71
43.304,0.000,0.000,56.04,50.12
43.306,0.000,0.000,56.04,50.41
43.307,0.000,0.000,55.88,51.13
43.308,0.000,0.000,55.88,51.64
43.308,0.000,0.000,55.88,52.00
43.309,0.000,0.000,55.88,52.25
43.310,0.000,0.000,55.75,52.63
43.314,0.000,0.000,55.75,52.89
43.315,0.000,0.000,55.75,53.08
43.316,0.000,0.000,55.75,53.21
43.317,0.000,0.000,55.55,53.35
43.318,0.000,0.000,55.55,53.45
43.319,0.000,0.000,55.55,53.52
43.320,0.000,0.000,55.55,53.56
43.322,0.000,0.000,55.29,53.60
43.323,0.000,0.000,55.29,53.63
43.324,0.000,0.000,55.29,53.65
43.325,0.000,0.000,55.29,53.66
43.326,0.000,0.000,55.08,53.55
43.327,0.000,0.000,55.08,53.46
43.328,0.000,0.000,55.08,53.41
43.331,0.000,0.000,55.08,53.37
43.333,0.000,0.000,54.96,53.29
43.334,0.000,0.000,54.96,53.24
43.335,0.000,0.000,54.96,53.20
43.336,0.000,0.000,54.96,53.18
43.337,0.000,0.000,54.96,53.03
43.338,0.000,0.000,54.96,52.92
43.339,0.000,0.000,54.96,52.85
43.340,0.000,0.000,54.96,52.79
43.342,0.000,0.000,54.92,52.56
43.343,0.000,0.000,54.92,52.40
43.347,0.000,0.000,54.80,52.14
43.349,0.000,0.000,54.80,51.96
43.349,0.000,0.000,54.80,51.83
43.350,0.000,0.000,54.80,51.74
43.351,0.000,0.000,54.59,51.66
43.352,0.000,0.000,54.59,51.60
43.353,0.000,0.000,54.59,36.12
43.355,0.000,0.000,54.59,25.29
43.357,0.000,0.000,54.18,17.70
43.358,0.000,0.000,54.18,12.39
43.358,0.000,0.000,54.18,8.67
43.359,0.000,0.000,54.18,6.07
43.360,0.000,0.000,53.47,4.25
43.361,0.000,0.000,53.47,19.60
43.365,0.000,0.000,53.47,30.34
43.366,0.000,0.000,53.47,37.86
43.367,0.000,0.000,52.91,43.78
43.368,0.000,0.000,52.91,47.93
43.368,0.000,0.000,52.91,50.83
43.369,0.000,0.000,52.91,52.86
43.372,0.000,0.000,52.67,54.41
43.373,0.000,0.000,52.67,55.51
43.374,0.000,0.000,52.67,56.27
43.375,0.000,0.000,52.67,56.80
43.376,0.000,0.000,52.63,56.99
43.376,0.000,0.000,52.63,57.11
43.377,0.000,0.000,52.63,57.20
43.381,0.000,0.000,52.63,57.27
43.382,0.000,0.000,52.70,56.69
43.383,0.000,0.000,52.70,56.29
43.384,0.000,0.000,52.70,56.01
43.385,0.000,0.000,52.70,55.82
43.386,0.000,0.000,52.64,54.90
43.386,0.000,0.000,52.64,54.26
43.389,0.000,0.000,52.64,53.81
43.390,0.000,0.000,52.64,53.49
43.391,0.000,0.000,52.34,52.98
43.392,0.000,0.000,52.34,52.63
43.393,0.000,0.000,52.34,52.38
43.394,0.000,0.000,52.34,52.20
43.409,0.000,0.000,51.94,52.27
43.410,0.000,0.000,51.94,52.31
43.411,0.000,0.000,51.94,52.34
43.414,0.000,0.000,51.94,52.36
43.415,0.000,0.000,51.55,52.77
43.416,0.000,0.000,51.55,53.05
43.417,0.000,0.000,51.55,53.25
43.418,0.000,0.000,51.55,53.39
43.419,0.000,0.000,51.23,53.96
43.421,0.000,0.000,51.23,54.36
43.423,0.000,0.000,51.23,54.63
43.424,0.000,0.000,51.23,54.83
43.425,0.000,0.000,50.79,55.41
43.425,0.000,0.000,50.79,55.82
43.426,0.000,0.000,50.79,56.11
43.427,0.000,0.000,50.79,56.31
43.448,0.000,0.000,50.14,56.81
43.449,0.000,0.000,50.14,57.17
43.450,0.000,0.000,49.27,58.22
43.451,0.000,0.000,49.27,58.96
43.451,0.000,0.000,49.27,59.48
43.453,0.000,0.000,49.27,59.84
43.454,0.000,0.000,48.20,60.73
43.458,0.000,0.000,48.20,61.35
43.464,0.000,0.000,47.28,62.84
43.465,0.000,0.000,47.28,63.89
43.467,0.000,0.000,46.95,64.47
43.468,0.000,0.000,46.95,64.88
43.469,0.000,0.000,46.95,65.17
43.470,0.000,0.000,46.95,65.37
43.498,0.000,0.000,46.75,64.87
43.499,0.000,0.000,46.75,64.52
43.502,0.000,0.000,46.53,63.23
43.503,0.000,0.000,46.53,62.32
43.523,0.000,0.000,46.26,60.94
43.524,0.000,0.000,46.26,59.98
43.526,0.000,0.000,46.26,59.30
43.527,0.000,0.000,46.26,58.83
43.528,0.000,0.000,46.06,57.41
43.529,0.000,0.000,46.06,56.41
43.534,0.000,0.000,46.06,55.71
43.535,0.000,0.000,46.06,55.22
43.561,0.000,0.000,45.95,54.60
43.561,0.000,0.000,45.95,54.16
43.562,0.000,0.000,45.95,53.86
43.563,0.000,0.000,45.95,53.64
43.568,0.000,0.000,45.80,53.46
43.569,0.000,0.000,45.80,53.32
43.570,0.000,0.000,45.80,53.23
43.571,0.000,0.000,45.80,53.17
43.593,0.000,0.000,45.59,53.09
43.594,0.000,0.000,45.59,53.04
43.600,0.000,0.000,45.59,53.00
43.601,0.000,0.000,45.59,52.98
43.602,0.000,0.000,45.46,52.72
43.603,0.000,0.000,45.46,52.54
43.609,0.000,0.000,45.46,52.19
43.610,0.000,0.000,45.46,51.94
43.637,0.000,0.000,45.75,36.36
43.640,0.000,0.000,45.75,25.45
43.644,0.000,0.000,45.70,17.82
43.648,0.000,0.000,45.70,12.47
43.654,0.000,0.000,45.61,8.73
43.656,0.000,0.000,45.61,6.11
43.657,0.000,0.000,45.61,4.28
43.657,0.000,0.000,45.61,2.99
43.694,0.000,0.000,45.81,2.10
43.695,0.000,0.000,45.81,1.47
43.696,0.000,0.000,46.21,1.03
43.697,0.000,0.000,46.21,0.72
43.701,0.000,0.000,46.21,0.50
43.702,0.000,0.000,46.21,0.35
43.705,0.000,0.000,46.38,0.25
43.706,0.000,0.000,46.38,0.17
43.708,0.000,0.000,46.38,0.12
43.711,0.000,0.000,46.38,0.08
43.735,0.000,0.000,46.84,0.06
43.736,0.000,0.000,46.84,0.04
43.737,0.000,0.000,46.84,0.03
43.738,0.000,0.000,46.84,0.02
43.742,0.000,0.000,47.75,0.01
43.745,0.000,0.000,47.75,0.01
43.750,0.000,0.000,48.85,0.01
43.751,0.000,0.000,48.85,12.20
43.752,0.000,0.000,48.85,20.73
43.753,0.000,0.000,48.85,26.70
43.787,0.000,0.000,49.84,30.53
43.788,0.000,0.000,49.84,33.21
43.788,0.000,0.000,49.84,35.09
43.790,0.000,0.000,49.84,36.40
43.799,0.000,0.000,50.62,36.98
43.802,0.000,0.000,50.62,37.38
43.803,0.000,0.000,51.24,37.53
43.804,0.000,0.000,51.24,37.64
43.807,0.000,0.000,51.24,37.71
43.809,0.000,0.000,51.24,37.76
43.831,0.000,0.000,51.78,38.00
43.832,0.000,0.000,51.78,38.17
43.835,0.000,0.000,51.96,38.95
43.836,0.000,0.000,51.96,39.50
43.849,0.000,0.000,51.88,40.68
43.850,0.000,0.000,51.88,41.51
43.879,0.000,0.000,51.62,42.98
43.880,0.000,0.000,51.62,44.00
43.886,0.000,0.000,51.62,44.72
43.887,0.000,0.000,51.62,45.23
43.889,0.000,0.000,51.38,46.51
43.892,0.000,0.000,51.38,47.41
43.894,0.000,0.000,51.38,48.04
43.898,0.000,0.000,51.38,48.48
43.901,0.000,0.000,51.16,49.56
43.901,0.000,0.000,51.16,50.32
43.902,0.000,0.000,51.16,50.86
43.903,0.000,0.000,51.16,51.23
43.910,0.000,0.000,50.85,52.06
43.914,0.000,0.000,50.85,52.64
43.915,0.000,0.000,50.85,53.05
43.916,0.000,0.000,50.85,53.33
43.954,0.000,0.000,50.29,53.97
43.957,0.000,0.000,50.29,54.42
43.961,0.000,0.000,49.15,56.13
43.965,0.000,0.000,49.15,57.32
43.966,0.000,0.000,49.15,58.16
43.967,0.000,0.000,49.15,58.75
43.967,0.000,0.000,47.38,61.31
43.968,0.000,0.000,47.38,63.11
43.970,0.000,0.000,47.38,64.37
43.975,0.000,0.000,47.38,65.25
43.985,0.000,0.000,45.53,68.37
43.986,0.000,0.000,45.53,70.55
43.987,0.000,0.000,45.53,72.08
43.990,0.000,0.000,45.53,73.15
44.004,0.000,0.000,43.36,76.48
44.005,0.000,0.000,43.36,78.82
44.014,0.000,0.000,43.36,80.45
44.015,0.000,0.000,43.36,81.59
44.040,0.000,0.000,37.68,84.67
44.041,0.000,0.000,37.68,86.83
44.045,0.000,0.000,35.32,87.65
44.046,0.000,0.000,35.32,88.22
44.054,0.000,0.000,33.07,87.61
44.056,0.000,0.000,33.07,87.18
44.059,0.000,0.000,33.07,86.88
44.061,0.000,0.000,33.07,86.67
44.084,0.000,0.000,30.95,85.45
44.085,0.000,0.000,30.95,84.60
44.089,0.000,0.000,29.31,83.10
44.093,0.000,0.000,29.31,82.05
44.097,0.000,0.000,29.31,81.32
44.098,0.000,0.000,29.31,80.80
44.102,0.000,0.000,27.58,79.42
44.103,0.000,0.000,27.58,78.46
44.106,0.000,0.000,27.58,77.78
44.108,0.000,0.000,27.58,77.31
44.132,0.000,0.000,25.79,75.85
44.133,0.000,0.000,25.79,74.83
44.136,0.000,0.000,24.03,72.26
44.140,0.000,0.000,24.03,70.46
44.141,0.000,0.000,24.03,69.20
44.142,0.000,0.000,24.03,68.32
44.151,0.000,0.000,22.32,66.10
44.152,0.000,0.000,22.32,64.54
44.153,0.000,0.000,22.32,63.46
44.154,0.000,0.000,22.32,62.69
44.181,0.000,0.000,20.59,60.62
44.182,0.000,0.000,20.59,59.16
44.185,0.000,0.000,19.03,57.20
44.186,0.000,0.000,19.03,55.83
44.187,0.000,0.000,19.03,54.87
44.188,0.000,0.000,19.03,54.19
44.198,0.000,0.000,17.59,52.43
44.199,0.000,0.000,17.59,51.19
44.200,0.000,0.000,17.59,50.32
44.201,0.000,0.000,17.59,49.72
44.231,0.000,0.000,16.07,47.73
44.232,0.000,0.000,16.07,46.33
44.237,0.000,0.000,16.07,45.36
44.238,0.000,0.000,16.07,44.68
44.241,0.000,0.000,14.29,43.03
44.243,0.000,0.000,14.29,41.87
44.244,0.000,0.000,14.29,41.06
44.248,0.000,0.000,14.29,40.50
44.251,0.000,0.000,12.52,38.73
44.252,0.000,0.000,12.52,37.50
44.253,0.000,0.000,12.52,36.64
44.253,0.000,0.000,12.52,36.04
44.294,0.000,0.000,10.60,34.08
44.295,0.000,0.000,10.60,32.71
44.301,0.000,0.000,8.48,30.32
44.302,0.000,0.000,8.48,28.65
44.303,0.000,0.000,6.39,26.04
44.303,0.000,0.000,6.39,24.21
44.306,0.000,0.000,6.39,22.93
44.308,0.000,0.000,6.39,22.04
44.310,0.000,0.000,4.56,19.71
44.311,0.000,0.000,4.56,18.08
44.315,0.000,0.000,4.56,16.94
44.316,0.000,0.000,4.56,16.14
44.337,0.000,0.000,2.88,14.01
44.339,0.000,0.000,2.88,12.52
44.345,0.000,0.000,1.30,9.99
44.346,0.000,0.000,1.30,8.22
44.349,0.000,0.000,1.30,6.98
44.350,0.000,0.000,1.30,6.12
44.358,0.000,0.000,-0.18,4.28
44.359,0.000,0.000,-0.18,3.00
44.365,0.000,0.000,-0.18,2.10
44.366,0.000,0.000,-0.18,1.47
44.389,0.000,0.000,-1.68,1.03
44.390,0.000,0.000,-1.68,0.72
44.394,0.000,0.000,-3.01,0.50
44.398,0.000,0.000,-3.01,0.35
44.408,0.000,0.000,-3.94,0.25
44.409,0.000,0.000,-3.94,0.17
44.410,0.000,0.000,-3.94,0.12
44.410,0.000,0.000,-3.94,0.08
44.435,0.000,0.000,-4.87,0.06
44.435,0.000,0.000,-4.87,0.04
44.442,0.000,0.000,-5.70,0.03
44.443,0.000,0.000,-5.70,0.02
44.454,0.000,0.000,-5.94,0.01
44.458,0.000,0.000,-5.94,0.01
44.459,0.000,0.000,-5.94,0.01
44.460,0.000,0.000,-5.94,0.00
44.486,0.000,0.000,-5.10,0.00
44.487,0.000,0.000,-5.10,0.00
44.488,0.000,0.000,-5.10,0.00
44.491,0.000,0.000,-5.10,0.00
44.493,0.000,0.000,-3.41,0.00
44.499,0.000,0.000,-3.41,0.00
44.500,0.000,0.000,-3.41,0.00
44.501,0.000,0.000,-3.41,0.00
44.502,0.000,0.000,-0.66,0.00
44.503,0.000,0.000,-0.66,0.00
44.506,0.000,0.000,-0.66,0.00
44.507,0.000,0.000,-0.66,0.00
44.532,0.000,0.000,1.95,0.62
44.533,0.000,0.000,1.95,1.06
44.536,0.000,0.000,3.69,1.89
44.539,0.000,0.000,3.69,2.47
44.550,0.000,0.000,5.05,3.29
44.551,0.000,0.000,5.05,3.87
44.552,0.000,0.000,5.05,4.27
44.553,0.000,0.000,5.05,4.56
44.584,0.000,0.000,6.90,5.32
44.585,0.000,0.000,6.90,5.85
44.588,0.000,0.000,9.97,7.15
44.589,0.000,0.000,9.97,8.05
44.598,0.000,0.000,13.95,5.64
44.599,0.000,0.000,13.95,3.95
44.600,0.000,0.000,13.95,2.76
44.601,0.000,0.000,13.95,1.93
44.637,0.000,0.000,17.90,1.35
44.638,0.000,0.000,17.90,0.95
44.640,0.000,0.000,20.97,0.66
44.643,0.000,0.000,20.97,0.46
44.650,0.000,0.000,23.16,0.32
44.651,0.000,0.000,23.16,0.23
44.677,0.000,0.000,25.23,0.16
44.678,0.000,0.000,25.23,7.16
44.684,0.000,0.000,25.23,12.06
44.685,0.000,0.000,25.23,15.50
44.686,0.000,0.000,27.15,18.30
44.687,0.000,0.000,27.15,20.27
44.693,0.000,0.000,27.15,21.65
44.694,0.000,0.000,27.15,22.61
44.698,0.000,0.000,28.74,23.60
44.699,0.000,0.000,28.74,24.29
44.719,0.000,0.000,30.12,25.04
44.720,0.000,0.000,30.12,25.56
44.735,0.000,0.000,30.12,25.92
44.736,0.000,0.000,30.12,26.18
44.747,0.000,0.000,31.48,26.65
44.748,0.000,0.000,31.48,26.97
44.751,0.000,0.000,32.67,27.61
44.752,0.000,0.000,32.67,28.06
44.758,0.000,0.000,33.51,28.77
44.759,0.000,0.000,33.51,29.26
44.764,0.000,0.000,33.51,29.61
44.765,0.000,0.000,33.51,29.85
44.798,0.000,0.000,34.21,30.47
44.799,0.000,0.000,34.21,30.91
44.802,0.000,0.000,35.06,31.44
44.803,0.000,0.000,35.06,31.80
44.804,0.000,0.000,35.06,32.06
44.804,0.000,0.000,35.06,32.24
44.808,0.000,0.000,35.80,32.72
44.810,0.000,0.000,35.80,33.06
44.814,0.000,0.000,35.80,33.30
44.815,0.000,0.000,35.80,33.47
44.839,0.000,0.000,36.36,34.04
44.842,0.000,0.000,36.36,34.44
44.848,0.000,0.000,36.80,35.10
44.849,0.000,0.000,36.80,35.57
44.854,0.000,0.000,37.21,35.98
44.856,0.000,0.000,37.21,36.27
44.858,0.000,0.000,37.21,36.47
44.859,0.000,0.000,37.21,36.61
44.883,0.000,0.000,37.69,37.24
44.884,0.000,0.000,37.69,37.68
44.885,0.000,0.000,37.69,37.99
44.886,0.000,0.000,37.69,38.21
44.892,0.000,0.000,38.17,38.64
44.893,0.000,0.000,38.17,38.94
44.902,0.000,0.000,38.70,39.12
44.903,0.000,0.000,38.70,39.24
44.908,0.000,0.000,38.70,39.33
44.909,0.000,0.000,38.70,39.39
44.936,0.000,0.000,39.20,39.52
44.937,0.000,0.000,39.20,39.60
44.947,0.000,0.000,39.74,39.73
44.948,0.000,0.000,39.74,39.82
44.950,0.000,0.000,40.20,39.90
44.951,0.000,0.000,40.20,39.96
44.952,0.000,0.000,40.20,40.00
44.953,0.000,0.000,40.20,40.03
44.982,0.000,0.000,40.51,40.23
44.983,0.000,0.000,40.51,40.37
44.986,0.000,0.000,40.66,28.26
44.987,0.000,0.000,40.66,19.78
44.989,0.000,0.000,40.66,13.85
44.991,0.000,0.000,40.66,9.69
44.998,0.000,0.000,40.82,6.78
44.999,0.000,0.000,40.82,4.75
45.000,0.000,0.000,40.82,3.32
45.001,0.000,0.000,40.82,2.33
45.032,0.000,0.000,41.04,1.63
45.033,0.000,0.000,41.04,1.14
45.034,0.000,0.000,41.04,0.80
45.035,0.000,0.000,41.04,0.56
45.042,0.000,0.000,41.38,0.39
45.044,0.000,0.000,41.38,0.27
45.047,0.000,0.000,41.38,0.19
45.048,0.000,0.000,41.38,0.13
45.051,0.000,0.000,41.72,0.09
45.052,0.000,0.000,41.72,0.07
45.053,0.000,0.000,41.72,0.05
45.056,0.000,0.000,41.72,0.03
45.082,0.000,0.000,41.97,0.02
45.083,0.000,0.000,41.97,0.02
45.084,0.000,0.000,42.09,0.01
45.085,0.000,0.000,42.09,0.01
45.099,0.000,0.000,42.16,0.01
45.100,0.000,0.000,42.16,0.00
45.101,0.000,0.000,42.16,0.00
45.102,0.000,0.000,42.16,0.00
45.109,0.000,0.000,42.33,0.00
45.110,0.000,0.000,42.33,0.00
45.116,0.000,0.000,42.33,0.00
45.117,0.000,0.000,42.33,0.00
45.142,0.000,0.000,42.46,0.00
45.143,0.000,0.000,42.46,0.00
45.148,0.000,0.000,42.55,0.00
45.149,0.000,0.000,42.55,0.00
45.150,0.000,0.000,42.55,0.00
45.151,0.000,0.000,42.55,0.00
45.159,0.000,0.000,42.52,0.00
45.160,0.000,0.000,42.52,0.00
45.164,0.000,0.000,42.52,0.00
45.165,0.000,0.000,42.52,0.00
45.193,0.000,0.000,42.52,0.00
45.194,0.000,0.000,42.52,0.00
45.200,0.000,0.000,42.57,0.00
45.201,0.000,0.000,42.57,0.00
45.208,0.000,0.000,42.47,0.00
45.209,0.000,0.000,42.47,0.00
45.210,0.000,0.000,42.47,0.00
45.214,0.000,0.000,42.47,0.00
45.251,0.000,0.000,42.17,0.00
45.252,0.000,0.000,42.17,0.00
45.258,0.000,0.000,41.58,0.00
45.259,0.000,0.000,41.58,0.00
45.263,0.000,0.000,40.89,0.00
45.264,0.000,0.000,40.89,16.25
45.298,0.000,0.000,40.13,28.58
45.299,0.000,0.000,40.13,37.20
45.300,0.000,0.000,40.13,43.24
45.301,0.000,0.000,40.13,47.47
45.303,0.000,0.000,39.07,51.39
45.308,0.000,0.000,39.07,54.13
45.309,0.000,0.000,37.71,57.41
45.310,0.000,0.000,37.71,59.71
45.314,0.000,0.000,37.71,61.31
45.315,0.000,0.000,37.71,62.44
45.344,0.000,0.000,35.94,64.16
45.345,0.000,0.000,35.94,65.37
45.351,0.000,0.000,35.94,66.22
45.352,0.000,0.000,35.94,66.81
45.353,0.000,0.000,33.80,68.76
45.355,0.000,0.000,33.80,70.12
45.358,0.000,0.000,33.80,71.07
45.359,0.000,0.000,33.80,71.73
45.365,0.000,0.000,31.05,74.03
45.366,0.000,0.000,31.05,75.64
45.367,0.000,0.000,31.05,76.77
45.368,0.000,0.000,31.05,77.55
45.369,0.000,0.000,28.01,77.41
45.372,0.000,0.000,28.01,77.30
45.374,0.000,0.000,28.01,77.23
45.375,0.000,0.000,28.01,77.18
45.399,0.000,0.000,25.61,75.64
45.400,0.000,0.000,25.61,74.56
45.402,0.000,0.000,23.51,72.39
45.403,0.000,0.000,23.51,70.87
45.431,0.000,0.000,21.18,68.13
45.431,0.000,0.000,21.18,66.21
45.432,0.000,0.000,21.18,64.87
45.433,0.000,0.000,21.18,63.93
45.436,0.000,0.000,18.28,61.04
45.437,0.000,0.000,18.28,59.03
45.438,0.000,0.000,18.28,57.61
45.439,0.000,0.000,18.28,56.63
45.448,0.000,0.000,14.87,53.15
45.449,0.000,0.000,14.87,50.71
45.450,0.000,0.000,14.87,49.01
45.451,0.000,0.000,14.87,47.82
45.470,0.000,0.000,11.64,44.20
45.471,0.000,0.000,11.64,41.67
45.488,0.000,0.000,11.64,39.90
45.490,0.000,0.000,11.64,38.66
45.491,0.000,0.000,9.03,35.46
45.492,0.000,0.000,9.03,33.22
45.498,0.000,0.000,7.16,29.94
45.499,0.000,0.000,7.16,27.65
45.518,0.000,0.000,5.66,24.66
45.519,0.000,0.000,5.66,22.57
45.536,0.000,0.000,4.09,19.65
45.538,0.000,0.000,4.09,17.60
45.543,0.000,0.000,2.45,14.53
45.544,0.000,0.000,2.45,12.38
45.558,0.000,0.000,0.91,9.45
45.559,0.000,0.000,0.91,7.40
45.560,0.000,0.000,0.91,5.96
45.564,0.000,0.000,0.91,4.95
45.588,0.000,0.000,-0.36,3.47
45.589,0.000,0.000,-0.36,2.43
45.594,0.000,0.000,-1.40,1.70
45.595,0.000,0.000,-1.40,1.19
45.608,0.000,0.000,-2.25,0.83
45.609,0.000,0.000,-2.25,0.58
45.610,0.000,0.000,-2.25,0.41
45.614,0.000,0.000,-2.25,0.29
45.639,0.000,0.000,-3.12,0.20
45.641,0.000,0.000,-3.12,0.14
45.647,0.000,0.000,-3.89,0.10
45.648,0.000,0.000,-3.89,0.07
45.649,0.000,0.000,-3.89,0.05
45.650,0.000,0.000,-3.89,0.03
45.654,0.000,0.000,-4.68,0.02
45.656,0.000,0.000,-4.68,0.02
45.659,0.000,0.000,-4.68,0.01
45.660,0.000,0.000,-4.68,0.01
45.683,0.000,0.000,-5.56,0.01
45.684,0.000,0.000,-5.56,0.00
45.687,0.000,0.000,-6.07,0.00
45.689,0.000,0.000,-6.07,0.00
45.702,0.000,0.000,-6.48,0.00
45.703,0.000,0.000,-6.48,0.00
45.705,0.000,0.000,-6.48,0.00
45.706,0.000,0.000,-6.48,0.00
45.731,0.000,0.000,-6.70,0.00
45.732,0.000,0.000,-6.70,0.00
45.735,0.000,0.000,-6.72,0.00
45.736,0.000,0.000,-6.72,0.00
45.750,0.000,0.000,-6.48,0.00
45.751,0.000,0.000,-6.48,0.00
45.753,0.000,0.000,-6.48,0.00
45.754,0.000,0.000,-6.48,0.00
45.781,0.000,0.000,-6.06,0.00
45.782,0.000,0.000,-6.06,0.00
45.785,0.000,0.000,-5.72,0.00
45.786,0.000,0.000,-5.72,0.00
45.799,0.000,0.000,-5.51,0.00
45.799,0.000,0.000,-5.51,0.00
45.833,0.000,0.000,-5.32,0.00
45.833,0.000,0.000,-5.32,0.00
45.836,0.000,0.000,-4.48,0.00
45.837,0.000,0.000,-4.48,0.00
45.849,0.000,0.000,-2.49,0.00
45.849,0.000,0.000,-2.49,0.00
45.876,0.000,0.000,0.98,0.31
45.877,0.000,0.000,0.98,0.54
45.878,0.000,0.000,0.98,0.69
45.879,0.000,0.000,0.98,0.80
45.889,0.000,0.000,4.66,0.56
45.891,0.000,0.000,4.66,0.39
45.894,0.000,0.000,7.54,0.27
45.898,0.000,0.000,7.54,0.19
45.899,0.000,0.000,7.54,0.13
45.900,0.000,0.000,7.54,0.09
45.910,0.000,0.000,9.81,0.07
45.914,0.000,0.000,9.81,0.05
45.916,0.000,0.000,9.81,0.03
45.917,0.000,0.000,9.81,0.02
45.944,0.000,0.000,12.43,0.02
45.945,0.000,0.000,12.43,0.01
45.949,0.000,0.000,15.76,0.01
45.950,0.000,0.000,15.76,0.01
45.960,0.000,0.000,19.64,0.00
45.964,0.000,0.000,19.64,0.00
45.965,0.000,0.000,19.64,0.00
45.966,0.000,0.000,19.64,0.00
45.990,0.000,0.000,23.38,0.00
45.991,0.000,0.000,23.38,0.00
45.996,0.000,0.000,26.40,7.30
45.997,0.000,0.000,26.40,12.41
46.008,0.000,0.000,28.73,16.46
46.009,0.000,0.000,28.73,19.29
46.010,0.000,0.000,28.73,21.27
46.011,0.000,0.000,28.73,22.66
46.037,0.000,0.000,30.55,23.97
46.038,0.000,0.000,30.55,24.89
46.039,0.000,0.000,30.55,25.53
46.043,0.000,0.000,30.55,25.98
46.046,0.000,0.000,32.20,26.58
46.049,0.000,0.000,32.20,26.99
46.053,0.000,0.000,33.87,27.55
46.058,0.000,0.000,33.87,27.94
46.059,0.000,0.000,33.87,28.21
46.060,0.000,0.000,33.87,28.41
46.082,0.000,0.000,35.72,28.80
46.083,0.000,0.000,35.72,29.08
46.084,0.000,0.000,35.72,29.28
46.085,0.000,0.000,35.72,29.41
46.088,0.000,0.000,37.63,29.78
46.091,0.000,0.000,37.63,30.03
46.093,0.000,0.000,37.63,30.21
46.094,0.000,0.000,37.63,30.34
46.104,0.000,0.000,39.14,30.61
46.105,0.000,0.000,39.14,30.80
46.107,0.000,0.000,39.14,30.93
46.108,0.000,0.000,39.14,31.03
46.136,0.000,0.000,40.16,31.27
46.137,0.000,0.000,40.16,31.44
46.140,0.000,0.000,40.78,31.90
46.142,0.000,0.000,40.78,32.23
46.151,0.000,0.000,41.22,32.96
46.152,0.000,0.000,41.22,33.47
46.152,0.000,0.000,41.22,33.82
46.153,0.000,0.000,41.22,34.07
46.182,0.000,0.000,41.68,35.04
46.183,0.000,0.000,41.68,35.72
46.190,0.000,0.000,41.68,36.20
46.192,0.000,0.000,41.68,36.53
46.194,0.000,0.000,42.33,37.40
46.195,0.000,0.000,42.33,38.01
46.199,0.000,0.000,42.33,38.43
46.200,0.000,0.000,42.33,38.73
46.201,0.000,0.000,43.34,38.96
46.201,0.000,0.000,43.34,39.12
46.202,0.000,0.000,43.34,39.23
46.203,0.000,0.000,43.34,39.31
46.231,0.000,0.000,44.20,39.30
46.232,0.000,0.000,44.20,39.29
46.235,0.000,0.000,44.84,39.22
46.236,0.000,0.000,44.84,39.17
46.246,0.000,0.000,45.30,39.16
46.247,0.000,0.000,45.30,39.15
46.250,0.000,0.000,45.30,39.14
46.251,0.000,0.000,45.30,39.13
46.280,0.000,0.000,45.63,39.36
46.281,0.000,0.000,45.63,39.51
46.284,0.000,0.000,45.99,40.15
46.285,0.000,0.000,45.99,40.60
46.297,0.000,0.000,46.51,41.12
46.298,0.000,0.000,46.51,41.48
46.310,0.000,0.000,47.60,41.38
46.311,0.000,0.000,47.60,41.31
46.313,0.000,0.000,47.60,41.26
46.316,0.000,0.000,47.60,41.22
46.348,0.000,0.000,48.90,40.79
46.349,0.000,0.000,48.90,40.48
46.352,0.000,0.000,50.08,39.61
46.356,0.000,0.000,50.08,39.00
46.357,0.000,0.000,50.08,38.58
46.358,0.000,0.000,50.08,38.28
46.362,0.000,0.000,51.01,37.78
46.363,0.000,0.000,51.01,37.42
46.364,0.000,0.000,51.01,37.17
46.367,0.000,0.000,51.01,37.00
46.393,0.000,0.000,51.46,36.95
46.394,0.000,0.000,51.46,36.91
46.395,0.000,0.000,51.46,36.88
46.399,0.000,0.000,51.46,36.87
46.402,0.000,0.000,51.78,37.33
46.403,0.000,0.000,51.78,37.66
46.404,0.000,0.000,51.78,37.89
46.407,0.000,0.000,51.78,38.05
46.409,0.000,0.000,52.15,38.57
46.410,0.000,0.000,52.15,38.94
46.411,0.000,0.000,52.15,39.19
46.414,0.000,0.000,52.15,39.37
46.437,0.000,0.000,52.65,40.23
46.439,0.000,0.000,52.65,40.82
46.443,0.000,0.000,53.43,41.20
46.444,0.000,0.000,53.43,41.46
46.456,0.000,0.000,54.49,41.14
46.459,0.000,0.000,54.49,40.91
46.461,0.000,0.000,54.49,40.76
46.465,0.000,0.000,54.49,40.65
46.497,0.000,0.000,54.93,40.46
46.498,0.000,0.000,54.93,40.33
46.501,0.000,0.000,55.19,40.40
46.502,0.000,0.000,55.19,40.44
46.504,0.000,0.000,55.29,40.68
46.505,0.000,0.000,55.29,40.85
46.509,0.000,0.000,55.29,40.96
46.510,0.000,0.000,55.29,41.04
46.533,0.000,0.000,55.19,41.93
46.534,0.000,0.000,55.19,42.54
46.537,0.000,0.000,54.94,44.24
46.541,0.000,0.000,54.94,45.42
46.550,0.000,0.000,54.50,47.26
46.551,0.000,0.000,54.50,48.55
46.552,0.000,0.000,54.50,49.45
46.553,0.000,0.000,54.50,50.08
46.582,0.000,0.000,53.89,51.39
46.583,0.000,0.000,53.89,52.31
46.585,0.000,0.000,53.25,54.06
46.586,0.000,0.000,53.25,55.28
46.588,0.000,0.000,53.25,56.14
46.589,0.000,0.000,53.25,56.74
46.598,0.000,0.000,52.33,58.27
46.599,0.000,0.000,52.33,59.34
46.601,0.000,0.000,52.33,60.09
46.602,0.000,0.000,52.33,60.62
46.632,0.000,0.000,50.63,63.09
46.633,0.000,0.000,50.63,64.82
46.634,0.000,0.000,50.63,66.03
46.635,0.000,0.000,50.63,66.88
46.638,0.000,0.000,47.66,70.82
46.639,0.000,0.000,47.66,73.58
46.647,0.000,0.000,43.51,80.88
46.648,0.000,0.000,43.51,86.00
46.650,0.000,0.000,43.51,89.58
46.651,0.000,0.000,43.51,92.08
46.683,0.000,0.000,38.57,92.54
46.684,0.000,0.000,38.57,92.86
46.685,0.000,0.000,34.35,91.45
46.686,0.000,0.000,34.35,90.46
46.695,0.000,0.000,30.93,88.10
46.699,0.000,0.000,30.93,86.44
46.700,0.000,0.000,30.93,85.28
46.701,0.000,0.000,30.93,84.47
46.710,0.000,0.000,27.39,81.87
46.711,0.000,0.000,27.39,80.05
46.716,0.000,0.000,27.39,78.78
46.717,0.000,0.000,27.39,77.89
46.744,0.000,0.000,24.09,75.12
46.745,0.000,0.000,24.09,73.18
46.749,0.000,0.000,21.51,69.99
46.750,0.000,0.000,21.51,67.76
46.759,0.000,0.000,19.17,64.42
46.760,0.000,0.000,19.17,62.09
46.764,0.000,0.000,19.17,60.45
46.765,0.000,0.000,19.17,59.31
46.789,0.000,0.000,16.73,56.57
46.792,0.000,0.000,16.73,54.65
46.798,0.000,0.000,14.25,51.25
46.799,0.000,0.000,14.25,48.86
46.799,0.000,0.000,14.25,47.19
46.800,0.000,0.000,14.25,46.02
46.806,0.000,0.000,11.77,43.06
46.807,0.000,0.000,11.77,40.98
46.810,0.000,0.000,11.77,39.53
46.814,0.000,0.000,11.77,38.51
46.837,0.000,0.000,9.44,35.72
46.839,0.000,0.000,9.44,33.77
46.843,0.000,0.000,7.29,30.45
46.844,0.000,0.000,7.29,28.13
46.855,0.000,0.000,5.34,24.70
46.858,0.000,0.000,5.34,22.30
46.859,0.000,0.000,5.34,20.62
46.860,0.000,0.000,5.34,19.44
46.885,0.000,0.000,3.69,17.08
46.886,0.000,0.000,3.69,15.43
46.891,0.000,0.000,2.21,12.88
46.894,0.000,0.000,2.21,11.10
46.902,0.000,0.000,0.67,8.40
46.903,0.000,0.000,0.67,6.51
46.908,0.000,0.000,0.67,5.19
46.909,0.000,0.000,0.67,4.26
46.932,0.000,0.000,-0.75,2.98
46.933,0.000,0.000,-0.75,2.09
46.936,0.000,0.000,-1.68,1.46
46.937,0.000,0.000,-1.68,1.02
46.950,0.000,0.000,-2.29,0.72
46.951,0.000,0.000,-2.29,0.50
46.952,0.000,0.000,-2.29,0.35
46.953,0.000,0.000,-2.29,0.25
46.981,0.000,0.000,-2.63,0.17
46.982,0.000,0.000,-2.63,0.12
46.985,0.000,0.000,-2.69,0.08
46.986,0.000,0.000,-2.69,0.06
46.987,0.000,0.000,-2.69,0.04
46.988,0.000,0.000,-2.69,0.03
46.998,0.000,0.000,-2.40,0.02
46.999,0.000,0.000,-2.40,0.01
47.001,0.000,0.000,-2.40,0.01
47.002,0.000,0.000,-2.40,0.01
47.031,0.000,0.000,-1.81,0.00
47.032,0.000,0.000,-1.81,0.00
47.035,0.000,0.000,-0.81,0.00
47.036,0.000,0.000,-0.81,0.00
47.051,0.000,0.000,0.32,0.12
47.053,0.000,0.000,0.32,0.21
47.053,0.000,0.000,0.32,0.27
47.054,0.000,0.000,0.32,0.31
47.077,0.000,0.000,1.56,0.78
47.080,0.000,0.000,1.56,1.11
47.100,0.000,0.000,1.56,1.34
47.101,0.000,0.000,1.56,0.94
47.102,0.000,0.000,3.12,0.66
47.103,0.000,0.000,3.12,1.51
47.107,0.000,0.000,4.91,2.64
47.109,0.000,0.000,4.91,3.43
47.110,0.000,0.000,4.91,2.40
47.111,0.000,0.000,4.91,1.68
47.112,0.000,0.000,6.92,1.18
47.113,0.000,0.000,6.92,0.82
47.114,0.000,0.000,6.92,0.58
47.118,0.000,0.000,6.92,0.40
47.148,0.000,0.000,8.60,0.28
47.149,0.000,0.000,8.60,0.20
47.151,0.000,0.000,10.20,0.14
47.151,0.000,0.000,10.20,0.10
47.155,0.000,0.000,10.20,0.07
47.157,0.000,0.000,10.20,0.05
47.160,0.000,0.000,12.32,0.03
47.161,0.000,0.000,12.32,0.02
47.185,0.000,0.000,14.46,0.02
47.186,0.000,0.000,14.46,0.01
47.191,0.000,0.000,16.15,0.01
47.194,0.000,0.000,16.15,0.01
47.198,0.000,0.000,16.15,4.82
47.199,0.000,0.000,16.15,8.18
47.200,0.000,0.000,16.15,10.54
47.201,0.000,0.000,16.15,12.19
47.206,0.000,0.000,17.83,13.79
47.208,0.000,0.000,17.83,14.91
47.209,0.000,0.000,17.83,15.70
47.211,0.000,0.000,17.83,16.25
47.240,0.000,0.000,19.96,17.18
47.241,0.000,0.000,19.96,17.84
47.243,0.000,0.000,19.96,18.30
47.243,0.000,0.000,19.96,18.62
47.246,0.000,0.000,22.95,19.57
47.250,0.000,0.000,22.95,20.23
47.251,0.000,0.000,22.95,20.70
47.252,0.000,0.000,22.95,21.03
47.254,0.000,0.000,26.19,21.98
47.258,0.000,0.000,26.19,22.64
47.259,0.000,0.000,26.19,23.11
47.260,0.000,0.000,26.19,23.43
47.283,0.000,0.000,29.21,24.26
47.284,0.000,0.000,29.21,24.85
47.288,0.000,0.000,29.21,25.26
47.291,0.000,0.000,29.21,25.54
47.298,0.000,0.000,31.81,26.21
47.299,0.000,0.000,31.81,26.67
47.301,0.000,0.000,33.51,27.27
47.302,0.000,0.000,33.51,27.69
47.303,0.000,0.000,33.51,27.98
47.305,0.000,0.000,33.51,28.19
47.308,0.000,0.000,33.51,28.33
47.309,0.000,0.000,33.51,28.43
47.332,0.000,0.000,34.91,28.71
47.333,0.000,0.000,34.91,28.91
47.336,0.000,0.000,36.23,29.22
47.337,0.000,0.000,36.23,29.44
47.354,0.000,0.000,37.80,29.83
47.356,0.000,0.000,37.80,30.11
47.358,0.000,0.000,37.80,30.30
47.359,0.000,0.000,37.80,30.43
47.380,0.000,0.000,39.63,30.82
47.382,0.000,0.000,39.63,31.09
47.396,0.000,0.000,39.63,31.28
47.398,0.000,0.000,39.63,31.42
47.404,0.000,0.000,41.61,31.67
47.408,0.000,0.000,41.61,31.85
47.409,0.000,0.000,41.61,31.97
47.410,0.000,0.000,41.61,32.06
47.415,0.000,0.000,42.93,32.21
47.416,0.000,0.000,42.93,32.31
47.417,0.000,0.000,42.93,32.38
47.418,0.000,0.000,42.93,32.43
47.421,0.000,0.000,43.60,32.62
47.427,0.000,0.000,43.60,32.76
47.431,0.000,0.000,43.60,32.85
47.432,0.000,0.000,43.60,32.91
47.433,0.000,0.000,44.08,33.40
47.434,0.000,0.000,44.08,33.74
47.465,0.000,0.000,44.62,34.56
47.466,0.000,0.000,44.62,35.13
47.469,0.000,0.000,45.26,36.32
47.470,0.000,0.000,45.26,37.16
47.500,0.000,0.000,46.09,38.16
47.501,0.000,0.000,46.09,38.85
47.504,0.000,0.000,46.70,39.30
47.505,0.000,0.000,46.70,39.62
47.508,0.000,0.000,46.70,39.84
47.511,0.000,0.000,46.70,39.99
47.532,0.000,0.000,47.09,40.20
47.533,0.000,0.000,47.09,40.35
47.534,0.000,0.000,47.29,40.61
47.535,0.000,0.000,47.29,40.79
47.538,0.000,0.000,47.29,40.92
47.541,0.000,0.000,47.29,41.01
47.543,0.000,0.000,47.39,41.50
47.544,0.000,0.000,47.39,41.85
47.547,0.000,0.000,47.39,42.09
47.548,0.000,0.000,47.39,42.26
47.558,0.000,0.000,47.29,43.12
47.559,0.000,0.000,47.29,43.73
47.564,0.000,0.000,47.29,44.15
47.565,0.000,0.000,47.29,44.44
47.603,0.000,0.000,47.15,45.50
47.605,0.000,0.000,47.15,46.25
47.610,0.000,0.000,47.13,47.09
47.613,0.000,0.000,47.13,47.67
47.615,0.000,0.000,47.25,48.28
47.616,0.000,0.000,47.25,48.71
47.638,0.000,0.000,47.47,34.10
47.639,0.000,0.000,47.47,23.87
47.643,0.000,0.000,47.55,16.71
47.644,0.000,0.000,47.55,11.69
47.647,0.000,0.000,47.55,8.19
47.648,0.000,0.000,47.55,5.73
47.656,0.000,0.000,47.49,4.01
47.658,0.000,0.000,47.49,2.81
47.659,0.000,0.000,47.49,1.97
47.660,0.000,0.000,47.49,1.38
47.692,0.000,0.000,47.33,0.96
47.693,0.000,0.000,47.33,0.67
47.697,0.000,0.000,47.03,0.47
47.698,0.000,0.000,47.03,0.33
47.702,0.000,0.000,46.62,0.23
47.703,0.000,0.000,46.62,0.16
47.706,0.000,0.000,46.62,0.11
47.708,0.000,0.000,46.62,0.08
47.730,0.000,0.000,46.05,0.06
47.731,0.000,0.000,46.05,0.04
47.732,0.000,0.000,46.05,0.03
47.733,0.000,0.000,46.05,0.02
47.736,0.000,0.000,45.24,0.01
47.737,0.000,0.000,45.24,17.41
47.741,0.000,0.000,45.24,29.59
47.742,0.000,0.000,45.24,38.12
47.750,0.000,0.000,44.14,45.25
47.751,0.000,0.000,44.14,50.25
47.752,0.000,0.000,44.14,53.75
47.753,0.000,0.000,44.14,56.20
47.783,0.000,0.000,42.45,59.25
47.784,0.000,0.000,42.45,61.40
47.787,0.000,0.000,40.05,66.08
47.788,0.000,0.000,40.05,69.36
47.798,0.000,0.000,36.66,75.95
47.799,0.000,0.000,36.66,80.57
47.800,0.000,0.000,36.66,83.81
47.801,0.000,0.000,36.66,86.07
47.831,0.000,0.000,32.13,85.64
47.832,0.000,0.000,32.13,85.34
47.832,0.000,0.000,32.13,85.13
47.834,0.000,0.000,32.13,84.99
47.837,0.000,0.000,27.05,82.02
47.839,0.000,0.000,27.05,79.95
47.841,0.000,0.000,27.05,78.50
47.843,0.000,0.000,27.05,77.48
47.847,0.000,0.000,22.31,73.58
47.848,0.000,0.000,22.31,70.85
47.849,0.000,0.000,22.31,68.94
47.850,0.000,0.000,22.31,67.60
47.881,0.000,0.000,18.99,64.18
47.882,0.000,0.000,18.99,61.78
47.887,0.000,0.000,18.99,60.10
47.889,0.000,0.000,18.99,58.93
47.893,0.000,0.000,15.94,55.65
47.894,0.000,0.000,15.94,53.36
47.899,0.000,0.000,12.27,48.63
47.900,0.000,0.000,12.27,45.33
47.910,0.000,0.000,8.36,39.52
47.912,0.000,0.000,8.36,35.46
47.916,0.000,0.000,8.36,32.61
47.917,0.000,0.000,8.36,30.62
47.943,0.000,0.000,4.84,25.98
47.944,0.000,0.000,4.84,22.72
47.950,0.000,0.000,2.02,17.80
47.951,0.000,0.000,2.02,14.36
47.959,0.000,0.000,-0.23,10.05
47.960,0.000,0.000,-0.23,7.04
47.985,0.000,0.000,-1.88,4.93
47.986,0.000,0.000,-1.88,3.45
47.992,0.000,0.000,-3.26,2.41
47.993,0.000,0.000,-3.26,1.69
47.994,0.000,0.000,-3.26,1.18
47.995,0.000,0.000,-3.26,0.83
48.009,0.000,0.000,-4.56,0.58
48.010,0.000,0.000,-4.56,0.41
48.014,0.000,0.000,-4.56,0.28
48.015,0.000,0.000,-4.56,0.20
48.039,0.000,0.000,-5.76,0.14
48.040,0.000,0.000,-5.76,0.10
48.049,0.000,0.000,-6.86,0.07
48.050,0.000,0.000,-6.86,0.05
48.054,0.000,0.000,-7.64,0.03
48.058,0.000,0.000,-7.64,0.02
48.059,0.000,0.000,-7.64,0.02
48.060,0.000,0.000,-7.64,0.01
48.084,0.000,0.000,-7.81,0.01
48.085,0.000,0.000,-7.81,0.01
48.089,0.000,0.000,-7.54,0.00
48.091,0.000,0.000,-7.54,0.00
48.102,0.000,0.000,-7.17,0.00
48.103,0.000,0.000,-7.17,0.00
48.105,0.000,0.000,-7.17,0.00
48.106,0.000,0.000,-7.17,0.00
48.136,0.000,0.000,-6.45,0.00
48.137,0.000,0.000,-6.45,0.00
48.139,0.000,0.000,-6.45,0.00
48.140,0.000,0.000,-6.45,0.00
48.148,0.000,0.000,-5.38,0.00
48.149,0.000,0.000,-5.38,0.00
48.150,0.000,0.000,-3.89,0.00
48.151,0.000,0.000,-3.89,0.00
48.153,0.000,0.000,-3.89,0.00
48.154,0.000,0.000,-3.89,0.00
48.184,0.000,0.000,-1.90,0.00
48.185,0.000,0.000,-1.90,0.00
48.189,0.000,0.000,0.90,0.28
48.192,0.000,0.000,0.90,0.48
48.198,0.000,0.000,4.28,1.66
48.199,0.000,0.000,4.28,2.49
48.201,0.000,0.000,4.28,3.07
48.202,0.000,0.000,4.28,3.48
48.231,0.000,0.000,7.27,4.68
48.232,0.000,0.000,7.27,5.52
48.233,0.000,0.000,7.27,3.86
48.234,0.000,0.000,7.27,2.70
48.239,0.000,0.000,9.30,1.89
48.242,0.000,0.000,9.30,1.32
48.248,0.000,0.000,10.82,0.93
48.249,0.000,0.000,10.82,0.65
48.250,0.000,0.000,10.82,0.45
48.251,0.000,0.000,10.82,0.32
48.283,0.000,0.000,12.18,0.22
48.284,0.000,0.000,12.18,0.16
48.288,0.000,0.000,13.54,0.11
48.291,0.000,0.000,13.54,0.08
48.298,0.000,0.000,15.10,0.05
48.299,0.000,0.000,15.10,0.04
48.321,0.000,0.000,16.91,5.14
48.323,0.000,0.000,16.91,8.70
48.341,0.000,0.000,18.51,11.67
48.343,0.000,0.000,18.51,13.75
48.345,0.000,0.000,19.83,15.47
48.346,0.000,0.000,19.83,16.68
48.347,0.000,0.000,19.83,17.53
48.351,0.000,0.000,19.83,18.12
48.358,0.000,0.000,21.21,18.88
48.359,0.000,0.000,21.21,19.42
48.360,0.000,0.000,21.21,19.79
48.361,0.000,0.000,21.21,20.05
48.390,0.000,0.000,23.02,20.65
48.391,0.000,0.000,23.02,21.07
48.392,0.000,0.000,23.02,21.37
48.393,0.000,0.000,23.02,21.57
48.396,0.000,0.000,25.25,22.20
48.397,0.000,0.000,25.25,22.64
48.398,0.000,0.000,25.25,22.95
48.402,0.000,0.000,25.25,23.16
48.408,0.000,0.000,28.02,23.85
48.409,0.000,0.000,28.02,24.33
48.414,0.000,0.000,28.02,24.66
48.415,0.000,0.000,28.02,24.90
48.440,0.000,0.000,31.21,25.65
48.441,0.000,0.000,31.21,26.18
48.445,0.000,0.000,34.26,27.04
48.446,0.000,0.000,34.26,27.64
48.454,0.000,0.000,36.86,28.42
48.456,0.000,0.000,36.86,28.96
48.457,0.000,0.000,36.86,29.34
48.459,0.000,0.000,36.86,29.61
48.484,0.000,0.000,39.11,30.05
48.485,0.000,0.000,39.11,30.36
48.488,0.000,0.000,41.47,30.80
48.491,0.000,0.000,41.47,31.11
48.502,0.000,0.000,43.76,31.48
48.503,0.000,0.000,43.76,31.75
48.504,0.000,0.000,43.76,31.93
48.505,0.000,0.000,43.76,32.06
48.534,0.000,0.000,45.74,32.26
48.535,0.000,0.000,45.74,32.39
48.538,0.000,0.000,47.67,32.55
48.539,0.000,0.000,47.67,32.66
48.541,0.000,0.000,47.67,32.73
48.542,0.000,0.000,47.67,32.79
48.550,0.000,0.000,49.39,32.85
48.551,0.000,0.000,49.39,32.89
48.552,0.000,0.000,49.39,32.92
48.553,0.000,0.000,49.39,32.94
48.584,0.000,0.000,50.71,32.96
48.585,0.000,0.000,50.71,32.97
48.586,0.000,0.000,50.71,32.98
48.587,0.000,0.000,50.71,32.99
48.593,0.000,0.000,51.53,33.17
48.597,0.000,0.000,51.53,33.30
48.599,0.000,0.000,52.19,33.63
48.600,0.000,0.000,52.19,33.86
48.631,0.000,0.000,52.93,34.73
48.632,0.000,0.000,52.93,35.34
48.633,0.000,0.000,52.93,35.77
48.634,0.000,0.000,52.93,36.07
48.639,0.000,0.000,53.93,36.49
48.642,0.000,0.000,53.93,36.78
48.648,0.000,0.000,54.58,37.34
48.649,0.000,0.000,54.58,37.73
48.674,0.000,0.000,54.99,38.20
48.675,0.000,0.000,54.99,38.52
48.687,0.000,0.000,55.60,38.86
48.688,0.000,0.000,55.60,39.09
48.698,0.000,0.000,55.93,39.40
48.699,0.000,0.000,55.93,39.62
48.700,0.000,0.000,55.93,39.78
48.701,0.000,0.000,55.93,39.89
48.710,0.000,0.000,56.21,40.74
48.714,0.000,0.000,56.21,41.34
48.716,0.000,0.000,56.21,41.76
48.716,0.000,0.000,56.21,42.05
48.750,0.000,0.000,56.43,42.63
48.751,0.000,0.000,56.43,43.04
48.755,0.000,0.000,56.58,43.56
48.759,0.000,0.000,56.58,43.93
48.761,0.000,0.000,56.69,44.57
48.764,0.000,0.000,56.69,45.02
48.765,0.000,0.000,56.69,45.33
48.766,0.000,0.000,56.69,45.55
48.790,0.000,0.000,56.71,46.04
48.792,0.000,0.000,56.71,46.38
48.795,0.000,0.000,56.61,47.01
48.799,0.000,0.000,56.61,47.45
48.800,0.000,0.000,56.61,47.76
48.800,0.000,0.000,56.61,47.97
48.807,0.000,0.000,56.43,48.49
48.809,0.000,0.000,56.43,48.86
48.833,0.000,0.000,56.26,49.43
48.834,0.000,0.000,56.26,49.82
48.838,0.000,0.000,56.07,50.52
48.839,0.000,0.000,56.07,51.00
48.843,0.000,0.000,56.07,51.34
48.844,0.000,0.000,56.07,51.58
48.858,0.000,0.000,55.77,52.10
48.859,0.000,0.000,55.77,52.47
48.860,0.000,0.000,55.77,52.72
48.861,0.000,0.000,55.77,52.90
48.886,0.000,0.000,55.31,53.39
48.887,0.000,0.000,55.31,53.73
48.893,0.000,0.000,54.47,54.88
48.897,0.000,0.000,54.47,55.69
48.899,0.000,0.000,54.47,56.26
48.899,0.000,0.000,54.47,56.65
48.902,0.000,0.000,53.18,58.49
48.903,0.000,0.000,53.18,59.77
48.905,0.000,0.000,53.18,60.67
48.908,0.000,0.000,53.18,61.30
48.934,0.000,0.000,50.90,64.37
48.935,0.000,0.000,50.90,66.52
48.938,0.000,0.000,47.43,74.55
48.939,0.000,0.000,47.43,80.17
48.942,0.000,0.000,47.43,84.11
48.943,0.000,0.000,47.43,86.86
48.950,0.000,0.000,42.56,89.99
48.951,0.000,0.000,42.56,92.18
48.952,0.000,0.000,42.56,93.71
48.953,0.000,0.000,42.56,94.78
48.983,0.000,0.000,37.32,94.00
48.984,0.000,0.000,37.32,93.45
48.987,0.000,0.000,32.92,91.20
48.988,0.000,0.000,32.92,89.62
48.998,0.000,0.000,29.00,86.44
48.999,0.000,0.000,29.00,84.22
49.001,0.000,0.000,29.00,82.66
49.002,0.000,0.000,29.00,81.57
49.031,0.000,0.000,24.71,78.11
49.032,0.000,0.000,24.71,75.70
49.033,0.000,0.000,24.71,74.00
49.034,0.000,0.000,24.71,72.82
49.037,0.000,0.000,19.74,68.41
49.038,0.000,0.000,19.74,65.32
49.048,0.000,0.000,14.63,59.03
49.049,0.000,0.000,14.63,54.63
49.081,0.000,0.000,10.09,47.59
49.082,0.000,0.000,10.09,42.67
49.085,0.000,0.000,6.30,35.76
49.086,0.000,0.000,6.30,30.93
49.097,0.000,0.000,2.98,24.46
49.098,0.000,0.000,2.98,19.93
49.119,0.000,0.000,0.09,14.03
49.120,0.000,0.000,0.09,9.91
49.135,0.000,0.000,-1.90,6.94
49.136,0.000,0.000,-1.90,4.85
49.143,0.000,0.000,-3.57,3.40
49.148,0.000,0.000,-3.57,2.38
49.160,0.000,0.000,-5.07,1.67
49.164,0.000,0.000,-5.07,1.17
49.188,0.000,0.000,-6.26,0.82
49.189,0.000,0.000,-6.26,0.57
49.195,0.000,0.000,-7.14,0.40
49.196,0.000,0.000,-7.14,0.28
49.207,0.000,0.000,-7.87,0.20
49.208,0.000,0.000,-7.87,0.14
49.210,0.000,0.000,-7.87,0.10
49.211,0.000,0.000,-7.87,0.07
49.236,0.000,0.000,-8.63,0.05
49.237,0.000,0.000,-8.63,0.03
49.238,0.000,0.000,-8.63,0.02
49.239,0.000,0.000,-8.63,0.02
49.243,0.000,0.000,-9.32,0.01
49.244,0.000,0.000,-9.32,0.01
49.258,0.000,0.000,-9.94,0.01
49.259,0.000,0.000,-9.94,0.00
49.260,0.000,0.000,-9.94,0.00
49.264,0.000,0.000,-9.94,0.00
49.286,0.000,0.000,-10.35,0.00
49.287,0.000,0.000,-10.35,0.00
49.288,0.000,0.000,-10.35,0.00
49.289,0.000,0.000,-10.35,0.00
49.295,0.000,0.000,-10.66,0.00
49.296,0.000,0.000,-10.66,0.00
49.302,0.000,0.000,-10.84,0.00
49.303,0.000,0.000,-10.84,0.00
49.304,0.000,0.000,-10.84,0.00
49.305,0.000,0.000,-10.84,0.00
49.332,0.000,0.000,-10.88,0.00
49.333,0.000,0.000,-10.88,0.00
49.336,0.000,0.000,-10.73,0.00
49.337,0.000,0.000,-10.73,0.00
49.351,0.000,0.000,-10.37,0.00
49.351,0.000,0.000,-10.37,0.00
49.352,0.000,0.000,-10.37,0.00
49.353,0.000,0.000,-10.37,0.00
49.382,0.000,0.000,-9.66,0.00
49.383,0.000,0.000,-9.66,0.00
49.386,0.000,0.000,-8.17,0.00
49.387,0.000,0.000,-8.17,0.00
49.388,0.000,0.000,-8.17,0.00
49.389,0.000,0.000,-8.17,0.00
49.398,0.000,0.000,-6.01,0.00
49.399,0.000,0.000,-6.01,0.00
49.401,0.000,0.000,-6.01,0.00
49.402,0.000,0.000,-6.01,0.00
49.436,0.000,0.000,-3.33,0.00
49.437,0.000,0.000,-3.33,0.00
49.438,0.000,0.000,-0.72,0.00
49.444,0.000,0.000,-0.72,0.00
49.449,0.000,0.000,2.31,0.00
49.449,0.000,0.000,2.31,0.00
49.450,0.000,0.000,2.31,0.00
49.451,0.000,0.000,2.31,0.00
49.470,0.000,0.000,5.58,0.00
49.471,0.000,0.000,5.58,0.00
49.491,0.000,0.000,5.58,0.00
49.492,0.000,0.000,5.58,0.00
49.493,0.000,0.000,8.76,0.00
49.495,0.000,0.000,8.76,0.00
49.498,0.000,0.000,8.76,0.00
49.499,0.000,0.000,8.76,0.00
49.501,0.000,0.000,11.66,0.00
49.502,0.000,0.000,11.66,0.00
49.503,0.000,0.000,11.66,0.00
49.504,0.000,0.000,11.66,0.00
49.510,0.000,0.000,14.49,0.00
49.512,0.000,0.000,14.49,0.00
49.514,0.000,0.000,14.49,0.00
49.514,0.000,0.000,14.49,0.00
49.541,0.000,0.000,17.30,0.00
49.542,0.000,0.000,17.30,0.00
49.543,0.000,0.000,17.30,0.00
49.544,0.000,0.000,17.30,0.00
49.547,0.000,0.000,20.04,5.83
49.548,0.000,0.000,20.04,9.91
49.559,0.000,0.000,22.09,13.27
49.560,0.000,0.000,22.09,15.62
49.564,0.000,0.000,22.09,17.27
49.565,0.000,0.000,22.09,18.42
49.594,0.000,0.000,24.00,19.67
49.595,0.000,0.000,24.00,20.55
49.596,0.000,0.000,26.05,21.61
49.601,0.000,0.000,26.05,22.35
49.604,0.000,0.000,26.05,22.87
49.605,0.000,0.000,26.05,23.24
49.609,0.000,0.000,28.18,23.93
49.614,0.000,0.000,28.18,24.41
49.640,0.000,0.000,30.52,25.19
49.641,0.000,0.000,30.52,25.74
49.645,0.000,0.000,32.60,26.47
49.648,0.000,0.000,32.60,26.99
49.654,0.000,0.000,34.13,27.59
49.655,0.000,0.000,34.13,28.01
49.659,0.000,0.000,34.13,28.30
49.660,0.000,0.000,34.13,28.50
49.685,0.000,0.000,35.34,28.82
49.686,0.000,0.000,35.34,29.04
49.692,0.000,0.000,36.42,29.39
49.693,0.000,0.000,36.42,29.63
49.702,0.000,0.000,37.57,29.97
49.703,0.000,0.000,37.57,30.22
49.707,0.000,0.000,37.57,30.39
49.708,0.000,0.000,37.57,30.51
49.732,0.000,0.000,39.02,31.25
49.733,0.000,0.000,39.02,31.77
49.736,0.000,0.000,40.45,32.15
49.737,0.000,0.000,40.45,32.41
49.750,0.000,0.000,41.83,32.59
49.751,0.000,0.000,41.83,32.72
49.752,0.000,0.000,41.83,32.80
49.753,0.000,0.000,41.83,32.87
49.783,0.000,0.000,42.95,32.96
49.784,0.000,0.000,42.95,33.03
49.785,0.000,0.000,42.95,33.07
49.786,0.000,0.000,42.95,33.11
49.789,0.000,0.000,43.86,33.38
49.792,0.000,0.000,43.86,33.58
49.798,0.000,0.000,44.82,33.76
49.799,0.000,0.000,44.82,33.88
49.801,0.000,0.000,44.82,33.97
49.801,0.000,0.000,44.82,34.04
49.827,0.000,0.000,45.48,34.67
49.828,0.000,0.000,45.48,35.11
49.834,0.000,0.000,45.48,35.42
49.835,0.000,0.000,45.48,35.63
49.842,0.000,0.000,46.05,36.39
49.843,0.000,0.000,46.05,36.92
49.848,0.000,0.000,46.85,37.34
49.849,0.000,0.000,46.85,37.63
49.850,0.000,0.000,46.85,37.83
49.851,0.000,0.000,46.85,37.98
49.879,0.000,0.000,47.91,38.04
49.880,0.000,0.000,47.91,38.08
49.881,0.000,0.000,47.91,38.11
49.883,0.000,0.000,47.91,38.13
49.888,0.000,0.000,48.64,38.37
49.889,0.000,0.000,48.64,38.54
49.897,0.000,0.000,49.06,38.78
49.898,0.000,0.000,49.06,38.96
49.899,0.000,0.000,49.06,39.08
49.900,0.000,0.000,49.06,39.17
49.910,0.000,0.000,49.30,39.38
49.914,0.000,0.000,49.30,39.54
49.915,0.000,0.000,49.30,39.64
49.916,0.000,0.000,49.30,39.72
49.937,0.000,0.000,49.23,40.54
49.938,0.000,0.000,49.23,41.12
49.943,0.000,0.000,48.80,42.82
49.945,0.000,0.000,48.80,44.01
49.958,0.000,0.000,47.91,46.52
49.959,0.000,0.000,47.91,48.27
49.960,0.000,0.000,47.91,49.50
49.964,0.000,0.000,47.91,50.36
49.992,0.000,0.000,46.48,52.86
49.993,0.000,0.000,46.48,54.62
49.997,0.000,0.000,43.87,60.11
49.999,0.000,0.000,43.87,63.96
50.006,0.000,0.000,40.19,73.36
50.010,0.000,0.000,40.19,79.94
50.014,0.000,0.000,40.19,84.54
50.015,0.000,0.000,40.19,87.76
50.040,0.000,0.000,35.33,88.30
50.042,0.000,0.000,35.33,88.68
50.048,0.000,0.000,29.87,86.27
50.049,0.000,0.000,29.87,84.59
50.050,0.000,0.000,29.87,83.41
50.051,0.000,0.000,29.87,82.58
50.054,0.000,0.000,24.81,78.89
50.056,0.000,0.000,24.81,76.31
50.057,0.000,0.000,24.81,74.50
50.061,0.000,0.000,24.81,73.24
50.092,0.000,0.000,20.28,69.12
50.093,0.000,0.000,20.28,66.23
50.098,0.000,0.000,15.85,60.69
50.099,0.000,0.000,15.85,56.82
50.100,0.000,0.000,15.85,54.10
50.102,0.000,0.000,15.85,52.20
50.103,0.000,0.000,11.70,47.32
50.107,0.000,0.000,11.70,43.90
50.109,0.000,0.000,11.70,41.51
50.110,0.000,0.000,11.70,39.84
50.134,0.000,0.000,8.18,35.51
50.135,0.000,0.000,8.18,32.48
50.142,0.000,0.000,4.99,27.42
50.143,0.000,0.000,4.99,23.89
50.144,0.000,0.000,4.99,21.41
50.145,0.000,0.000,4.99,19.67
50.150,0.000,0.000,2.03,15.69
50.151,0.000,0.000,2.03,12.89
50.152,0.000,0.000,2.03,10.94
50.155,0.000,0.000,2.03,9.57
50.186,0.000,0.000,-0.41,6.70
50.187,0.000,0.000,-0.41,4.69
50.189,0.000,0.000,-2.04,3.28
50.192,0.000,0.000,-2.04,2.30
50.195,0.000,0.000,-2.04,1.61
50.198,0.000,0.000,-2.04,1.13
50.199,0.000,0.000,-2.04,0.79
50.200,0.000,0.000,-2.04,0.55
50.201,0.000,0.000,-3.03,0.39
50.202,0.000,0.000,-3.03,0.27
50.203,0.000,0.000,-3.03,0.19
50.204,0.000,0.000,-3.03,0.13
50.234,0.000,0.000,-3.63,0.09
50.234,0.000,0.000,-3.63,0.06
50.238,0.000,0.000,-4.03,0.05
50.241,0.000,0.000,-4.03,0.03
50.248,0.000,0.000,-3.99,0.02
50.249,0.000,0.000,-3.99,0.02
50.250,0.000,0.000,-3.99,0.01
50.250,0.000,0.000,-3.99,0.01
50.280,0.000,0.000,-3.23,0.01
50.281,0.000,0.000,-3.23,0.00
50.287,0.000,0.000,-3.23,0.00
50.288,0.000,0.000,-3.23,0.00
50.291,0.000,0.000,-2.02,0.00
50.293,0.000,0.000,-2.02,0.00
50.297,0.000,0.000,-0.43,0.00
50.298,0.000,0.000,-0.43,0.00
50.300,0.000,0.000,-0.43,0.00
50.300,0.000,0.000,-0.43,0.00
50.310,0.000,0.000,1.56,0.53
50.314,0.000,0.000,1.56,0.89
50.316,0.000,0.000,1.56,1.15
50.317,0.000,0.000,1.56,1.33
50.342,0.000,0.000,4.34,2.29
50.343,0.000,0.000,4.34,2.97
50.346,0.000,0.000,7.37,4.35
50.349,0.000,0.000,7.37,5.32
50.358,0.000,0.000,11.07,7.09
50.359,0.000,0.000,11.07,8.34
50.360,0.000,0.000,11.07,5.84
50.364,0.000,0.000,11.07,4.09
50.397,0.000,0.000,16.06,2.86
50.398,0.000,0.000,16.06,2.00
50.399,0.000,0.000,16.06,1.40
50.400,0.000,0.000,16.06,0.98
50.403,0.000,0.000,22.25,0.69
50.404,0.000,0.000,22.25,0.48
50.408,0.000,0.000,28.47,0.34
50.409,0.000,0.000,28.47,7.96
50.444,0.000,0.000,33.12,14.11
50.451,0.000,0.000,33.12,18.42
50.458,0.000,0.000,35.93,21.84
50.460,0.000,0.000,35.93,24.24
50.465,0.000,0.000,38.20,26.19
50.467,0.000,0.000,38.20,27.56
50.516,0.000,0.000,40.89,28.79
50.544,0.000,0.000,40.89,29.65
50.564,0.000,0.000,43.82,30.47
50.565,0.000,0.000,43.82,31.04
50.566,0.000,0.000,46.33,31.56
50.567,0.000,0.000,46.33,31.93
50.568,0.000,0.000,46.33,32.19
50.569,0.000,0.000,46.33,32.36
50.570,0.000,0.000,48.14,32.54
50.572,0.000,0.000,48.14,32.66
50.574,0.000,0.000,48.14,32.74
50.575,0.000,0.000,48.14,32.80
50.575,0.000,0.000,49.35,32.86
50.576,0.000,0.000,49.35,32.90
50.580,0.000,0.000,49.35,32.93
50.581,0.000,0.000,49.35,32.95
50.583,0.000,0.000,50.20,32.96
50.584,0.000,0.000,50.20,32.97
50.585,0.000,0.000,50.20,32.98
50.586,0.000,0.000,50.20,32.99
50.589,0.000,0.000,51.19,33.02
50.590,0.000,0.000,51.19,33.05
50.600,0.000,0.000,51.96,33.91
50.601,0.000,0.000,51.96,34.52
50.623,0.000,0.000,51.96,35.96
50.625,0.000,0.000,51.96,36.97
50.628,0.000,0.000,51.37,38.97
50.632,0.000,0.000,51.37,40.36
50.634,0.000,0.000,50.09,43.54
50.635,0.000,0.000,50.09,45.76
50.636,0.000,0.000,50.09,47.32
50.637,0.000,0.000,50.09,48.41
50.664,0.000,0.000,47.67,52.83
50.665,0.000,0.000,47.67,55.93
50.668,0.000,0.000,43.59,67.64
50.669,0.000,0.000,43.59,75.83
50.670,0.000,0.000,43.59,81.57
50.671,0.000,0.000,43.59,85.59
50.679,0.000,0.000,38.32,87.91
50.679,0.000,0.000,38.32,89.54
50.683,0.000,0.000,38.32,90.68
50.684,0.000,0.000,38.32,91.48
50.710,0.000,0.000,32.55,89.64
50.711,0.000,0.000,32.55,88.35
50.712,0.000,0.000,32.55,87.45
50.713,0.000,0.000,32.55,86.82
50.718,0.000,0.000,26.18,82.76
50.719,0.000,0.000,26.18,79.92
50.720,0.000,0.000,26.18,77.93
50.720,0.000,0.000,26.18,76.54
50.727,0.000,0.000,18.94,70.39
50.728,0.000,0.000,18.94,66.09
50.752,0.000,0.000,12.46,57.70
50.753,0.000,0.000,12.46,51.84
50.759,0.000,0.000,8.36,44.08
50.760,0.000,0.000,8.36,38.65
50.761,0.000,0.000,8.36,34.85
50.764,0.000,0.000,8.36,32.18
50.775,0.000,0.000,5.99,28.14
50.776,0.000,0.000,5.99,25.31
50.777,0.000,0.000,5.99,23.33
50.780,0.000,0.000,5.99,21.94
50.804,0.000,0.000,4.13,19.24
50.806,0.000,0.000,4.13,17.34
50.811,0.000,0.000,2.61,14.59
50.812,0.000,0.000,2.61,12.67
50.816,0.000,0.000,2.61,11.32
50.817,0.000,0.000,2.61,10.38
50.823,0.000,0.000,2.03,9.18
50.824,0.000,0.000,2.03,8.34
50.849,0.000,0.000,2.55,7.67
50.850,0.000,0.000,2.55,7.20
50.854,0.000,0.000,3.05,6.81
50.855,0.000,0.000,3.05,6.53
50.859,0.000,0.000,3.05,6.34
50.860,0.000,0.000,3.05,6.20
50.871,0.000,0.000,2.73,5.77
50.874,0.000,0.000,2.73,5.47
50.875,0.000,0.000,2.73,5.26
50.878,0.000,0.000,2.73,5.11
50.902,0.000,0.000,2.08,4.58
50.903,0.000,0.000,2.08,4.20
50.909,0.000,0.000,1.25,3.56
50.910,0.000,0.000,1.25,3.11
50.914,0.000,0.000,1.25,2.79
50.915,0.000,0.000,1.25,2.57
50.918,0.000,0.000,0.29,1.96
50.918,0.000,0.000,0.29,1.53
50.931,0.000,0.000,0.29,1.23
50.932,0.000,0.000,0.29,1.01
50.947,0.000,0.000,-0.59,0.71
50.948,0.000,0.000,-0.59,0.50
50.949,0.000,0.000,-0.59,0.35
50.950,0.000,0.000,-0.59,0.24
50.953,0.000,0.000,-0.50,0.17
50.956,0.000,0.000,-0.50,0.12
50.957,0.000,0.000,-0.50,0.08
50.958,0.000,0.000,-0.50,0.06
50.966,0.000,0.000,1.28,0.04
50.967,0.000,0.000,1.28,0.03
50.970,0.000,0.000,1.28,0.02
50.970,0.000,0.000,1.28,0.01
51.000,0.000,0.000,4.38,0.01
51.001,0.000,0.000,4.38,1.74
51.014,0.000,0.000,8.95,3.98
51.015,0.000,0.000,8.95,5.56
51.016,0.000,0.000,15.78,8.60
51.017,0.000,0.000,15.78,10.73
51.018,0.000,0.000,15.78,12.22
51.019,0.000,0.000,15.78,13.26
51.047,0.000,0.000,24.62,16.20
51.048,0.000,0.000,24.62,18.26
51.051,0.000,0.000,33.80,21.43
51.052,0.000,0.000,33.80,23.64
51.065,0.000,0.000,41.62,26.11
51.066,0.000,0.000,41.62,27.84
51.067,0.000,0.000,41.62,29.04
51.068,0.000,0.000,41.62,29.89
51.094,0.000,0.000,46.86,30.77
51.095,0.000,0.000,46.86,31.39
51.101,0.000,0.000,50.51,31.88
51.102,0.000,0.000,50.51,32.21
51.103,0.000,0.000,50.51,32.45
51.104,0.000,0.000,50.51,32.61
51.108,0.000,0.000,50.51,32.73
51.109,0.000,0.000,50.51,32.81
51.114,0.000,0.000,52.87,32.87
51.115,0.000,0.000,52.87,32.91
51.116,0.000,0.000,52.87,32.94
51.117,0.000,0.000,52.87,32.95
51.145,0.000,0.000,54.50,32.97
51.146,0.000,0.000,54.50,32.98
51.150,0.000,0.000,55.22,32.98
51.151,0.000,0.000,55.22,32.99
51.152,0.000,0.000,55.22,32.99
51.153,0.000,0.000,55.22,32.99
51.159,0.000,0.000,55.54,33.00
51.164,0.000,0.000,55.54,33.00
51.165,0.000,0.000,55.54,33.00
51.166,0.000,0.000,55.54,33.00
51.192,0.000,0.000,55.62,34.18
51.193,0.000,0.000,55.62,35.01
51.194,0.000,0.000,55.62,35.59
51.195,0.000,0.000,55.62,36.00
51.199,0.000,0.000,55.35,37.88
51.200,0.000,0.000,55.35,39.19
51.208,0.000,0.000,55.10,41.62
51.209,0.000,0.000,55.10,43.31
51.233,0.000,0.000,54.89,45.54
51.234,0.000,0.000,54.89,47.10
51.238,0.000,0.000,54.71,48.82
51.241,0.000,0.000,54.71,50.02
51.242,0.000,0.000,54.71,50.86
51.245,0.000,0.000,54.71,51.45
51.259,0.000,0.000,54.60,52.07
51.264,0.000,0.000,54.60,52.50
51.265,0.000,0.000,54.60,52.81
51.266,0.000,0.000,54.60,53.02
51.290,0.000,0.000,54.64,52.85
51.291,0.000,0.000,54.64,52.73
51.293,0.000,0.000,54.64,52.65
51.294,0.000,0.000,54.64,52.59
51.299,0.000,0.000,54.94,51.93
51.300,0.000,0.000,54.94,51.47
51.302,0.000,0.000,54.94,51.15
51.303,0.000,0.000,54.94,50.92
51.305,0.000,0.000,55.40,50.12
51.308,0.000,0.000,55.40,49.56
51.310,0.000,0.000,55.40,49.17
51.314,0.000,0.000,55.40,48.89
51.338,0.000,0.000,55.84,48.08
51.339,0.000,0.000,55.84,47.52
51.341,0.000,0.000,56.01,46.86
51.348,0.000,0.000,56.01,46.39
51.350,0.000,0.000,55.99,46.11
51.350,0.000,0.000,55.99,45.92
51.351,0.000,0.000,55.99,45.78
51.352,0.000,0.000,55.99,45.69
51.381,0.000,0.000,55.98,45.91
51.382,0.000,0.000,55.98,46.07
51.385,0.000,0.000,56.02,46.57
51.386,0.000,0.000,56.02,46.93
51.398,0.000,0.000,56.12,47.45
51.399,0.000,0.000,56.12,47.82
51.401,0.000,0.000,56.12,48.08
51.402,0.000,0.000,56.12,48.26
51.431,0.000,0.000,56.19,48.51
51.432,0.000,0.000,56.19,48.68
51.435,0.000,0.000,56.20,48.77
51.436,0.000,0.000,56.20,48.83
51.448,0.000,0.000,56.11,48.95
51.449,0.000,0.000,56.11,49.04
51.480,0.000,0.000,55.44,49.91
51.481,0.000,0.000,55.44,50.51
51.487,0.000,0.000,54.57,52.07
51.488,0.000,0.000,54.57,53.15
51.494,0.000,0.000,53.76,55.10
51.497,0.000,0.000,53.76,56.46
51.499,0.000,0.000,53.76,57.42
51.499,0.000,0.000,53.76,58.08
51.514,0.000,0.000,53.39,59.08
51.515,0.000,0.000,53.39,59.78
51.516,0.000,0.000,53.39,60.26
51.517,0.000,0.000,53.39,60.60
51.540,0.000,0.000,53.44,60.68
51.542,0.000,0.000,53.44,60.73
51.549,0.000,0.000,53.57,59.57
51.550,0.000,0.000,53.57,58.75
51.558,0.000,0.000,53.54,57.19
51.559,0.000,0.000,53.54,56.10
51.563,0.000,0.000,53.54,55.34
51.565,0.000,0.000,53.54,54.80
51.587,0.000,0.000,53.38,53.62
51.588,0.000,0.000,53.38,52.79
51.593,0.000,0.000,53.07,52.17
51.594,0.000,0.000,53.07,51.74
51.595,0.000,0.000,53.07,51.44
51.596,0.000,0.000,53.07,51.23
51.608,0.000,0.000,52.70,51.53
51.609,0.000,0.000,52.70,51.74
51.610,0.000,0.000,52.70,51.89
51.614,0.000,0.000,52.70,51.99
51.637,0.000,0.000,52.59,52.41
51.638,0.000,0.000,52.59,52.70
51.643,0.000,0.000,52.75,52.68
51.647,0.000,0.000,52.75,52.67
51.654,0.000,0.000,53.00,52.16
51.658,0.000,0.000,53.00,51.79
51.659,0.000,0.000,53.00,36.26
51.663,0.000,0.000,53.00,25.38
51.691,0.000,0.000,53.28,17.77
51.692,0.000,0.000,53.28,27.07
51.694,0.000,0.000,53.28,33.57
51.694,0.000,0.000,53.28,38.13
51.696,0.000,0.000,53.53,40.72
51.699,0.000,0.000,53.53,42.53
51.703,0.000,0.000,53.49,43.75
51.706,0.000,0.000,53.49,44.61
51.735,0.000,0.000,53.44,45.39
51.736,0.000,0.000,53.44,45.95
51.739,0.000,0.000,53.49,46.59
51.740,0.000,0.000,53.49,47.03
51.750,0.000,0.000,53.56,47.55
51.751,0.000,0.000,53.56,47.92
51.753,0.000,0.000,53.56,48.17
51.754,0.000,0.000,53.56,48.35
51.782,0.000,0.000,53.66,48.63
51.783,0.000,0.000,53.66,48.83
51.785,0.000,0.000,53.78,48.77
51.787,0.000,0.000,53.78,48.74
51.787,0.000,0.000,53.78,48.71
51.788,0.000,0.000,53.78,48.69
51.790,0.000,0.000,53.78,48.68
51.793,0.000,0.000,53.78,48.67
51.798,0.000,0.000,53.96,48.44
51.799,0.000,0.000,53.96,48.29
51.801,0.000,0.000,53.96,48.18
51.801,0.000,0.000,53.96,48.10
51.836,0.000,0.000,54.13,47.94
51.837,0.000,0.000,54.13,47.83
51.840,0.000,0.000,54.16,47.80
51.844,0.000,0.000,54.16,47.77
51.859,0.000,0.000,54.11,47.87
51.860,0.000,0.000,54.11,47.93
51.874,0.000,0.000,54.03,48.45
51.875,0.000,0.000,54.03,48.82
51.890,0.000,0.000,53.97,49.32
51.892,0.000,0.000,53.97,49.67
51.897,0.000,0.000,53.87,50.20
51.898,0.000,0.000,53.87,50.58
51.910,0.000,0.000,53.80,50.96
51.911,0.000,0.000,53.80,51.23
51.914,0.000,0.000,53.80,51.42
51.915,0.000,0.000,53.80,51.55
51.937,0.000,0.000,53.83,51.59
51.941,0.000,0.000,53.83,36.11
51.948,0.000,0.000,53.84,25.28
51.949,0.000,0.000,53.84,17.69
51.950,0.000,0.000,53.84,12.39
51.950,0.000,0.000,53.84,8.67
51.958,0.000,0.000,53.72,6.07
51.959,0.000,0.000,53.72,4.25
51.964,0.000,0.000,53.72,2.97
51.965,0.000,0.000,53.72,2.08
51.999,0.000,0.000,53.48,1.46
52.000,0.000,0.000,53.48,1.02
52.003,0.000,0.000,53.17,0.71
52.006,0.000,0.000,53.17,0.50
52.009,0.000,0.000,52.92,0.35
52.010,0.000,0.000,52.92,0.24
52.014,0.000,0.000,52.92,0.17
52.015,0.000,0.000,52.92,0.12
52.049,0.000,0.000,52.76,0.08
52.050,0.000,0.000,52.76,0.06
52.053,0.000,0.000,52.72,0.04
52.057,0.000,0.000,52.72,0.03
52.058,0.000,0.000,52.58,0.02
52.059,0.000,0.000,52.58,0.01
52.060,0.000,0.000,52.58,0.01
52.064,0.000,0.000,52.58,0.01
52.089,0.000,0.000,52.38,0.00
52.091,0.000,0.000,52.38,0.00
52.093,0.000,0.000,52.38,0.00
52.093,0.000,0.000,52.38,0.00
52.097,0.000,0.000,52.14,0.00
52.098,0.000,0.000,52.14,0.00
52.102,0.000,0.000,52.77,0.00
52.102,0.000,0.000,52.77,0.00
52.103,0.000,0.000,52.77,0.00
52.104,0.000,0.000,52.77,0.00
52.131,0.000,0.000,53.22,0.00
52.132,0.000,0.000,53.22,0.00
52.135,0.000,0.000,53.79,0.00
52.136,0.000,0.000,53.79,13.62
52.137,0.000,0.000,53.79,23.16
52.138,0.000,0.000,53.79,29.83
52.150,0.000,0.000,54.83,33.46
52.151,0.000,0.000,54.83,36.00
52.152,0.000,0.000,54.83,37.78
52.153,0.000,0.000,54.83,39.02
52.186,0.000,0.000,56.19,38.84
52.187,0.000,0.000,56.19,38.71
52.188,0.000,0.000,56.19,38.62
52.190,0.000,0.000,56.19,38.55
52.192,0.000,0.000,57.31,38.33
52.195,0.000,0.000,57.31,38.16
52.199,0.000,0.000,58.15,37.80
52.200,0.000,0.000,58.15,37.55
52.232,0.000,0.000,59.38,37.20
52.233,0.000,0.000,59.38,36.95
52.236,0.000,0.000,60.99,36.34
52.237,0.000,0.000,60.99,35.92
52.250,0.000,0.000,61.97,35.74
52.251,0.000,0.000,61.97,35.61
52.252,0.000,0.000,61.97,35.52
52.253,0.000,0.000,61.97,35.46
52.270,0.000,0.000,63.02,35.40
52.272,0.000,0.000,63.02,35.35
52.280,0.000,0.000,63.02,35.32
52.282,0.000,0.000,63.02,35.30
52.292,0.000,0.000,64.23,35.19
52.293,0.000,0.000,64.23,35.12
52.297,0.000,0.000,65.63,34.90
52.298,0.000,0.000,65.63,34.75
52.299,0.000,0.000,65.63,34.64
52.300,0.000,0.000,65.63,34.57
52.310,0.000,0.000,66.72,34.87
52.314,0.000,0.000,66.72,35.08
52.315,0.000,0.000,66.72,35.22
52.316,0.000,0.000,66.72,35.33
52.340,0.000,0.000,67.34,35.62
52.341,0.000,0.000,67.34,35.82
52.345,0.000,0.000,67.69,36.34
52.346,0.000,0.000,67.69,36.70
52.366,0.000,0.000,67.97,37.43
52.367,0.000,0.000,67.97,37.93
52.368,0.000,0.000,67.97,38.29
52.369,0.000,0.000,67.97,38.54
52.387,0.000,0.000,68.06,39.71
52.389,0.000,0.000,68.06,40.53
52.400,0.000,0.000,68.06,41.10
52.401,0.000,0.000,68.06,41.51
52.402,0.000,0.000,67.91,42.86
52.403,0.000,0.000,67.91,43.80
52.405,0.000,0.000,67.91,44.47
52.408,0.000,0.000,67.91,44.93
52.411,0.000,0.000,67.45,46.22
52.412,0.000,0.000,67.45,47.13
52.416,0.000,0.000,67.45,47.76
52.417,0.000,0.000,67.45,48.20
52.442,0.000,0.000,66.82,49.45
52.443,0.000,0.000,66.82,50.33
52.444,0.000,0.000,66.39,51.96
52.449,0.000,0.000,66.39,53.10
52.450,0.000,0.000,66.39,53.90
52.451,0.000,0.000,66.39,54.46
52.453,0.000,0.000,65.77,55.79
52.455,0.000,0.000,65.77,56.71
52.456,0.000,0.000,65.77,57.36
52.459,0.000,0.000,65.77,57.82
52.483,0.000,0.000,64.48,59.63
52.484,0.000,0.000,64.48,60.90
52.485,0.000,0.000,64.48,61.79
52.486,0.000,0.000,64.48,62.41
52.491,0.000,0.000,62.77,64.50
52.492,0.000,0.000,62.77,65.96
52.502,0.000,0.000,60.89,69.45
52.503,0.000,0.000,60.89,71.88
52.504,0.000,0.000,60.89,73.59
52.507,0.000,0.000,60.89,74.79
52.533,0.000,0.000,61.10,74.39
52.534,0.000,0.000,61.10,74.11
52.537,0.000,0.000,63.73,69.35
52.539,0.000,0.000,63.73,66.02
52.550,0.000,0.000,67.40,58.04
52.551,0.000,0.000,67.40,52.45
52.552,0.000,0.000,67.40,48.54
52.553,0.000,0.000,67.40,45.80
52.585,0.000,0.000,67.74,42.87
52.586,0.000,0.000,67.74,40.81
52.587,0.000,0.000,67.74,39.37
52.588,0.000,0.000,67.74,38.36
52.593,0.000,0.000,70.75,36.75
52.594,0.000,0.000,70.75,35.63
52.599,0.000,0.000,70.06,34.84
52.600,0.000,0.000,70.06,34.29
52.633,0.000,0.000,69.56,34.41
52.634,0.000,0.000,69.56,34.49
52.635,0.000,0.000,69.56,34.55
52.636,0.000,0.000,69.56,34.60
52.639,0.000,0.000,69.16,37.59
52.643,0.000,0.000,69.16,39.68
52.647,0.000,0.000,68.63,42.02
52.650,0.000,0.000,68.63,43.66
52.651,0.000,0.000,68.63,44.80
52.651,0.000,0.000,68.63,45.60
52.673,0.000,0.000,68.01,50.36
52.675,0.000,0.000,68.01,53.69
52.687,0.000,0.000,68.01,56.01
52.690,0.000,0.000,68.01,57.64
52.697,0.000,0.000,66.41,59.46
52.698,0.000,0.000,66.41,60.73
52.701,0.000,0.000,64.57,64.07
52.702,0.000,0.000,64.57,66.41
52.731,0.000,0.000,62.68,70.16
52.732,0.000,0.000,62.68,72.78
52.734,0.000,0.000,60.27,78.97
52.735,0.000,0.000,60.27,83.31
52.742,0.000,0.000,62.31,81.00
52.743,0.000,0.000,62.31,79.39
52.746,0.000,0.000,62.31,78.26
52.749,0.000,0.000,62.31,77.47
52.758,0.000,0.000,66.28,69.78
52.759,0.000,0.000,66.28,64.39
52.761,0.000,0.000,66.28,60.62
52.762,0.000,0.000,66.28,57.99
52.785,0.000,0.000,68.64,52.60
52.786,0.000,0.000,68.64,48.82
52.792,0.000,0.000,69.65,44.67
52.792,0.000,0.000,69.65,41.76
52.808,0.000,0.000,70.08,39.13
52.809,0.000,0.000,70.08,37.29
52.810,0.000,0.000,70.08,36.00
52.814,0.000,0.000,70.08,35.10
52.851,0.000,0.000,70.72,34.61
52.852,0.000,0.000,70.72,34.27
52.855,0.000,0.000,71.52,35.03
52.857,0.000,0.000,71.52,35.56
52.860,0.000,0.000,72.31,36.56
52.861,0.000,0.000,72.31,37.26
52.897,0.000,0.000,72.63,38.38
52.898,0.000,0.000,72.63,39.16
52.901,0.000,0.000,71.68,40.86
52.902,0.000,0.000,71.68,42.06
52.903,0.000,0.000,69.97,45.06
52.906,0.000,0.000,69.97,47.16
52.930,0.000,0.000,69.57,50.24
52.931,0.000,0.000,69.57,52.39
52.934,0.000,0.000,70.11,54.07
52.935,0.000,0.000,70.11,55.25
52.936,0.000,0.000,70.11,56.07
52.937,0.000,0.000,70.11,56.64
52.951,0.000,0.000,70.33,57.26
52.952,0.000,0.000,70.33,57.69
52.953,0.000,0.000,70.33,57.99
52.954,0.000,0.000,70.33,58.20
52.980,0.000,0.000,70.60,56.84
52.981,0.000,0.000,70.60,55.90
52.984,0.000,0.000,70.62,53.43
52.985,0.000,0.000,70.62,51.70
52.999,0.000,0.000,71.25,49.47
53.000,0.000,0.000,71.25,47.90
53.015,0.000,0.000,72.92,45.87
53.016,0.000,0.000,72.92,44.44
53.027,0.000,0.000,72.92,43.45
53.032,0.000,0.000,72.92,42.75
53.050,0.000,0.000,73.37,42.14
53.051,0.000,0.000,73.37,41.71
53.054,0.000,0.000,74.43,40.80
53.055,0.000,0.000,74.43,40.16
53.082,0.000,0.000,77.30,38.51
53.082,0.000,0.000,77.30,37.36
53.084,0.000,0.000,78.47,36.34
53.085,0.000,0.000,78.47,35.63
53.091,0.000,0.000,78.47,35.13
53.092,0.000,0.000,78.47,34.78
53.094,0.000,0.000,76.70,36.09
53.095,0.000,0.000,76.70,37.01
53.098,0.000,0.000,76.70,37.65
53.099,0.000,0.000,76.70,38.10
53.110,0.000,0.000,75.07,39.93
53.114,0.000,0.000,75.07,41.21
53.116,0.000,0.000,75.07,42.11
53.117,0.000,0.000,75.07,42.73
53.142,0.000,0.000,75.89,43.54
53.143,0.000,0.000,75.89,44.10
53.146,0.000,0.000,77.61,45.19
53.147,0.000,0.000,77.61,45.95
53.165,0.000,0.000,78.81,46.67
53.166,0.000,0.000,78.81,47.18
53.168,0.000,0.000,78.81,47.53
53.169,0.000,0.000,78.81,47.78
53.193,0.000,0.000,80.22,45.38
53.194,0.000,0.000,80.22,43.71
53.199,0.000,0.000,81.52,40.99
53.200,0.000,0.000,81.52,39.09
53.201,0.000,0.000,81.52,37.76
53.202,0.000,0.000,81.52,36.83
53.208,0.000,0.000,81.65,36.41
53.209,0.000,0.000,81.65,36.11
53.214,0.000,0.000,81.65,35.90
53.215,0.000,0.000,81.65,35.75
53.239,0.000,0.000,81.40,36.68
53.242,0.000,0.000,81.40,37.33
53.245,0.000,0.000,82.00,38.01
53.246,0.000,0.000,82.00,38.48
53.249,0.000,0.000,82.00,38.81
53.250,0.000,0.000,82.00,39.05
53.251,0.000,0.000,82.00,39.21
53.252,0.000,0.000,82.00,39.32
53.254,0.000,0.000,83.69,39.19
53.255,0.000,0.000,83.69,39.10
53.256,0.000,0.000,83.69,39.04
53.260,0.000,0.000,83.69,38.99
53.284,0.000,0.000,85.27,38.92
53.285,0.000,0.000,85.27,38.88
53.291,0.000,0.000,87.07,37.90
53.292,0.000,0.000,87.07,37.22
53.293,0.000,0.000,87.07,36.75
53.294,0.000,0.000,87.07,36.41
53.303,0.000,0.000,88.65,35.63
53.304,0.000,0.000,88.65,35.08
53.306,0.000,0.000,88.65,34.69
53.307,0.000,0.000,88.65,34.42
53.333,0.000,0.000,90.56,34.08
53.334,0.000,0.000,90.56,33.84
53.337,0.000,0.000,91.09,33.90
53.338,0.000,0.000,91.09,33.94
53.350,0.000,0.000,90.24,35.00
53.351,0.000,0.000,90.24,35.74
53.352,0.000,0.000,90.24,36.26
53.353,0.000,0.000,90.24,36.62
53.380,0.000,0.000,88.44,39.41
53.381,0.000,0.000,88.44,41.37
53.384,0.000,0.000,87.09,46.23
53.385,0.000,0.000,87.09,49.63
53.386,0.000,0.000,87.09,52.01
53.387,0.000,0.000,87.09,53.68
53.399,0.000,0.000,85.95,58.81
53.400,0.000,0.000,85.95,62.40
53.432,0.000,0.000,84.81,67.53
53.432,0.000,0.000,84.81,71.12
53.436,0.000,0.000,83.67,73.82
53.437,0.000,0.000,83.67,75.72
53.449,0.000,0.000,83.64,74.53
53.450,0.000,0.000,83.64,73.70
53.480,0.000,0.000,84.31,69.70
53.481,0.000,0.000,84.31,66.90
53.485,0.000,0.000,84.99,62.65
53.486,0.000,0.000,84.99,59.67
53.494,0.000,0.000,85.49,55.89
53.497,0.000,0.000,85.49,53.24
53.498,0.000,0.000,85.49,51.39
53.499,0.000,0.000,85.49,50.09
53.510,0.000,0.000,86.55,47.34
53.514,0.000,0.000,86.55,45.42
53.515,0.000,0.000,86.55,44.07
53.516,0.000,0.000,86.55,43.13
53.547,0.000,0.000,87.62,41.78
53.548,0.000,0.000,87.62,40.84
53.551,0.000,0.000,88.72,39.99
53.552,0.000,0.000,88.72,39.39
53.558,0.000,0.000,89.66,38.76
53.560,0.000,0.000,89.66,38.31
53.563,0.000,0.000,89.66,38.00
53.564,0.000,0.000,89.66,37.79
53.588,0.000,0.000,89.76,37.88
53.590,0.000,0.000,89.76,37.95
53.597,0.000,0.000,89.48,38.88
53.598,0.000,0.000,89.48,39.53
53.608,0.000,0.000,88.94,41.25
53.609,0.000,0.000,88.94,42.46
53.610,0.000,0.000,88.94,43.30
53.611,0.000,0.000,88.94,43.89
53.635,0.000,0.000,89.78,44.45
53.636,0.000,0.000,89.78,44.84
53.637,0.000,0.000,89.78,45.11
53.639,0.000,0.000,89.78,45.30
53.644,0.000,0.000,91.50,45.03
53.647,0.000,0.000,91.50,44.84
53.655,0.000,0.000,92.01,44.33
53.658,0.000,0.000,92.01,43.97
53.686,0.000,0.000,92.18,43.36
53.687,0.000,0.000,92.18,42.93
53.691,0.000,0.000,92.32,42.09
53.693,0.000,0.000,92.32,41.50
53.698,0.000,0.000,92.32,41.09
53.699,0.000,0.000,92.32,40.81
53.702,0.000,0.000,90.81,42.52
53.703,0.000,0.000,90.81,43.72
53.704,0.000,0.000,90.81,44.56
53.708,0.000,0.000,90.81,45.15
53.735,0.000,0.000,88.83,49.32
53.736,0.000,0.000,88.83,52.24
53.742,0.000,0.000,87.46,57.14
53.743,0.000,0.000,87.46,60.58
53.750,0.000,0.000,86.94,64.13
53.751,0.000,0.000,86.94,66.61
53.752,0.000,0.000,86.94,68.35
53.753,0.000,0.000,86.94,69.57
53.783,0.000,0.000,86.95,70.68
53.784,0.000,0.000,86.95,71.45
53.787,0.000,0.000,87.38,68.88
53.788,0.000,0.000,87.38,67.08
53.799,0.000,0.000,88.02,62.83
53.800,0.000,0.000,88.02,59.85
53.832,0.000,0.000,88.47,55.85
53.833,0.000,0.000,88.47,53.06
53.836,0.000,0.000,88.76,50.28
53.837,0.000,0.000,88.76,48.33
53.848,0.000,0.000,88.85,46.89
53.849,0.000,0.000,88.85,45.88
53.880,0.000,0.000,88.62,45.83
53.881,0.000,0.000,88.62,45.80
53.884,0.000,0.000,88.42,46.59
53.885,0.000,0.000,88.42,47.14
53.898,0.000,0.000,88.25,48.08
53.899,0.000,0.000,88.25,48.73
53.931,0.000,0.000,88.08,49.73
53.932,0.000,0.000,88.08,50.44
53.935,0.000,0.000,87.90,51.25
53.935,0.000,0.000,87.90,51.82
53.944,0.000,0.000,87.82,52.08
53.948,0.000,0.000,87.82,52.27
53.950,0.000,0.000,87.82,52.39
53.951,0.000,0.000,87.82,52.48
53.959,0.000,0.000,87.74,52.43
53.960,0.000,0.000,87.74,52.39
53.964,0.000,0.000,87.74,52.37
53.965,0.000,0.000,87.74,52.35
53.988,0.000,0.000,87.57,52.28
53.988,0.000,0.000,87.57,52.22
53.994,0.000,0.000,87.44,52.19
53.995,0.000,0.000,87.44,52.17
54.008,0.000,0.000,87.43,51.97
54.009,0.000,0.000,87.43,51.82
54.010,0.000,0.000,87.43,51.72
54.014,0.000,0.000,87.43,51.65
54.036,0.000,0.000,87.41,51.51
54.039,0.000,0.000,87.41,51.42
54.043,0.000,0.000,87.45,51.21
54.045,0.000,0.000,87.45,51.07
54.058,0.000,0.000,87.59,50.65
54.059,0.000,0.000,87.59,50.36
54.085,0.000,0.000,87.81,49.79
54.086,0.000,0.000,87.81,49.40
54.089,0.000,0.000,88.18,48.72
54.091,0.000,0.000,88.18,48.25
54.102,0.000,0.000,88.52,47.56
54.103,0.000,0.000,88.52,47.07
54.106,0.000,0.000,88.52,46.73
54.108,0.000,0.000,88.52,46.49
54.131,0.000,0.000,88.70,46.19
54.132,0.000,0.000,88.70,45.98
54.133,0.000,0.000,88.70,45.84
54.134,0.000,0.000,88.70,45.73
54.137,0.000,0.000,88.84,45.70
54.138,0.000,0.000,88.84,45.67
54.150,0.000,0.000,89.18,45.51
54.151,0.000,0.000,89.18,45.40
54.152,0.000,0.000,89.18,45.32
54.153,0.000,0.000,89.18,45.27
54.185,0.000,0.000,89.73,45.15
54.186,0.000,0.000,89.73,45.06
54.187,0.000,0.000,89.67,45.41
54.188,0.000,0.000,89.67,45.66
54.194,0.000,0.000,89.67,45.83
54.196,0.000,0.000,89.67,45.95
54.200,0.000,0.000,89.76,46.13
54.201,0.000,0.000,89.76,46.25
54.226,0.000,0.000,90.03,46.18
54.230,0.000,0.000,90.03,46.13
54.241,0.000,0.000,90.44,46.03
54.242,0.000,0.000,90.44,45.96
54.243,0.000,0.000,90.44,45.91
54.244,0.000,0.000,90.44,45.87
54.250,0.000,0.000,90.82,45.94
54.251,0.000,0.000,90.82,45.99
54.252,0.000,0.000,90.82,46.02
54.253,0.000,0.000,90.82,46.04
54.282,0.000,0.000,90.74,46.06
54.283,0.000,0.000,90.74,46.08
54.284,0.000,0.000,90.74,46.09
54.284,0.000,0.000,90.74,46.10
54.286,0.000,0.000,90.47,46.42
54.292,0.000,0.000,90.47,46.65
54.293,0.000,0.000,90.47,46.80
54.297,0.000,0.000,90.47,46.91
54.298,0.000,0.000,90.06,47.67
54.299,0.000,0.000,90.06,48.21
54.310,0.000,0.000,89.71,49.48
54.314,0.000,0.000,89.71,50.37
54.315,0.000,0.000,89.71,51.00
54.316,0.000,0.000,89.71,51.44
54.348,0.000,0.000,89.42,52.47
54.349,0.000,0.000,89.42,53.19
54.352,0.000,0.000,89.15,53.99
54.353,0.000,0.000,89.15,54.55
54.354,0.000,0.000,89.15,54.94
54.355,0.000,0.000,89.15,55.21
54.360,0.000,0.000,88.73,55.61
54.364,0.000,0.000,88.73,55.89
54.365,0.000,0.000,88.73,56.08
54.366,0.000,0.000,88.73,56.22
54.387,0.000,0.000,88.16,56.42
54.389,0.000,0.000,88.16,56.56
54.394,0.000,0.000,87.52,57.21
54.395,0.000,0.000,87.52,57.66
54.396,0.000,0.000,87.52,57.98
54.397,0.000,0.000,87.52,58.20
54.417,0.000,0.000,86.79,58.95
54.418,0.000,0.000,86.79,59.48
54.419,0.000,0.000,86.79,59.85
54.420,0.000,0.000,86.79,60.11
54.442,0.000,0.000,85.91,61.01
54.443,0.000,0.000,85.91,61.64
54.464,0.000,0.000,84.75,62.98
54.465,0.000,0.000,84.75,63.92
54.467,0.000,0.000,83.65,65.33
54.468,0.000,0.000,83.65,66.32
54.473,0.000,0.000,82.74,67.73
54.475,0.000,0.000,82.74,68.71
54.485,0.000,0.000,82.74,69.40
54.486,0.000,0.000,82.74,69.88
54.501,0.000,0.000,82.09,70.15
54.502,0.000,0.000,82.09,70.34
54.503,0.000,0.000,82.09,70.47
54.504,0.000,0.000,82.09,70.56
54.508,0.000,0.000,81.30,70.40
54.510,0.000,0.000,81.30,70.28
54.533,0.000,0.000,80.23,70.30
54.534,0.000,0.000,80.23,70.32
54.538,0.000,0.000,79.06,70.88
54.539,0.000,0.000,79.06,71.27
54.542,0.000,0.000,79.06,71.55
54.543,0.000,0.000,79.06,71.74
54.550,0.000,0.000,77.82,71.75
54.551,0.000,0.000,77.82,71.76
54.552,0.000,0.000,77.82,71.76
54.553,0.000,0.000,77.82,71.77
54.581,0.000,0.000,76.65,72.31
54.582,0.000,0.000,76.65,72.68
54.585,0.000,0.000,75.47,73.72
54.586,0.000,0.000,75.47,74.45
54.598,0.000,0.000,73.96,76.35
54.599,0.000,0.000,73.96,77.69
54.600,0.000,0.000,73.96,78.62
54.601,0.000,0.000,73.96,79.28
54.632,0.000,0.000,72.22,80.19
54.632,0.000,0.000,72.22,80.83
54.633,0.000,0.000,72.22,81.28
54.634,0.000,0.000,72.22,81.59
54.637,0.000,0.000,70.16,83.32
54.639,0.000,0.000,70.16,84.53
54.648,0.000,0.000,68.14,87.83
54.649,0.000,0.000,68.14,90.14
54.650,0.000,0.000,68.14,91.76
54.651,0.000,0.000,68.14,92.89
54.674,0.000,0.000,66.70,94.32
54.675,0.000,0.000,66.70,95.33
54.697,0.000,0.000,66.70,96.03
54.698,0.000,0.000,66.70,96.52
54.699,0.000,0.000,65.51,94.81
54.700,0.000,0.000,65.51,93.61
54.703,0.000,0.000,64.26,93.19
54.704,0.000,0.000,64.26,92.91
54.705,0.000,0.000,64.26,92.70
54.706,0.000,0.000,64.26,92.56
54.710,0.000,0.000,62.67,91.60
54.711,0.000,0.000,62.67,90.93
54.726,0.000,0.000,62.67,90.46
54.731,0.000,0.000,62.67,90.13
54.749,0.000,0.000,60.59,89.53
54.750,0.000,0.000,60.59,89.12
54.751,0.000,0.000,60.59,88.83
54.752,0.000,0.000,60.59,88.63
54.753,0.000,0.000,58.24,89.67
54.754,0.000,0.000,58.24,90.40
54.760,0.000,0.000,56.11,93.28
54.761,0.000,0.000,56.11,95.30
54.787,0.000,0.000,54.62,96.71
54.788,0.000,0.000,54.62,97.69
54.789,0.000,0.000,54.62,98.39
54.790,0.000,0.000,54.62,98.87
54.796,0.000,0.000,53.34,98.63
54.799,0.000,0.000,53.34,98.47
54.800,0.000,0.000,53.34,98.35
54.801,0.000,0.000,53.34,98.27
54.807,0.000,0.000,52.11,96.45
54.809,0.000,0.000,52.11,95.17
54.835,0.000,0.000,50.82,92.86
54.836,0.000,0.000,50.82,91.24
54.837,0.000,0.000,50.82,90.10
54.838,0.000,0.000,50.82,89.31
54.844,0.000,0.000,49.38,87.19
54.845,0.000,0.000,49.38,85.70
54.848,0.000,0.000,49.38,84.67
54.849,0.000,0.000,49.38,83.94
54.855,0.000,0.000,47.84,83.24
54.856,0.000,0.000,47.84,82.76
54.857,0.000,0.000,47.84,82.42
54.860,0.000,0.000,47.84,82.18
54.885,0.000,0.000,46.24,82.34
54.886,0.000,0.000,46.24,82.45
54.892,0.000,0.000,44.80,82.51
54.897,0.000,0.000,44.80,82.55
54.902,0.000,0.000,43.52,82.70
54.903,0.000,0.000,43.52,82.81
54.906,0.000,0.000,43.52,82.88
54.908,0.000,0.000,43.52,82.93
54.933,0.000,0.000,42.19,82.49
54.934,0.000,0.000,42.19,82.18
54.937,0.000,0.000,40.99,81.28
54.938,0.000,0.000,40.99,80.65
54.941,0.000,0.000,40.99,80.21
54.943,0.000,0.000,40.99,79.91
54.950,0.000,0.000,39.89,78.65
54.951,0.000,0.000,39.89,77.76
54.953,0.000,0.000,39.89,77.15
54.953,0.000,0.000,39.89,76.71
54.982,0.000,0.000,38.78,75.79
54.982,0.000,0.000,38.78,75.14
54.985,0.000,0.000,37.67,73.90
54.986,0.000,0.000,37.67,73.04
54.988,0.000,0.000,37.67,72.43
54.988,0.000,0.000,37.67,72.01
54.998,0.000,0.000,36.49,71.21
54.999,0.000,0.000,36.49,70.65
55.000,0.000,0.000,36.49,70.25
55.001,0.000,0.000,36.49,69.98
55.031,0.000,0.000,35.33,69.25
55.032,0.000,0.000,35.33,68.74
55.033,0.000,0.000,35.33,68.39
55.034,0.000,0.000,35.33,68.14
55.037,0.000,0.000,34.21,67.48
55.038,0.000,0.000,34.21,67.03
55.046,0.000,0.000,32.98,66.77
55.047,0.000,0.000,32.98,66.59
55.051,0.000,0.000,32.98,66.46
55.052,0.000,0.000,32.98,66.38
55.083,0.000,0.000,31.76,65.37
55.084,0.000,0.000,31.76,64.66
55.085,0.000,0.000,30.40,64.52
55.091,0.000,0.000,30.40,64.42
55.093,0.000,0.000,29.07,64.35
55.095,0.000,0.000,29.07,64.30
55.098,0.000,0.000,29.07,64.27
55.099,0.000,0.000,29.07,64.25
55.118,0.000,0.000,27.83,63.79
55.119,0.000,0.000,27.83,63.47
55.135,0.000,0.000,26.57,62.58
55.136,0.000,0.000,26.57,61.96
55.137,0.000,0.000,26.57,61.53
55.140,0.000,0.000,26.57,61.22
55.147,0.000,0.000,25.26,60.89
55.148,0.000,0.000,25.26,60.66
55.149,0.000,0.000,25.26,60.49
55.149,0.000,0.000,25.26,60.38
55.159,0.000,0.000,24.00,58.85
55.159,0.000,0.000,24.00,57.78
55.164,0.000,0.000,24.00,57.03
55.165,0.000,0.000,24.00,56.51
55.188,0.000,0.000,22.72,54.85
55.189,0.000,0.000,22.72,53.69
55.196,0.000,0.000,21.61,52.36
55.197,0.000,0.000,21.61,51.42
55.208,0.000,0.000,20.65,49.96
55.209,0.000,0.000,20.65,48.94
55.214,0.000,0.000,20.65,48.22
55.215,0.000,0.000,20.65,47.72
55.241,0.000,0.000,19.74,46.26
55.244,0.000,0.000,19.74,45.24
55.248,0.000,0.000,18.78,43.94
55.249,0.000,0.000,18.78,43.03
55.250,0.000,0.000,18.78,42.39
55.251,0.000,0.000,18.78,41.95
55.253,0.000,0.000,17.90,40.99
55.258,0.000,0.000,17.90,40.32
55.259,0.000,0.000,17.90,39.85
55.264,0.000,0.000,17.90,39.53
55.288,0.000,0.000,17.06,38.49
55.289,0.000,0.000,17.06,37.77
55.293,0.000,0.000,17.06,37.27
55.297,0.000,0.000,17.06,36.92
55.301,0.000,0.000,16.20,35.92
55.302,0.000,0.000,16.20,35.23
55.303,0.000,0.000,15.35,34.38
55.308,0.000,0.000,15.35,33.78
55.309,0.000,0.000,15.35,33.37
55.313,0.000,0.000,15.35,33.07
55.337,0.000,0.000,14.48,32.09
55.339,0.000,0.000,14.48,31.41
55.342,0.000,0.000,13.66,30.46
55.345,0.000,0.000,13.66,29.79
55.349,0.000,0.000,13.66,29.32
55.350,0.000,0.000,13.66,28.99
55.351,0.000,0.000,12.86,28.26
55.352,0.000,0.000,12.86,27.74
55.380,0.000,0.000,12.02,26.89
55.381,0.000,0.000,12.02,26.29
55.384,0.000,0.000,11.33,25.37
55.385,0.000,0.000,11.33,24.73
55.398,0.000,0.000,10.71,23.84
55.399,0.000,0.000,10.71,23.21
55.400,0.000,0.000,10.71,22.77
55.401,0.000,0.000,10.71,22.46
55.425,0.000,0.000,10.07,21.74
55.426,0.000,0.000,10.07,21.23
55.434,0.000,0.000,9.54,20.47
55.435,0.000,0.000,9.54,19.93
55.448,0.000,0.000,9.03,19.16
55.449,0.000,0.000,9.03,18.63
55.450,0.000,0.000,9.03,18.25
55.451,0.000,0.000,9.03,17.99
55.481,0.000,0.000,8.52,17.44
55.482,0.000,0.000,8.52,17.05
55.493,0.000,0.000,8.06,16.47
55.494,0.000,0.000,8.06,16.06
55.497,0.000,0.000,8.06,15.78
55.498,0.000,0.000,8.06,15.58
55.501,0.000,0.000,7.71,15.16
55.502,0.000,0.000,7.71,14.86
55.503,0.000,0.000,7.71,14.66
55.508,0.000,0.000,7.71,14.51
55.519,0.000,0.000,7.38,14.17
55.520,0.000,0.000,7.38,13.93
55.535,0.000,0.000,7.04,13.53
55.536,0.000,0.000,7.04,13.25
55.537,0.000,0.000,7.04,13.06
55.542,0.000,0.000,7.04,12.92
55.545,0.000,0.000,6.87,12.65
55.546,0.000,0.000,6.87,12.46
55.549,0.000,0.000,6.87,12.32
55.550,0.000,0.000,6.87,12.23
55.559,0.000,0.000,6.93,12.05
55.560,0.000,0.000,6.93,11.93
55.564,0.000,0.000,6.93,11.85
55.565,0.000,0.000,6.93,11.79
55.586,0.000,0.000,7.00,11.68
55.587,0.000,0.000,7.00,11.60
55.592,0.000,0.000,7.12,8.12
55.593,0.000,0.000,7.12,5.68
55.607,0.000,0.000,7.41,3.98
55.608,0.000,0.000,7.41,6.14
55.612,0.000,0.000,7.41,7.65
55.615,0.000,0.000,7.41,8.71
55.638,0.000,0.000,7.97,9.56
55.640,0.000,0.000,7.97,10.14
55.645,0.000,0.000,8.86,10.63
55.646,0.000,0.000,8.86,10.97
55.649,0.000,0.000,8.86,11.21
55.650,0.000,0.000,8.86,11.38
55.656,0.000,0.000,10.14,11.71
55.657,0.000,0.000,10.14,11.95
55.659,0.000,0.000,10.14,12.11
55.660,0.000,0.000,10.14,12.23
55.683,0.000,0.000,11.64,12.54
55.684,0.000,0.000,11.64,12.76
55.685,0.000,0.000,11.64,12.92
55.686,0.000,0.000,11.64,13.02
55.695,0.000,0.000,13.04,13.37
55.697,0.000,0.000,13.04,13.62
55.701,0.000,0.000,14.50,14.04
55.702,0.000,0.000,14.50,14.34
55.703,0.000,0.000,14.50,14.55
55.707,0.000,0.000,14.50,14.70
55.732,0.000,0.000,15.95,15.21
55.733,0.000,0.000,15.95,15.57
55.736,0.000,0.000,17.15,16.16
55.737,0.000,0.000,17.15,16.58
55.738,0.000,0.000,17.15,16.87
55.739,0.000,0.000,17.15,17.07
55.751,0.000,0.000,18.31,17.59
55.752,0.000,0.000,18.31,17.96
55.752,0.000,0.000,18.31,18.21
55.753,0.000,0.000,18.31,18.39
55.780,0.000,0.000,19.62,18.89
55.781,0.000,0.000,19.62,19.24
55.784,0.000,0.000,20.96,19.90
55.785,0.000,0.000,20.96,20.37
55.798,0.000,0.000,22.17,20.98
55.799,0.000,0.000,22.17,21.41
55.800,0.000,0.000,22.17,21.72
55.801,0.000,0.000,22.17,21.93
55.830,0.000,0.000,23.50,22.40
55.831,0.000,0.000,23.50,22.72
55.834,0.000,0.000,24.77,23.21
55.835,0.000,0.000,24.77,23.55
55.836,0.000,0.000,24.77,23.79
55.837,0.000,0.000,24.77,23.96
55.847,0.000,0.000,26.13,24.34
55.848,0.000,0.000,26.13,24.61
55.849,0.000,0.000,26.13,24.80
55.850,0.000,0.000,26.13,24.93
55.881,0.000,0.000,27.48,25.31
55.882,0.000,0.000,27.48,25.58
55.883,0.000,0.000,27.48,25.77
55.883,0.000,0.000,27.48,25.90
55.889,0.000,0.000,28.70,26.30
55.891,0.000,0.000,28.70,26.58
55.892,0.000,0.000,28.70,26.78
55.895,0.000,0.000,28.70,26.91
55.899,0.000,0.000,28.70,27.01
55.900,0.000,0.000,28.70,27.08
55.903,0.000,0.000,29.91,27.39
55.904,0.000,0.000,29.91,27.60
55.908,0.000,0.000,29.91,27.75
55.909,0.000,0.000,29.91,27.86
55.914,0.000,0.000,31.08,28.20
55.915,0.000,0.000,31.08,28.44
55.917,0.000,0.000,31.08,28.61
55.918,0.000,0.000,31.08,28.73
55.942,0.000,0.000,32.18,29.08
55.943,0.000,0.000,32.18,29.33
55.944,0.000,0.000,32.18,29.50
55.948,0.000,0.000,32.18,29.62
55.951,0.000,0.000,33.27,29.99
55.952,0.000,0.000,33.27,30.25
55.953,0.000,0.000,33.27,30.43
55.955,0.000,0.000,33.27,30.55
55.959,0.000,0.000,34.31,30.88
55.960,0.000,0.000,34.31,31.11
55.964,0.000,0.000,34.31,31.27
55.965,0.000,0.000,34.31,31.38
55.988,0.000,0.000,35.35,31.73
55.988,0.000,0.000,35.35,31.98
55.995,0.000,0.000,36.36,32.37
55.996,0.000,0.000,36.36,32.64
56.007,0.000,0.000,37.28,32.95
56.009,0.000,0.000,37.28,33.17
56.010,0.000,0.000,37.28,33.33
56.014,0.000,0.000,37.28,33.44
56.035,0.000,0.000,38.09,33.81
56.037,0.000,0.000,38.09,34.08
56.042,0.000,0.000,38.82,34.44
56.043,0.000,0.000,38.82,34.69
56.047,0.000,0.000,38.82,34.87
56.048,0.000,0.000,38.82,34.99
56.056,0.000,0.000,39.47,35.29
56.057,0.000,0.000,39.47,35.50
56.058,0.000,0.000,39.47,35.65
56.059,0.000,0.000,39.47,35.75
56.082,0.000,0.000,40.14,36.08
56.083,0.000,0.000,40.14,36.31
56.084,0.000,0.000,40.14,36.47
56.085,0.000,0.000,40.14,36.58
56.089,0.000,0.000,40.93,36.96
56.092,0.000,0.000,40.93,37.22
56.094,0.000,0.000,40.93,37.41
56.096,0.000,0.000,40.93,37.54
56.102,0.000,0.000,41.99,37.48
56.103,0.000,0.000,41.99,37.44
56.107,0.000,0.000,41.99,37.41
56.109,0.000,0.000,41.99,37.39
56.134,0.000,0.000,42.94,37.42
56.135,0.000,0.000,42.94,37.44
56.136,0.000,0.000,42.94,37.45
56.137,0.000,0.000,42.94,37.47
56.143,0.000,0.000,43.77,37.43
56.147,0.000,0.000,43.77,37.40
56.148,0.000,0.000,43.77,37.38
56.149,0.000,0.000,43.77,37.37
56.150,0.000,0.000,44.58,37.37
56.151,0.000,0.000,44.58,37.36
56.152,0.000,0.000,44.58,37.36
56.153,0.000,0.000,44.58,37.36
56.182,0.000,0.000,45.40,37.41
56.183,0.000,0.000,45.40,37.45
56.186,0.000,0.000,46.22,37.63
56.187,0.000,0.000,46.22,37.76
56.198,0.000,0.000,47.04,37.93
56.200,0.000,0.000,47.04,38.04
56.200,0.000,0.000,47.04,38.13
56.201,0.000,0.000,47.04,38.19
56.231,0.000,0.000,47.91,38.25
56.232,0.000,0.000,47.91,38.30
56.235,0.000,0.000,48.73,38.33
56.236,0.000,0.000,48.73,38.35
56.247,0.000,0.000,49.47,38.37
56.248,0.000,0.000,49.47,38.39
56.280,0.000,0.000,50.17,38.52
56.281,0.000,0.000,50.17,38.62
56.284,0.000,0.000,50.80,38.84
56.285,0.000,0.000,50.80,39.00
56.294,0.000,0.000,51.34,39.26
56.298,0.000,0.000,51.34,39.44
56.299,0.000,0.000,51.34,39.57
56.300,0.000,0.000,51.34,39.66
56.318,0.000,0.000,51.86,39.94
56.319,0.000,0.000,51.86,40.14
56.334,0.000,0.000,52.41,40.42
56.335,0.000,0.000,52.41,40.62
56.342,0.000,0.000,53.01,40.77
56.343,0.000,0.000,53.01,40.88
56.347,0.000,0.000,53.01,40.95
56.348,0.000,0.000,53.01,41.01
56.359,0.000,0.000,53.57,41.08
56.360,0.000,0.000,53.57,41.13
56.363,0.000,0.000,53.57,41.16
56.364,0.000,0.000,53.57,41.19
56.385,0.000,0.000,54.22,41.18
56.386,0.000,0.000,54.22,41.17
56.387,0.000,0.000,54.22,41.16
56.390,0.000,0.000,54.22,41.16
56.394,0.000,0.000,54.86,41.06
56.394,0.000,0.000,54.86,41.00
56.395,0.000,0.000,54.86,40.95
56.396,0.000,0.000,54.86,40.92
56.409,0.000,0.000,55.47,40.88
56.410,0.000,0.000,55.47,40.85
56.433,0.000,0.000,56.04,40.96
56.434,0.000,0.000,56.04,41.03
56.440,0.000,0.000,56.65,40.95
56.441,0.000,0.000,56.65,40.88
56.454,0.000,0.000,57.31,40.77
56.455,0.000,0.000,57.31,40.68
56.458,0.000,0.000,57.31,40.63
56.460,0.000,0.000,57.31,40.58
56.485,0.000,0.000,57.95,40.58
56.486,0.000,0.000,57.95,40.58
56.492,0.000,0.000,58.57,40.54
56.493,0.000,0.000,58.57,40.50
56.502,0.000,0.000,59.07,40.46
56.503,0.000,0.000,59.07,40.42
56.504,0.000,0.000,59.07,40.40
56.508,0.000,0.000,59.07,40.38
56.534,0.000,0.000,59.48,40.62
56.535,0.000,0.000,59.48,40.78
56.536,0.000,0.000,59.48,40.90
56.537,0.000,0.000,59.48,40.98
56.540,0.000,0.000,59.84,41.32
56.543,0.000,0.000,59.84,41.56
56.547,0.000,0.000,59.84,41.72
56.548,0.000,0.000,59.84,41.84
56.550,0.000,0.000,60.27,42.07
56.551,0.000,0.000,60.27,42.23
56.581,0.000,0.000,60.80,42.45
56.582,0.000,0.000,60.80,42.61
56.585,0.000,0.000,61.28,42.74
56.586,0.000,0.000,61.28,42.83
56.598,0.000,0.000,61.46,43.07
56.599,0.000,0.000,61.46,43.24
56.600,0.000,0.000,61.46,43.36
56.601,0.000,0.000,61.46,43.45
56.630,0.000,0.000,61.31,43.94
56.631,0.000,0.000,61.31,44.28
56.634,0.000,0.000,60.88,45.24
56.635,0.000,0.000,60.88,45.91
56.647,0.000,0.000,60.22,47.83
56.648,0.000,0.000,60.22,49.17
56.649,0.000,0.000,60.22,50.11
56.650,0.000,0.000,60.22,50.76
56.680,0.000,0.000,59.36,52.83
56.681,0.000,0.000,59.36,54.27
56.682,0.000,0.000,59.36,55.28
56.683,0.000,0.000,59.36,55.99
56.688,0.000,0.000,58.45,57.92
56.689,0.000,0.000,58.45,59.27
56.692,0.000,0.000,58.45,60.21
56.697,0.000,0.000,58.45,60.87
56.700,0.000,0.000,57.49,62.55
56.701,0.000,0.000,57.49,63.73
56.702,0.000,0.000,57.49,64.55
56.703,0.000,0.000,57.49,65.13
56.719,0.000,0.000,56.55,66.35
56.720,0.000,0.000,56.55,67.21
56.732,0.000,0.000,56.55,67.80
56.737,0.000,0.000,56.55,68.22
56.742,0.000,0.000,55.62,68.53
56.743,0.000,0.000,55.62,68.74
56.747,0.000,0.000,54.61,69.29
56.748,0.000,0.000,54.61,69.67
56.749,0.000,0.000,54.61,69.94
56.750,0.000,0.000,54.61,70.13
56.758,0.000,0.000,53.46,70.71
56.759,0.000,0.000,53.46,71.12
56.764,0.000,0.000,53.46,71.40
56.765,0.000,0.000,53.46,71.60
56.787,0.000,0.000,52.21,71.80
56.788,0.000,0.000,52.21,71.93
56.793,0.000,0.000,50.99,72.88
56.798,0.000,0.000,50.99,73.55
56.807,0.000,0.000,49.70,74.68
56.808,0.000,0.000,49.70,75.47
56.832,0.000,0.000,48.39,76.03
56.834,0.000,0.000,48.39,76.42
56.837,0.000,0.000,47.20,77.33
56.838,0.000,0.000,47.20,77.96
56.839,0.000,0.000,47.20,78.41
56.840,0.000,0.000,47.20,78.72
56.854,0.000,0.000,46.05,79.05
56.858,0.000,0.000,46.05,79.28
56.859,0.000,0.000,46.05,79.45
56.860,0.000,0.000,46.05,79.56
56.886,0.000,0.000,44.85,79.02
56.887,0.000,0.000,44.85,78.63
56.894,0.000,0.000,43.72,77.99
56.898,0.000,0.000,43.72,77.55
56.899,0.000,0.000,43.72,77.23
56.900,0.000,0.000,43.72,77.01
56.901,0.000,0.000,42.67,76.64
56.902,0.000,0.000,42.67,76.39
56.903,0.000,0.000,42.67,76.20
56.904,0.000,0.000,42.67,76.08
56.927,0.000,0.000,41.59,74.91
56.928,0.000,0.000,41.59,74.09
56.929,0.000,0.000,41.59,73.52
56.930,0.000,0.000,41.59,73.12
56.934,0.000,0.000,40.56,72.50
56.935,0.000,0.000,40.56,72.06
56.936,0.000,0.000,40.56,71.75
56.937,0.000,0.000,40.56,71.54
56.950,0.000,0.000,39.63,70.89
56.951,0.000,0.000,39.63,70.44
56.952,0.000,0.000,39.63,70.12
56.953,0.000,0.000,39.63,69.90
56.957,0.000,0.000,39.63,69.74
56.959,0.000,0.000,39.63,69.63
56.981,0.000,0.000,38.76,68.91
56.982,0.000,0.000,38.76,68.41
56.987,0.000,0.000,38.76,68.05
56.988,0.000,0.000,38.76,67.81
56.992,0.000,0.000,37.89,66.81
56.994,0.000,0.000,37.89,66.11
57.000,0.000,0.000,36.93,65.94
57.001,0.000,0.000,36.93,65.82
57.002,0.000,0.000,36.93,65.73
57.003,0.000,0.000,36.93,65.67
57.030,0.000,0.000,35.88,64.97
57.031,0.000,0.000,35.88,64.48
57.035,0.000,0.000,34.77,64.53
57.036,0.000,0.000,34.77,64.56
57.048,0.000,0.000,33.83,64.38
57.049,0.000,0.000,33.83,64.26
57.070,0.000,0.000,32.94,64.09
57.075,0.000,0.000,32.94,63.98
57.092,0.000,0.000,32.04,62.72
57.097,0.000,0.000,32.04,61.83
57.100,0.000,0.000,31.09,61.48
57.101,0.000,0.000,31.09,61.24
57.102,0.000,0.000,31.09,61.07
57.103,0.000,0.000,31.09,60.95
57.110,0.000,0.000,29.93,60.10
57.111,0.000,0.000,29.93,59.50
57.115,0.000,0.000,29.93,59.08
57.116,0.000,0.000,29.93,58.79
57.144,0.000,0.000,28.45,58.51
57.145,0.000,0.000,28.45,58.32
57.151,0.000,0.000,26.87,58.38
57.152,0.000,0.000,26.87,58.42
57.160,0.000,0.000,25.44,58.68
57.164,0.000,0.000,25.44,58.87
57.165,0.000,0.000,25.44,59.00
57.166,0.000,0.000,25.44,59.10
57.192,0.000,0.000,24.20,58.20
57.193,0.000,0.000,24.20,57.58
57.197,0.000,0.000,23.11,56.55
57.199,0.000,0.000,23.11,55.83
57.208,0.000,0.000,22.16,54.39
57.209,0.000,0.000,22.16,53.38
57.210,0.000,0.000,22.16,52.67
57.214,0.000,0.000,22.16,52.17
57.237,0.000,0.000,21.19,50.50
57.239,0.000,0.000,21.19,49.33
57.247,0.000,0.000,20.27,47.37
57.248,0.000,0.000,20.27,45.99
57.253,0.000,0.000,19.39,44.61
57.255,0.000,0.000,19.39,43.65
57.259,0.000,0.000,19.39,42.98
57.260,0.000,0.000,19.39,42.50
57.264,0.000,0.000,19.39,42.17
57.265,0.000,0.000,19.39,41.94
57.297,0.000,0.000,18.66,40.86
57.298,0.000,0.000,18.66,40.10
57.301,0.000,0.000,18.02,38.88
57.302,0.000,0.000,18.02,38.02
57.304,0.000,0.000,17.60,36.89
57.308,0.000,0.000,17.60,36.09
57.333,0.000,0.000,17.22,34.97
57.334,0.000,0.000,17.22,34.18
57.337,0.000,0.000,16.90,32.91
57.339,0.000,0.000,16.90,32.02
57.342,0.000,0.000,16.90,31.40
57.343,0.000,0.000,16.90,30.96
57.350,0.000,0.000,16.60,30.31
57.351,0.000,0.000,16.60,29.86
57.352,0.000,0.000,16.60,29.54
57.353,0.000,0.000,16.60,29.32
57.379,0.000,0.000,16.27,28.81
57.380,0.000,0.000,16.27,28.46
57.385,0.000,0.000,15.82,28.06
57.386,0.000,0.000,15.82,27.77
57.387,0.000,0.000,15.82,27.58
57.388,0.000,0.000,15.82,27.44
57.398,0.000,0.000,15.37,27.16
57.399,0.000,0.000,15.37,26.96
57.400,0.000,0.000,15.37,26.82
57.401,0.000,0.000,15.37,26.72
57.414,0.000,0.000,15.00,26.53
57.415,0.000,0.000,15.00,26.39
57.430,0.000,0.000,15.00,26.29
57.431,0.000,0.000,15.00,26.22
57.448,0.000,0.000,14.63,25.99
57.449,0.000,0.000,14.63,25.82
57.452,0.000,0.000,14.24,25.58
57.453,0.000,0.000,14.24,25.41
57.467,0.000,0.000,13.78,25.05
57.468,0.000,0.000,13.78,24.81
57.470,0.000,0.000,13.78,24.63
57.473,0.000,0.000,13.78,24.51
57.498,0.000,0.000,13.32,24.19
57.499,0.000,0.000,13.32,23.96
57.500,0.000,0.000,13.02,23.61
57.501,0.000,0.000,13.02,23.36
57.511,0.000,0.000,12.74,23.03
57.524,0.000,0.000,12.74,22.80
57.526,0.000,0.000,12.74,22.63
57.530,0.000,0.000,12.74,22.52
57.553,0.000,0.000,12.50,22.25
57.554,0.000,0.000,12.50,22.05
57.555,0.000,0.000,12.50,21.92
57.561,0.000,0.000,12.50,21.83
57.563,0.000,0.000,12.31,21.51
57.564,0.000,0.000,12.31,21.29
57.567,0.000,0.000,12.04,20.96
57.568,0.000,0.000,12.04,20.72
57.569,0.000,0.000,12.04,20.56
57.572,0.000,0.000,12.04,20.45
57.576,0.000,0.000,11.77,20.23
57.576,0.000,0.000,11.77,20.08
57.587,0.000,0.000,11.77,19.98
57.592,0.000,0.000,11.77,19.90
57.606,0.000,0.000,11.57,19.72
57.608,0.000,0.000,11.57,19.59
57.611,0.000,0.000,11.57,19.50
57.612,0.000,0.000,11.57,19.43
57.617,0.000,0.000,11.53,19.29
57.618,0.000,0.000,11.53,19.19
57.619,0.000,0.000,11.53,19.11
57.620,0.000,0.000,11.53,19.06
57.634,0.000,0.000,11.57,18.97
57.635,0.000,0.000,11.57,18.90
57.648,0.000,0.000,11.57,13.23
57.649,0.000,0.000,11.57,9.26
57.656,0.000,0.000,11.69,6.48
57.657,0.000,0.000,11.69,4.54
57.664,0.000,0.000,11.95,3.18
57.665,0.000,0.000,11.95,7.61
57.692,0.000,0.000,12.35,10.66
57.693,0.000,0.000,12.35,12.80
57.697,0.000,0.000,12.95,14.30
57.700,0.000,0.000,12.95,15.36
57.701,0.000,0.000,13.71,16.12
57.702,0.000,0.000,13.71,16.65
57.704,0.000,0.000,13.71,17.03
57.707,0.000,0.000,13.71,17.29
57.732,0.000,0.000,14.70,17.56
57.733,0.000,0.000,14.70,17.76
57.736,0.000,0.000,16.06,18.04
57.737,0.000,0.000,16.06,18.23
57.750,0.000,0.000,17.61,18.48
57.751,0.000,0.000,17.61,18.66
57.752,0.000,0.000,17.61,18.78
57.753,0.000,0.000,17.61,18.87
57.786,0.000,0.000,19.24,19.19
57.787,0.000,0.000,19.24,19.42
57.788,0.000,0.000,20.71,19.82
57.794,0.000,0.000,20.71,20.09
57.798,0.000,0.000,22.07,20.54
57.799,0.000,0.000,22.07,20.85
57.802,0.000,0.000,22.07,21.07
57.803,0.000,0.000,22.07,21.22
57.831,0.000,0.000,23.19,21.64
57.832,0.000,0.000,23.19,21.93
57.834,0.000,0.000,24.26,22.52
57.835,0.000,0.000,24.26,22.93
57.849,0.000,0.000,25.47,23.53
57.850,0.000,0.000,25.47,23.95
57.850,0.000,0.000,25.47,24.24
57.851,0.000,0.000,25.47,24.45
57.864,0.000,0.000,26.86,24.96
57.865,0.000,0.000,26.86,25.31
57.881,0.000,0.000,26.86,25.57
57.882,0.000,0.000,26.86,25.74
57.899,0.000,0.000,28.39,26.17
57.900,0.000,0.000,28.39,26.48
57.900,0.000,0.000,28.39,26.69
57.901,0.000,0.000,28.39,26.84
57.903,0.000,0.000,29.86,27.14
57.905,0.000,0.000,29.86,27.36
57.910,0.000,0.000,30.91,27.69
57.911,0.000,0.000,30.91,27.93
57.914,0.000,0.000,30.91,28.10
57.915,0.000,0.000,30.91,28.21
57.937,0.000,0.000,31.84,28.57
57.939,0.000,0.000,31.84,28.82
57.942,0.000,0.000,31.84,29.00
57.944,0.000,0.000,31.84,29.12
57.950,0.000,0.000,32.73,29.53
57.950,0.000,0.000,32.73,29.82
57.951,0.000,0.000,32.73,30.02
57.952,0.000,0.000,32.73,30.16
57.958,0.000,0.000,33.78,30.59
57.959,0.000,0.000,33.78,30.89
57.964,0.000,0.000,33.78,31.11
57.965,0.000,0.000,33.78,31.26
58.002,0.000,0.000,35.09,31.73
58.003,0.000,0.000,35.09,32.07
58.009,0.000,0.000,36.49,32.18
58.010,0.000,0.000,36.49,32.26
58.014,0.000,0.000,36.49,32.31
58.015,0.000,0.000,36.49,32.35
58.017,0.000,0.000,37.72,32.42
58.018,0.000,0.000,37.72,32.48
58.018,0.000,0.000,37.72,32.51
58.019,0.000,0.000,37.72,32.54
58.040,0.000,0.000,38.65,32.65
58.041,0.000,0.000,38.65,32.73
58.047,0.000,0.000,38.65,32.79
58.048,0.000,0.000,38.65,32.83
58.051,0.000,0.000,39.38,33.11
58.051,0.000,0.000,39.38,33.30
58.054,0.000,0.000,40.05,33.62
58.057,0.000,0.000,40.05,33.84
58.060,0.000,0.000,40.05,34.00
58.064,0.000,0.000,40.05,34.10
58.088,0.000,0.000,40.74,34.85
58.089,0.000,0.000,40.74,35.37
58.093,0.000,0.000,40.74,35.73
58.094,0.000,0.000,40.74,35.99
58.099,0.000,0.000,41.73,36.46
58.100,0.000,0.000,41.73,36.79
58.101,0.000,0.000,42.73,36.99
58.102,0.000,0.000,42.73,37.13
58.104,0.000,0.000,42.73,37.22
58.108,0.000,0.000,42.73,37.29
58.133,0.000,0.000,43.64,37.30
58.134,0.000,0.000,43.64,37.31
58.137,0.000,0.000,44.25,37.48
58.138,0.000,0.000,44.25,37.59
58.150,0.000,0.000,44.69,37.80
58.151,0.000,0.000,44.69,37.94
58.152,0.000,0.000,44.69,38.04
58.153,0.000,0.000,44.69,38.11
58.182,0.000,0.000,45.10,38.53
58.183,0.000,0.000,45.10,38.82
58.186,0.000,0.000,45.60,39.41
58.187,0.000,0.000,45.60,39.83
58.188,0.000,0.000,45.60,40.12
58.189,0.000,0.000,45.60,40.32
58.201,0.000,0.000,46.19,40.67
58.202,0.000,0.000,46.19,40.92
58.221,0.000,0.000,46.76,41.08
58.222,0.000,0.000,46.76,41.19
58.236,0.000,0.000,46.76,41.27
58.240,0.000,0.000,46.76,41.33
58.250,0.000,0.000,47.28,41.45
58.251,0.000,0.000,47.28,41.54
58.256,0.000,0.000,47.77,41.47
58.258,0.000,0.000,47.77,41.42
58.274,0.000,0.000,48.20,41.57
58.275,0.000,0.000,48.20,41.68
58.297,0.000,0.000,48.67,41.94
58.298,0.000,0.000,48.67,42.12
58.301,0.000,0.000,49.23,41.99
58.302,0.000,0.000,49.23,41.91
58.315,0.000,0.000,49.87,41.70
58.316,0.000,0.000,49.87,41.56
58.317,0.000,0.000,49.87,41.45
58.318,0.000,0.000,49.87,41.38
58.348,0.000,0.000,50.55,41.38
58.351,0.000,0.000,50.55,41.38
58.353,0.000,0.000,51.57,40.40
58.354,0.000,0.000,51.57,39.71
58.359,0.000,0.000,51.57,39.23
58.364,0.000,0.000,51.57,38.89
58.366,0.000,0.000,52.73,38.30
58.367,0.000,0.000,52.73,37.88
58.392,0.000,0.000,53.76,37.65
58.393,0.000,0.000,53.76,37.49
58.399,0.000,0.000,54.55,37.10
58.400,0.000,0.000,54.55,36.83
58.407,0.000,0.000,55.26,36.54
58.408,0.000,0.000,55.26,36.34
58.433,0.000,0.000,55.95,36.83
58.435,0.000,0.000,55.95,37.18
58.438,0.000,0.000,56.50,37.61
58.439,0.000,0.000,56.50,37.92
58.441,0.000,0.000,56.50,38.13
58.444,0.000,0.000,56.50,38.28
58.455,0.000,0.000,56.95,38.60
58.459,0.000,0.000,56.95,38.83
58.464,0.000,0.000,56.95,38.99
58.465,0.000,0.000,56.95,39.10
58.499,0.000,0.000,57.41,39.79
58.500,0.000,0.000,57.41,40.28
58.503,0.000,0.000,57.95,40.52
58.508,0.000,0.000,57.95,40.68
58.510,0.000,0.000,57.95,40.80
58.514,0.000,0.000,57.95,40.88
58.515,0.000,0.000,58.55,40.96
58.516,0.000,0.000,58.55,41.02
58.517,0.000,0.000,58.55,41.07
58.518,0.000,0.000,58.55,41.10
58.519,0.000,0.000,59.02,41.27
58.520,0.000,0.000,59.02,41.39
58.533,0.000,0.000,59.02,41.47
58.534,0.000,0.000,59.02,41.53
58.552,0.000,0.000,59.40,41.62
58.553,0.000,0.000,59.40,41.69
58.556,0.000,0.000,59.40,41.74
58.559,0.000,0.000,59.40,41.77
58.564,0.000,0.000,59.75,41.81
58.565,0.000,0.000,59.75,41.84
58.567,0.000,0.000,60.00,42.29
58.568,0.000,0.000,60.00,42.61
58.581,0.000,0.000,60.00,42.83
58.582,0.000,0.000,60.00,42.99
58.598,0.000,0.000,60.28,43.33
58.599,0.000,0.000,60.28,43.57
58.600,0.000,0.000,60.28,43.74
58.601,0.000,0.000,60.28,43.85
58.604,0.000,0.000,60.66,44.06
58.608,0.000,0.000,60.66,44.20
58.609,0.000,0.000,60.66,44.30
58.610,0.000,0.000,60.66,44.37
58.637,0.000,0.000,61.09,44.43
58.639,0.000,0.000,61.09,44.47
58.643,0.000,0.000,61.50,44.36
58.647,0.000,0.000,61.50,44.28
58.648,0.000,0.000,61.50,44.22
58.651,0.000,0.000,61.50,44.18
58.652,0.000,0.000,61.71,44.23
58.653,0.000,0.000,61.71,44.25
58.653,0.000,0.000,61.71,44.28
58.657,0.000,0.000,61.71,44.29
58.682,0.000,0.000,61.74,44.53
58.683,0.000,0.000,61.74,44.70
58.685,0.000,0.000,61.58,45.31
58.686,0.000,0.000,61.58,45.74
58.694,0.000,0.000,61.27,46.73
58.695,0.000,0.000,61.27,47.43
58.696,0.000,0.000,61.27,47.92
58.700,0.000,0.000,61.27,48.26
58.710,0.000,0.000,60.85,49.47
58.713,0.000,0.000,60.85,50.31
58.714,0.000,0.000,60.85,50.90
58.715,0.000,0.000,60.85,51.32
58.740,0.000,0.000,60.38,52.34
58.742,0.000,0.000,60.38,53.05
58.748,0.000,0.000,59.82,54.37
58.749,0.000,0.000,59.82,55.29
58.750,0.000,0.000,59.82,55.93
58.751,0.000,0.000,59.82,56.39
58.759,0.000,0.000,59.03,57.45
58.760,0.000,0.000,59.03,58.20
58.781,0.000,0.000,59.03,58.73
58.782,0.000,0.000,59.03,59.09
58.787,0.000,0.000,57.83,60.36
58.788,0.000,0.000,57.83,61.24
58.802,0.000,0.000,56.48,63.27
58.803,0.000,0.000,56.48,64.69
58.807,0.000,0.000,55.19,67.32
58.810,0.000,0.000,55.19,69.16
58.814,0.000,0.000,55.19,70.45
58.815,0.000,0.000,55.19,71.35
58.840,0.000,0.000,53.86,72.57
58.843,0.000,0.000,53.86,73.43
58.847,0.000,0.000,52.34,76.71
58.848,0.000,0.000,52.34,79.01
58.849,0.000,0.000,52.34,80.61
58.850,0.000,0.000,52.34,81.74
58.853,0.000,0.000,50.87,83.32
58.858,0.000,0.000,50.87,84.43
58.859,0.000,0.000,50.87,85.21
58.860,0.000,0.000,50.87,85.75
58.885,0.000,0.000,49.34,86.31
58.886,0.000,0.000,49.34,86.71
58.887,0.000,0.000,49.34,86.98
58.890,0.000,0.000,49.34,87.18
58.894,0.000,0.000,47.64,87.47
58.895,0.000,0.000,47.64,87.67
58.902,0.000,0.000,45.77,89.79
58.903,0.000,0.000,45.77,91.27
58.904,0.000,0.000,45.77,92.30
58.908,0.000,0.000,45.77,93.03
58.932,0.000,0.000,43.90,92.07
58.933,0.000,0.000,43.90,91.40
58.936,0.000,0.000,42.21,90.82
58.937,0.000,0.000,42.21,90.41
58.950,0.000,0.000,40.56,90.65
58.951,0.000,0.000,40.56,90.81
58.952,0.000,0.000,40.56,90.93
58.953,0.000,0.000,40.56,91.01
58.984,0.000,0.000,38.94,90.02
58.985,0.000,0.000,38.94,89.33
58.988,0.000,0.000,37.38,88.32
58.989,0.000,0.000,37.38,87.60
58.991,0.000,0.000,37.38,87.10
58.997,0.000,0.000,37.38,86.75
58.999,0.000,0.000,36.00,85.51
58.999,0.000,0.000,36.00,84.63
59.001,0.000,0.000,36.00,84.02
59.002,0.000,0.000,36.00,83.59
59.031,0.000,0.000,34.62,82.46
59.032,0.000,0.000,34.62,81.67
59.033,0.000,0.000,34.62,81.11
59.034,0.000,0.000,34.62,80.73
59.036,0.000,0.000,33.17,78.78
59.038,0.000,0.000,33.17,77.41
59.048,0.000,0.000,31.71,76.23
59.049,0.000,0.000,31.71,75.40
59.050,0.000,0.000,31.71,74.82
59.051,0.000,0.000,31.71,74.41
59.081,0.000,0.000,30.30,72.55
59.082,0.000,0.000,30.30,71.25
59.083,0.000,0.000,30.30,70.34
59.083,0.000,0.000,30.30,69.70
59.089,0.000,0.000,28.88,68.35
59.090,0.000,0.000,28.88,67.41
59.096,0.000,0.000,27.65,66.10
59.100,0.000,0.000,27.65,65.19
59.101,0.000,0.000,27.65,64.55
59.102,0.000,0.000,27.65,64.10
59.110,0.000,0.000,26.51,63.03
59.114,0.000,0.000,26.51,62.28
59.116,0.000,0.000,26.51,61.76
59.117,0.000,0.000,26.51,61.39
59.148,0.000,0.000,25.54,59.75
59.149,0.000,0.000,25.54,58.61
59.152,0.000,0.000,24.71,56.86
59.153,0.000,0.000,24.71,55.63
59.154,0.000,0.000,24.71,54.77
59.155,0.000,0.000,24.71,54.17
59.161,0.000,0.000,23.93,52.78
59.164,0.000,0.000,23.93,51.80
59.197,0.000,0.000,23.15,50.13
59.198,0.000,0.000,23.15,48.96
59.199,0.000,0.000,23.15,48.14
59.200,0.000,0.000,23.15,47.57
59.203,0.000,0.000,22.38,46.39
59.207,0.000,0.000,22.38,45.56
59.209,0.000,0.000,22.38,44.98
59.210,0.000,0.000,22.38,44.58
59.214,0.000,0.000,21.60,43.88
59.215,0.000,0.000,21.60,43.39
59.216,0.000,0.000,21.60,43.05
59.217,0.000,0.000,21.60,42.81
59.248,0.000,0.000,20.92,41.93
59.249,0.000,0.000,20.92,41.31
59.252,0.000,0.000,20.24,40.61
59.253,0.000,0.000,20.24,40.13
59.254,0.000,0.000,20.24,39.78
59.255,0.000,0.000,20.24,39.54
59.256,0.000,0.000,19.53,38.90
59.259,0.000,0.000,19.53,38.46
59.262,0.000,0.000,19.53,38.14
59.265,0.000,0.000,19.53,37.92
59.291,0.000,0.000,18.86,37.30
59.292,0.000,0.000,18.86,36.87
59.294,0.000,0.000,18.26,36.16
59.299,0.000,0.000,18.26,35.67
59.299,0.000,0.000,18.26,35.33
59.300,0.000,0.000,18.26,35.09
59.302,0.000,0.000,17.67,34.60
59.303,0.000,0.000,17.67,34.25
59.304,0.000,0.000,17.67,34.01
59.308,0.000,0.000,17.67,33.85
59.332,0.000,0.000,17.17,33.24
59.333,0.000,0.000,17.17,32.82
59.336,0.000,0.000,16.72,32.11
59.337,0.000,0.000,16.72,31.62
59.350,0.000,0.000,16.29,30.98
59.351,0.000,0.000,16.29,30.53
59.353,0.000,0.000,16.29,30.22
59.355,0.000,0.000,16.29,30.00
59.384,0.000,0.000,15.82,29.45
59.385,0.000,0.000,15.82,29.07
59.387,0.000,0.000,15.36,28.50
59.388,0.000,0.000,15.36,28.10
59.398,0.000,0.000,14.86,27.65
59.399,0.000,0.000,14.86,27.33
59.400,0.000,0.000,14.86,27.11
59.401,0.000,0.000,14.86,26.96
59.431,0.000,0.000,14.41,26.62
59.432,0.000,0.000,14.41,26.38
59.437,0.000,0.000,14.04,25.96
59.441,0.000,0.000,14.04,25.67
59.448,0.000,0.000,13.64,25.27
59.449,0.000,0.000,13.64,24.99
59.450,0.000,0.000,13.64,24.79
59.451,0.000,0.000,13.64,24.65
59.474,0.000,0.000,13.22,24.32
59.475,0.000,0.000,13.22,24.09
59.477,0.000,0.000,13.22,23.92
59.481,0.000,0.000,13.22,23.81
59.503,0.000,0.000,12.82,23.44
59.507,0.000,0.000,12.82,23.18
59.508,0.000,0.000,12.82,23.00
59.509,0.000,0.000,12.82,22.87
59.527,0.000,0.000,12.41,22.57
59.527,0.000,0.000,12.41,22.36
59.528,0.000,0.000,12.41,22.22
59.532,0.000,0.000,12.41,22.11
59.534,0.000,0.000,12.05,21.86
59.534,0.000,0.000,12.05,21.68
59.535,0.000,0.000,12.05,21.55
59.536,0.000,0.000,12.05,21.47
59.542,0.000,0.000,11.72,21.18
59.543,0.000,0.000,11.72,20.99
59.547,0.000,0.000,11.51,20.65
59.548,0.000,0.000,11.51,20.42
59.570,0.000,0.000,11.27,20.07
59.571,0.000,0.000,11.27,19.83
59.576,0.000,0.000,11.04,19.47
59.580,0.000,0.000,11.04,19.22
59.581,0.000,0.000,11.04,19.05
59.596,0.000,0.000,11.04,18.93
59.614,0.000,0.000,11.05,18.70
59.615,0.000,0.000,11.05,18.54
59.617,0.000,0.000,11.18,18.32
59.617,0.000,0.000,11.18,18.16
59.633,0.000,0.000,11.30,17.98
59.634,0.000,0.000,11.30,17.86
59.648,0.000,0.000,11.30,17.77
59.649,0.000,0.000,11.30,17.70
59.658,0.000,0.000,11.54,17.60
59.659,0.000,0.000,11.54,17.53
59.662,0.000,0.000,11.93,17.39
59.663,0.000,0.000,11.93,17.30
59.687,0.000,0.000,12.71,17.34
59.688,0.000,0.000,12.71,17.37
59.693,0.000,0.000,13.78,17.35
59.698,0.000,0.000,13.78,17.33
59.701,0.000,0.000,14.93,17.37
59.702,0.000,0.000,14.93,17.40
59.704,0.000,0.000,14.93,17.42
59.707,0.000,0.000,14.93,17.44
59.735,0.000,0.000,16.15,17.57
59.736,0.000,0.000,16.15,17.67
59.737,0.000,0.000,16.15,17.73
59.738,0.000,0.000,16.15,17.78
59.741,0.000,0.000,17.37,18.01
59.743,0.000,0.000,17.37,18.18
59.750,0.000,0.000,18.67,18.50
59.751,0.000,0.000,18.67,18.73
59.753,0.000,0.000,18.67,18.89
59.754,0.000,0.000,18.67,19.00
59.781,0.000,0.000,20.20,19.52
59.782,0.000,0.000,20.20,19.89
59.785,0.000,0.000,22.03,20.51
59.786,0.000,0.000,22.03,20.94
59.798,0.000,0.000,23.94,21.51
59.799,0.000,0.000,23.94,21.91
59.800,0.000,0.000,23.94,22.19
59.801,0.000,0.000,23.94,22.39
59.836,0.000,0.000,25.59,22.86
59.837,0.000,0.000,25.59,23.19
59.843,0.000,0.000,27.00,23.69
59.847,0.000,0.000,27.00,24.05
59.848,0.000,0.000,27.00,24.30
59.849,0.000,0.000,27.00,24.48
59.852,0.000,0.000,28.37,24.87
59.853,0.000,0.000,28.37,25.15
59.855,0.000,0.000,28.37,25.34
59.859,0.000,0.000,28.37,25.48
59.882,0.000,0.000,29.73,25.88
59.883,0.000,0.000,29.73,26.17
59.892,0.000,0.000,29.73,26.37
59.893,0.000,0.000,29.73,26.51
59.897,0.000,0.000,31.07,27.06
59.898,0.000,0.000,31.07,27.45
59.901,0.000,0.000,32.32,27.98
59.902,0.000,0.000,32.32,28.35
59.902,0.000,0.000,32.32,28.61
59.903,0.000,0.000,32.32,28.79
59.910,0.000,0.000,33.59,29.19
59.914,0.000,0.000,33.59,29.48
59.915,0.000,0.000,33.59,29.68
59.916,0.000,0.000,33.59,29.82
59.940,0.000,0.000,34.79,30.27
59.941,0.000,0.000,34.79,30.59
59.945,0.000,0.000,36.12,30.85
59.946,0.000,0.000,36.12,31.04
59.959,0.000,0.000,37.25,31.28
59.960,0.000,0.000,37.25,31.45
59.964,0.000,0.000,37.25,31.57
59.965,0.000,0.000,37.25,31.66
59.992,0.000,0.000,38.04,32.05
59.993,0.000,0.000,38.04,32.33
59.996,0.000,0.000,38.75,32.82
59.997,0.000,0.000,38.75,33.16
60.007,0.000,0.000,39.51,33.46
60.008,0.000,0.000,39.51,33.67
60.015,0.000,0.000,39.51,33.82
60.016,0.000,0.000,39.51,33.93
60.042,0.000,0.000,40.53,34.58
60.043,0.000,0.000,40.53,35.04
60.045,0.000,0.000,41.82,35.21
60.048,0.000,0.000,41.82,35.33
60.049,0.000,0.000,41.82,35.41
60.050,0.000,0.000,41.82,35.47
60.054,0.000,0.000,43.34,35.26
60.055,0.000,0.000,43.34,35.12
60.056,0.000,0.000,43.34,35.02
60.057,0.000,0.000,43.34,34.96
60.082,0.000,0.000,44.48,34.83
60.083,0.000,0.000,44.48,34.74
60.084,0.000,0.000,44.48,34.68
60.085,0.000,0.000,44.48,34.63
60.092,0.000,0.000,45.24,34.69
60.093,0.000,0.000,45.24,34.73
60.094,0.000,0.000,45.24,34.76
60.097,0.000,0.000,45.24,34.77
60.102,0.000,0.000,45.82,34.90
60.102,0.000,0.000,45.82,34.98
60.104,0.000,0.000,45.82,35.04
60.106,0.000,0.000,45.82,35.08
60.134,0.000,0.000,46.51,35.80
60.135,0.000,0.000,46.51,36.29
60.138,0.000,0.000,47.40,36.84
60.139,0.000,0.000,47.40,37.22
60.143,0.000,0.000,47.40,37.48
60.144,0.000,0.000,47.40,37.67
60.150,0.000,0.000,48.60,37.81
60.151,0.000,0.000,48.60,37.91
60.152,0.000,0.000,48.60,37.98
60.153,0.000,0.000,48.60,38.02
60.182,0.000,0.000,49.87,37.88
60.183,0.000,0.000,49.87,37.78
60.186,0.000,0.000,50.78,37.45
60.187,0.000,0.000,50.78,37.21
60.188,0.000,0.000,50.78,37.05
60.189,0.000,0.000,50.78,36.94
60.198,0.000,0.000,51.43,36.81
60.199,0.000,0.000,51.43,36.72
60.200,0.000,0.000,51.43,36.65
60.201,0.000,0.000,51.43,36.61
60.233,0.000,0.000,51.96,36.92
60.234,0.000,0.000,51.96,37.14
60.242,0.000,0.000,52.45,37.74
60.243,0.000,0.000,52.45,38.16
60.245,0.000,0.000,52.45,38.45
60.248,0.000,0.000,52.45,38.66
60.251,0.000,0.000,52.96,39.13
60.252,0.000,0.000,52.96,39.46
60.253,0.000,0.000,52.96,39.69
60.254,0.000,0.000,52.96,39.85
60.282,0.000,0.000,53.58,40.45
60.283,0.000,0.000,53.58,40.87
60.284,0.000,0.000,54.43,40.47
60.285,0.000,0.000,54.43,40.20
60.288,0.000,0.000,54.43,40.00
60.289,0.000,0.000,54.43,39.87
60.297,0.000,0.000,55.53,39.41
60.298,0.000,0.000,55.53,39.09
60.299,0.000,0.000,55.53,38.87
60.300,0.000,0.000,55.53,38.71
60.310,0.000,0.000,56.63,38.25
60.314,0.000,0.000,56.63,37.94
60.316,0.000,0.000,56.63,37.71
60.317,0.000,0.000,56.63,37.56
60.340,0.000,0.000,57.55,37.28
60.341,0.000,0.000,57.55,37.09
60.347,0.000,0.000,58.17,36.85
60.348,0.000,0.000,58.17,36.68
60.349,0.000,0.000,58.17,36.57
60.350,0.000,0.000,58.17,36.48
60.358,0.000,0.000,58.47,37.14
60.359,0.000,0.000,58.47,37.60
60.360,0.000,0.000,58.47,37.92
60.364,0.000,0.000,58.47,38.14
60.387,0.000,0.000,58.68,38.88
60.388,0.000,0.000,58.68,39.40
60.393,0.000,0.000,58.98,40.34
60.394,0.000,0.000,58.98,41.00
60.409,0.000,0.000,59.43,41.82
60.410,0.000,0.000,59.43,42.39
60.411,0.000,0.000,59.43,42.79
60.412,0.000,0.000,59.43,43.08
60.436,0.000,0.000,60.07,43.33
60.437,0.000,0.000,60.07,43.51
60.441,0.000,0.000,61.06,43.02
60.443,0.000,0.000,61.06,42.68
60.458,0.000,0.000,62.28,41.66
60.459,0.000,0.000,62.28,40.94
60.460,0.000,0.000,62.28,40.44
60.464,0.000,0.000,62.28,40.09
60.488,0.000,0.000,63.80,39.13
60.489,0.000,0.000,63.80,38.46
60.490,0.000,0.000,63.80,37.99
60.491,0.000,0.000,63.80,37.67
60.499,0.000,0.000,65.30,37.04
60.500,0.000,0.000,65.30,36.60
60.508,0.000,0.000,66.62,36.04
60.509,0.000,0.000,66.62,35.65
60.536,0.000,0.000,67.74,35.29
60.537,0.000,0.000,67.74,35.05
60.538,0.000,0.000,67.74,34.87
60.538,0.000,0.000,67.74,34.75
60.544,0.000,0.000,68.68,34.81
60.548,0.000,0.000,68.68,34.85
60.550,0.000,0.000,69.41,35.18
60.551,0.000,0.000,69.41,35.41
60.552,0.000,0.000,69.41,35.57
60.553,0.000,0.000,69.41,35.69
60.581,0.000,0.000,70.02,36.16
60.582,0.000,0.000,70.02,36.49
60.585,0.000,0.000,70.60,37.11
60.586,0.000,0.000,70.60,37.54
60.598,0.000,0.000,71.25,38.14
60.599,0.000,0.000,71.25,38.57
60.601,0.000,0.000,71.25,38.86
60.602,0.000,0.000,71.25,39.07
60.631,0.000,0.000,71.78,39.47
60.632,0.000,0.000,71.78,39.76
60.635,0.000,0.000,72.17,40.27
60.636,0.000,0.000,72.17,40.62
60.649,0.000,0.000,72.35,41.14
60.650,0.000,0.000,72.35,41.50
60.680,0.000,0.000,72.42,42.16
60.685,0.000,0.000,72.42,42.62
60.689,0.000,0.000,72.58,43.51
60.691,0.000,0.000,72.58,44.13
60.695,0.000,0.000,72.93,44.68
60.699,0.000,0.000,72.93,45.07
60.700,0.000,0.000,72.93,45.34
60.701,0.000,0.000,72.93,45.52
60.710,0.000,0.000,73.25,45.70
60.714,0.000,0.000,73.25,45.82
60.715,0.000,0.000,73.25,45.90
60.716,0.000,0.000,73.25,45.96
60.740,0.000,0.000,73.58,45.87
60.741,0.000,0.000,73.58,45.80
60.746,0.000,0.000,74.19,45.25
60.747,0.000,0.000,74.19,44.86
60.750,0.000,0.000,74.19,44.59
60.751,0.000,0.000,74.19,44.40
60.759,0.000,0.000,74.76,43.95
60.760,0.000,0.000,74.76,43.63
60.764,0.000,0.000,74.76,43.41
60.765,0.000,0.000,74.76,43.26
60.790,0.000,0.000,74.59,43.58
60.792,0.000,0.000,74.59,43.80
60.797,0.000,0.000,72.97,46.26
60.798,0.000,0.000,72.97,47.99
60.799,0.000,0.000,72.97,49.20
60.800,0.000,0.000,72.97,50.04
60.808,0.000,0.000,70.57,53.82
60.809,0.000,0.000,70.57,56.47
60.834,0.000,0.000,68.23,62.16
60.834,0.000,0.000,68.23,66.15
60.837,0.000,0.000,66.01,76.31
60.842,0.000,0.000,66.01,83.41
60.843,0.000,0.000,66.01,88.39
60.844,0.000,0.000,66.01,91.87
60.859,0.000,0.000,64.09,94.31
60.860,0.000,0.000,64.09,96.02
60.864,0.000,0.000,64.09,97.21
60.865,0.000,0.000,64.09,98.05
60.890,0.000,0.000,62.39,98.63
60.892,0.000,0.000,62.39,99.04
60.893,0.000,0.000,60.80,99.33
60.894,0.000,0.000,60.80,99.53
60.902,0.000,0.000,59.23,99.67
60.903,0.000,0.000,59.23,99.77
60.933,0.000,0.000,58.11,96.31
60.933,0.000,0.000,58.11,93.89
60.934,0.000,0.000,58.11,92.20
60.935,0.000,0.000,58.11,91.01
60.938,0.000,0.000,57.22,88.09
60.941,0.000,0.000,57.22,86.05
60.950,0.000,0.000,56.57,83.19
60.951,0.000,0.000,56.57,81.18
60.953,0.000,0.000,56.57,79.78
60.954,0.000,0.000,56.57,78.80
60.985,0.000,0.000,55.83,76.60
60.986,0.000,0.000,55.83,75.07
60.987,0.000,0.000,55.83,73.99
60.988,0.000,0.000,55.83,73.24
60.994,0.000,0.000,55.08,71.42
60.997,0.000,0.000,55.08,70.16
60.998,0.000,0.000,54.17,69.10
60.999,0.000,0.000,54.17,68.36
61.001,0.000,0.000,54.17,67.85
61.002,0.000,0.000,54.17,67.48
61.031,0.000,0.000,52.99,67.36
61.032,0.000,0.000,52.99,67.28
61.035,0.000,0.000,51.57,68.97
61.036,0.000,0.000,51.57,70.16
61.046,0.000,0.000,49.95,72.61
61.049,0.000,0.000,49.95,74.33
61.050,0.000,0.000,49.95,75.53
61.051,0.000,0.000,49.95,76.37
61.080,0.000,0.000,48.28,78.25
61.081,0.000,0.000,48.28,79.56
61.084,0.000,0.000,46.47,81.80
61.085,0.000,0.000,46.47,83.37
61.097,0.000,0.000,44.37,87.33
61.098,0.000,0.000,44.37,90.11
61.099,0.000,0.000,44.37,92.05
61.100,0.000,0.000,44.37,93.41
61.118,0.000,0.000,42.20,94.39
61.119,0.000,0.000,42.20,95.08
61.136,0.000,0.000,39.94,95.07
61.137,0.000,0.000,39.94,95.07
61.144,0.000,0.000,37.62,94.31
61.147,0.000,0.000,37.62,93.77
61.148,0.000,0.000,37.62,93.40
61.149,0.000,0.000,37.62,93.14
61.159,0.000,0.000,35.44,92.11
61.160,0.000,0.000,35.44,91.40
61.163,0.000,0.000,35.44,90.89
61.165,0.000,0.000,35.44,90.54
61.190,0.000,0.000,33.46,89.42
61.191,0.000,0.000,33.46,88.63
61.194,0.000,0.000,31.69,87.21
61.195,0.000,0.000,31.69,86.22
61.209,0.000,0.000,30.15,84.71
61.210,0.000,0.000,30.15,83.65
61.214,0.000,0.000,30.15,82.91
61.215,0.000,0.000,30.15,82.39
61.242,0.000,0.000,28.66,79.55
61.243,0.000,0.000,28.66,77.56
61.245,0.000,0.000,27.25,75.58
61.248,0.000,0.000,27.25,74.19
61.249,0.000,0.000,27.25,73.22
61.250,0.000,0.000,27.25,72.55
61.265,0.000,0.000,25.97,70.48
61.266,0.000,0.000,25.97,69.03
61.271,0.000,0.000,24.87,66.59
61.274,0.000,0.000,24.87,64.88
61.299,0.000,0.000,24.87,63.68
61.300,0.000,0.000,24.87,62.84
61.317,0.000,0.000,23.99,60.49
61.318,0.000,0.000,23.99,58.84
61.319,0.000,0.000,23.33,56.88
61.320,0.000,0.000,23.33,55.50
61.322,0.000,0.000,23.33,54.53
61.325,0.000,0.000,23.33,53.86
61.330,0.000,0.000,22.81,51.24
61.331,0.000,0.000,22.81,49.40
61.332,0.000,0.000,22.81,48.12
61.333,0.000,0.000,22.81,47.22
61.335,0.000,0.000,22.47,45.57
61.336,0.000,0.000,22.47,44.42
61.337,0.000,0.000,22.47,43.61
61.341,0.000,0.000,22.47,43.05
61.364,0.000,0.000,22.35,41.71
61.365,0.000,0.000,22.35,40.77
61.369,0.000,0.000,22.31,39.45
61.370,0.000,0.000,22.31,38.52
61.393,0.000,0.000,22.21,37.35
61.394,0.000,0.000,22.21,36.53
61.400,0.000,0.000,22.13,35.61
61.401,0.000,0.000,22.13,34.96
61.402,0.000,0.000,22.13,34.51
61.403,0.000,0.000,22.13,34.20
61.425,0.000,0.000,22.12,33.74
61.426,0.000,0.000,22.12,33.41
61.447,0.000,0.000,22.17,33.10
61.448,0.000,0.000,22.17,32.88
61.451,0.000,0.000,22.25,32.66
61.452,0.000,0.000,22.25,32.50
61.470,0.000,0.000,22.37,32.28
61.471,0.000,0.000,22.37,32.13
61.484,0.000,0.000,22.37,32.03
61.485,0.000,0.000,22.37,31.96
61.494,0.000,0.000,22.54,31.79
61.498,0.000,0.000,22.54,31.68
61.500,0.000,0.000,22.68,31.55
61.501,0.000,0.000,22.68,22.09
61.510,0.000,0.000,22.81,24.81
61.513,0.000,0.000,22.81,17.37
61.514,0.000,0.000,22.81,12.16
61.516,0.000,0.000,22.81,8.51
61.548,0.000,0.000,23.00,5.96
61.549,0.000,0.000,23.00,4.17
61.552,0.000,0.000,23.28,2.92
61.553,0.000,0.000,23.28,2.04
61.554,0.000,0.000,23.28,1.43
61.555,0.000,0.000,23.28,1.00
61.559,0.000,0.000,23.62,0.70
61.560,0.000,0.000,23.62,0.49
61.563,0.000,0.000,23.62,0.34
61.565,0.000,0.000,23.62,0.24
61.589,0.000,0.000,23.87,0.17
61.590,0.000,0.000,23.87,0.12
61.598,0.000,0.000,24.07,0.08
61.599,0.000,0.000,24.07,0.06
61.608,0.000,0.000,24.24,0.04
61.609,0.000,0.000,24.24,0.03
61.636,0.000,0.000,24.50,0.02
61.637,0.000,0.000,24.50,0.01
61.642,0.000,0.000,24.96,0.01
61.646,0.000,0.000,24.96,0.01
61.653,0.000,0.000,25.64,0.00
61.654,0.000,0.000,25.64,0.00
61.659,0.000,0.000,25.64,0.00
61.660,0.000,0.000,25.64,0.00
61.683,0.000,0.000,26.22,0.00
61.684,0.000,0.000,26.22,0.00
61.685,0.000,0.000,26.22,0.00
61.685,0.000,0.000,26.22,0.00
61.692,0.000,0.000,26.63,0.00
61.693,0.000,0.000,26.63,0.00
61.702,0.000,0.000,27.02,0.00
61.703,0.000,0.000,27.02,9.36
61.704,0.000,0.000,27.02,15.91
61.708,0.000,0.000,27.02,20.49
61.739,0.000,0.000,27.55,23.86
61.743,0.000,0.000,27.55,26.21
61.747,0.000,0.000,28.13,28.17
61.748,0.000,0.000,28.13,29.55
61.751,0.000,0.000,28.66,30.64
61.752,0.000,0.000,28.66,31.41
61.753,0.000,0.000,28.66,31.95
61.754,0.000,0.000,28.66,32.32
61.780,0.000,0.000,29.11,32.69
61.781,0.000,0.000,29.11,32.95
61.784,0.000,0.000,29.56,33.21
61.785,0.000,0.000,29.56,33.39
61.798,0.000,0.000,30.12,33.55
61.799,0.000,0.000,30.12,33.65
61.800,0.000,0.000,30.12,33.73
61.801,0.000,0.000,30.12,33.78
61.830,0.000,0.000,30.87,33.87
61.831,0.000,0.000,30.87,33.94
61.832,0.000,0.000,30.87,33.98
61.833,0.000,0.000,30.87,34.01
61.836,0.000,0.000,31.79,34.04
61.837,0.000,0.000,31.79,34.07
61.842,0.000,0.000,31.79,34.08
61.843,0.000,0.000,31.79,34.09
61.848,0.000,0.000,32.42,34.11
61.849,0.000,0.000,32.42,34.13
61.880,0.000,0.000,33.02,34.21
61.881,0.000,0.000,33.02,34.26
61.884,0.000,0.000,33.71,34.38
61.885,0.000,0.000,33.71,34.46
61.898,0.000,0.000,34.73,34.55
61.898,0.000,0.000,34.73,34.62
61.914,0.000,0.000,36.36,34.40
61.915,0.000,0.000,36.36,34.25
61.916,0.000,0.000,36.36,34.15
61.917,0.000,0.000,36.36,34.08
61.938,0.000,0.000,38.14,33.76
61.940,0.000,0.000,38.14,33.54
61.943,0.000,0.000,39.22,33.31
61.947,0.000,0.000,39.22,33.15
61.948,0.000,0.000,39.22,33.04
61.949,0.000,0.000,39.22,32.96
61.958,0.000,0.000,39.71,33.06
61.959,0.000,0.000,39.71,33.12
61.960,0.000,0.000,39.71,33.16
61.964,0.000,0.000,39.71,33.19
61.987,0.000,0.000,40.15,33.52
61.990,0.000,0.000,40.15,33.75
61.997,0.000,0.000,40.89,34.35
61.998,0.000,0.000,40.89,34.77
62.008,0.000,0.000,41.90,35.49
62.009,0.000,0.000,41.90,36.00
62.010,0.000,0.000,41.90,36.35
62.011,0.000,0.000,41.90,36.60
62.037,0.000,0.000,43.06,36.87
62.038,0.000,0.000,43.06,37.05
62.043,0.000,0.000,43.06,37.19
62.044,0.000,0.000,43.06,37.28
62.049,0.000,0.000,44.35,37.02
62.051,0.000,0.000,44.35,36.83
62.053,0.000,0.000,45.70,36.28
62.058,0.000,0.000,45.70,35.90
62.059,0.000,0.000,45.70,35.63
62.060,0.000,0.000,45.70,35.44
62.084,0.000,0.000,46.47,35.48
62.085,0.000,0.000,46.47,35.50
62.085,0.000,0.000,46.47,35.52
62.087,0.000,0.000,46.47,35.53
62.092,0.000,0.000,46.69,35.99
62.094,0.000,0.000,46.69,36.31
62.102,0.000,0.000,46.70,37.19
62.104,0.000,0.000,46.70,37.81
62.108,0.000,0.000,46.70,38.25
62.109,0.000,0.000,46.70,38.55
62.134,0.000,0.000,46.52,39.79
62.135,0.000,0.000,46.52,40.66
62.136,0.000,0.000,46.52,41.26
62.137,0.000,0.000,46.52,41.69
62.143,0.000,0.000,46.05,43.69
62.144,0.000,0.000,46.05,45.09
62.145,0.000,0.000,46.05,46.07
62.148,0.000,0.000,46.05,46.75
62.150,0.000,0.000,46.08,47.98
62.151,0.000,0.000,46.08,48.83
62.152,0.000,0.000,46.08,49.43
62.153,0.000,0.000,46.08,49.85
62.180,0.000,0.000,46.31,50.17
62.181,0.000,0.000,46.31,50.39
62.184,0.000,0.000,46.33,50.53
62.185,0.000,0.000,46.33,50.63
62.198,0.000,0.000,46.10,50.79
62.199,0.000,0.000,46.10,50.90
62.230,0.000,0.000,45.80,50.69
62.231,0.000,0.000,45.80,50.55
62.234,0.000,0.000,45.47,50.81
62.235,0.000,0.000,45.47,50.98
62.247,0.000,0.000,44.95,52.10
62.248,0.000,0.000,44.95,52.89
62.249,0.000,0.000,44.95,53.44
62.250,0.000,0.000,44.95,53.82
62.270,0.000,0.000,44.31,54.88
62.271,0.000,0.000,44.31,55.61
62.285,0.000,0.000,44.31,56.13
62.286,0.000,0.000,44.31,56.49
62.299,0.000,0.000,43.69,57.08
62.300,0.000,0.000,43.69,57.50
62.301,0.000,0.000,43.69,57.79
62.302,0.000,0.000,43.69,57.99
62.306,0.000,0.000,42.96,58.65
62.308,0.000,0.000,42.96,59.11
62.314,0.000,0.000,41.85,60.49
62.315,0.000,0.000,41.85,61.45
62.326,0.000,0.000,41.85,62.13
62.330,0.000,0.000,41.85,62.60
62.347,0.000,0.000,40.86,63.20
62.348,0.000,0.000,40.86,63.62
62.349,0.000,0.000,40.86,63.91
62.350,0.000,0.000,40.86,64.11
62.353,0.000,0.000,40.01,64.23
62.354,0.000,0.000,40.01,64.31
62.359,0.000,0.000,39.34,64.45
62.360,0.000,0.000,39.34,64.54
62.384,0.000,0.000,38.76,64.32
62.385,0.000,0.000,38.76,64.17
62.386,0.000,0.000,38.76,64.06
62.390,0.000,0.000,38.76,63.99
62.394,0.000,0.000,38.53,62.53
62.398,0.000,0.000,38.53,61.51
62.408,0.000,0.000,38.42,59.66
62.409,0.000,0.000,38.42,58.36
62.412,0.000,0.000,38.42,57.45
62.413,0.000,0.000,38.42,56.82
62.435,0.000,0.000,39.27,54.68
62.437,0.000,0.000,39.27,53.18
62.438,0.000,0.000,39.27,52.13
62.440,0.000,0.000,39.27,51.39
62.447,0.000,0.000,38.92,50.43
62.448,0.000,0.000,38.92,49.76
62.449,0.000,0.000,38.92,49.29
62.450,0.000,0.000,38.92,48.96
62.454,0.000,0.000,39.75,47.52
62.457,0.000,0.000,39.75,46.51
62.458,0.000,0.000,39.75,45.80
62.459,0.000,0.000,39.75,45.30
62.482,0.000,0.000,40.45,44.36
62.482,0.000,0.000,40.45,43.71
62.485,0.000,0.000,41.23,42.50
62.486,0.000,0.000,41.23,41.65
62.488,0.000,0.000,41.23,41.06
62.489,0.000,0.000,41.23,40.65
62.502,0.000,0.000,40.38,41.59
62.503,0.000,0.000,40.38,42.25
62.505,0.000,0.000,40.38,42.72
62.507,0.000,0.000,40.38,43.04
62.530,0.000,0.000,38.43,44.39
62.531,0.000,0.000,38.43,45.33
62.534,0.000,0.000,36.29,49.00
62.535,0.000,0.000,36.29,51.56
62.536,0.000,0.000,36.29,53.36
62.537,0.000,0.000,36.29,54.62
62.550,0.000,0.000,33.78,59.17
62.551,0.000,0.000,33.78,62.36
62.552,0.000,0.000,33.78,64.59
62.553,0.000,0.000,33.78,66.15
62.580,0.000,0.000,31.04,71.14
62.581,0.000,0.000,31.04,74.63
62.584,0.000,0.000,28.59,75.71
62.585,0.000,0.000,28.59,76.46
62.599,0.000,0.000,26.40,75.65
62.600,0.000,0.000,26.40,75.08
62.631,0.000,0.000,24.36,73.34
62.632,0.000,0.000,24.36,72.12
62.636,0.000,0.000,22.35,69.86
62.637,0.000,0.000,22.35,68.28
62.647,0.000,0.000,20.91,66.11
62.648,0.000,0.000,20.91,64.60
62.649,0.000,0.000,20.91,63.53
62.650,0.000,0.000,20.91,62.79
62.681,0.000,0.000,20.11,60.69
62.682,0.000,0.000,20.11,59.22
62.685,0.000,0.000,20.25,55.46
62.686,0.000,0.000,20.25,52.82
62.697,0.000,0.000,21.00,48.68
62.698,0.000,0.000,21.00,45.78
62.699,0.000,0.000,21.00,43.74
62.699,0.000,0.000,21.00,42.32
62.710,0.000,0.000,22.28,39.21
62.714,0.000,0.000,22.28,37.03
62.716,0.000,0.000,22.28,35.51
62.717,0.000,0.000,22.28,34.44
62.741,0.000,0.000,23.79,32.53
62.742,0.000,0.000,23.79,31.19
62.749,0.000,0.000,25.04,29.72
62.750,0.000,0.000,25.04,28.69
62.759,0.000,0.000,26.15,27.85
62.760,0.000,0.000,26.15,27.26
62.784,0.000,0.000,27.67,27.07
62.785,0.000,0.000,27.67,26.94
62.792,0.000,0.000,29.46,26.98
62.796,0.000,0.000,29.46,27.02
62.798,0.000,0.000,29.46,27.04
62.798,0.000,0.000,29.46,27.06
62.807,0.000,0.000,31.56,27.33
62.808,0.000,0.000,31.56,27.51
62.817,0.000,0.000,31.56,27.65
62.818,0.000,0.000,31.56,27.74
62.843,0.000,0.000,33.80,28.09
62.847,0.000,0.000,33.80,28.34
62.849,0.000,0.000,35.22,28.70
62.850,0.000,0.000,35.22,28.95
62.853,0.000,0.000,35.22,29.12
62.854,0.000,0.000,35.22,29.25
62.855,0.000,0.000,35.43,29.46
62.856,0.000,0.000,35.43,29.61
62.857,0.000,0.000,35.43,29.72
62.859,0.000,0.000,35.43,29.79
62.883,0.000,0.000,35.81,30.33
62.884,0.000,0.000,35.81,30.71
62.885,0.000,0.000,35.81,30.97
62.886,0.000,0.000,35.81,31.16
62.890,0.000,0.000,37.06,31.80
62.891,0.000,0.000,37.06,32.26
62.904,0.000,0.000,36.99,33.60
62.906,0.000,0.000,36.99,34.54
62.909,0.000,0.000,36.99,35.19
62.913,0.000,0.000,36.99,35.65
62.933,0.000,0.000,35.93,37.89
62.934,0.000,0.000,35.93,39.45
62.935,0.000,0.000,35.93,40.55
62.936,0.000,0.000,35.93,41.32
62.942,0.000,0.000,35.11,42.66
62.943,0.000,0.000,35.11,43.61
62.947,0.000,0.000,35.11,44.27
62.948,0.000,0.000,35.11,44.73
62.950,0.000,0.000,34.35,46.01
62.951,0.000,0.000,34.35,46.90
62.980,0.000,0.000,33.55,49.49
62.981,0.000,0.000,33.55,51.30
62.984,0.000,0.000,32.68,53.35
62.985,0.000,0.000,32.68,54.79
62.999,0.000,0.000,31.52,55.58
63.000,0.000,0.000,31.52,56.14
63.001,0.000,0.000,31.52,56.52
63.001,0.000,0.000,31.52,56.79
63.030,0.000,0.000,30.09,57.11
63.031,0.000,0.000,30.09,57.33
63.032,0.000,0.000,30.09,57.49
63.033,0.000,0.000,30.09,57.59
63.036,0.000,0.000,28.86,57.97
63.037,0.000,0.000,28.86,58.24
63.040,0.000,0.000,28.86,58.42
63.042,0.000,0.000,28.86,58.55
63.047,0.000,0.000,27.64,58.67
63.048,0.000,0.000,27.64,58.75
63.049,0.000,0.000,27.64,58.81
63.049,0.000,0.000,27.64,58.85
63.075,0.000,0.000,26.69,58.46
63.076,0.000,0.000,26.69,58.19
63.085,0.000,0.000,25.63,56.94
63.086,0.000,0.000,25.63,56.06
63.098,0.000,0.000,25.81,53.64
63.099,0.000,0.000,25.81,51.94
63.100,0.000,0.000,25.81,50.75
63.101,0.000,0.000,25.81,49.92
63.109,0.000,0.000,27.83,46.82
63.112,0.000,0.000,27.83,44.65
63.116,0.000,0.000,27.83,43.13
63.117,0.000,0.000,27.83,42.07
63.149,0.000,0.000,29.51,39.94
63.150,0.000,0.000,29.51,38.45
63.165,0.000,0.000,31.27,36.00
63.166,0.000,0.000,31.27,34.28
63.167,0.000,0.000,31.27,33.08
63.168,0.000,0.000,31.27,32.24
63.170,0.000,0.000,34.69,31.36
63.171,0.000,0.000,34.69,30.73
63.184,0.000,0.000,36.98,30.60
63.185,0.000,0.000,36.98,30.50
63.202,0.000,0.000,36.98,30.43
63.203,0.000,0.000,36.98,30.39
63.207,0.000,0.000,38.52,30.53
63.209,0.000,0.000,38.52,30.64
63.213,0.000,0.000,39.86,30.85
63.215,0.000,0.000,39.86,31.00
63.239,0.000,0.000,41.29,31.23
63.240,0.000,0.000,41.29,31.39
63.247,0.000,0.000,42.41,31.72
63.249,0.000,0.000,42.41,31.95
63.254,0.000,0.000,43.30,32.58
63.258,0.000,0.000,43.30,33.02
63.259,0.000,0.000,43.30,33.33
63.260,0.000,0.000,43.30,33.55
63.284,0.000,0.000,44.54,33.81
63.285,0.000,0.000,44.54,33.99
63.288,0.000,0.000,46.34,34.04
63.289,0.000,0.000,46.34,34.07
63.293,0.000,0.000,46.34,34.09
63.297,0.000,0.000,46.34,34.10
63.301,0.000,0.000,48.21,33.99
63.302,0.000,0.000,48.21,33.92
63.303,0.000,0.000,48.21,33.86
63.306,0.000,0.000,48.21,33.83
63.330,0.000,0.000,50.31,33.74
63.331,0.000,0.000,50.31,33.68
63.334,0.000,0.000,52.37,33.49
63.335,0.000,0.000,52.37,33.36
63.336,0.000,0.000,52.37,33.27
63.337,0.000,0.000,52.37,33.20
63.350,0.000,0.000,54.11,33.14
63.351,0.000,0.000,54.11,33.10
63.352,0.000,0.000,54.11,33.07
63.353,0.000,0.000,54.11,33.05
63.380,0.000,0.000,55.31,33.06
63.381,0.000,0.000,55.31,33.06
63.382,0.000,0.000,55.31,33.07
63.383,0.000,0.000,55.31,33.07
63.386,0.000,0.000,55.89,33.25
63.387,0.000,0.000,55.89,33.38
63.388,0.000,0.000,55.89,33.47
63.388,0.000,0.000,55.89,33.54
63.399,0.000,0.000,56.70,33.91
63.400,0.000,0.000,56.70,34.18
63.431,0.000,0.000,58.39,34.58
63.432,0.000,0.000,58.39,34.85
63.435,0.000,0.000,60.40,34.99
63.436,0.000,0.000,60.40,35.08
63.448,0.000,0.000,62.18,34.82
63.449,0.000,0.000,62.18,34.63
63.450,0.000,0.000,62.18,34.50
63.450,0.000,0.000,62.18,34.41
63.480,0.000,0.000,64.05,34.09
63.481,0.000,0.000,64.05,33.86
63.484,0.000,0.000,65.08,33.68
63.485,0.000,0.000,65.08,33.55
63.494,0.000,0.000,65.32,33.71
63.495,0.000,0.000,65.32,33.83
63.498,0.000,0.000,65.32,33.91
63.499,0.000,0.000,65.32,33.96
63.501,0.000,0.000,65.32,34.00
63.502,0.000,0.000,65.32,34.03
63.510,0.000,0.000,65.69,34.58
63.513,0.000,0.000,65.69,34.96
63.514,0.000,0.000,65.69,35.23
63.515,0.000,0.000,65.69,35.42
63.538,0.000,0.000,66.73,36.22
63.539,0.000,0.000,66.73,36.78
63.544,0.000,0.000,68.34,37.27
63.548,0.000,0.000,68.34,37.62
63.558,0.000,0.000,70.35,37.17
63.559,0.000,0.000,70.35,36.86
63.564,0.000,0.000,70.35,36.64
63.565,0.000,0.000,70.35,36.48
63.586,0.000,0.000,72.12,35.89
63.587,0.000,0.000,72.12,35.48
63.592,0.000,0.000,73.27,34.95
63.593,0.000,0.000,73.27,34.59
63.609,0.000,0.000,73.16,34.62
63.610,0.000,0.000,73.16,34.64
63.637,0.000,0.000,71.67,36.17
63.638,0.000,0.000,71.67,37.25
63.642,0.000,0.000,69.75,42.11
63.648,0.000,0.000,69.75,45.52
63.649,0.000,0.000,69.75,47.91
63.650,0.000,0.000,69.75,49.57
63.654,0.000,0.000,68.68,54.15
63.657,0.000,0.000,68.68,57.36
63.658,0.000,0.000,68.68,59.60
63.659,0.000,0.000,68.68,61.17
63.682,0.000,0.000,68.84,63.90
63.683,0.000,0.000,68.84,65.80
63.684,0.000,0.000,68.84,67.13
63.685,0.000,0.000,68.84,68.07
63.688,0.000,0.000,70.07,66.80
63.689,0.000,0.000,70.07,65.91
63.690,0.000,0.000,70.07,65.28
63.691,0.000,0.000,70.07,64.85
63.702,0.000,0.000,71.65,60.74
63.703,0.000,0.000,71.65,57.86
63.705,0.000,0.000,71.65,55.85
63.706,0.000,0.000,71.65,54.44
63.742,0.000,0.000,73.15,50.10
63.743,0.000,0.000,73.15,47.06
63.747,0.000,0.000,73.15,44.94
63.748,0.000,0.000,73.15,43.45
63.751,0.000,0.000,73.93,41.37
63.752,0.000,0.000,73.93,39.92
63.753,0.000,0.000,73.79,39.06
63.754,0.000,0.000,73.79,38.46
63.757,0.000,0.000,73.79,38.03
63.759,0.000,0.000,73.79,37.74
63.782,0.000,0.000,73.45,38.45
63.783,0.000,0.000,73.45,38.95
63.784,0.000,0.000,73.45,39.30
63.785,0.000,0.000,73.45,39.55
63.787,0.000,0.000,73.19,41.14
63.790,0.000,0.000,73.19,42.26
63.792,0.000,0.000,73.19,43.05
63.793,0.000,0.000,73.19,43.60
63.800,0.000,0.000,73.28,45.38
63.801,0.000,0.000,73.28,46.63
63.802,0.000,0.000,73.28,47.50
63.803,0.000,0.000,73.28,48.11
63.830,0.000,0.000,73.63,48.95
63.831,0.000,0.000,73.63,49.53
63.832,0.000,0.000,73.63,49.94
63.832,0.000,0.000,73.63,50.23
63.835,0.000,0.000,73.99,49.87
63.836,0.000,0.000,73.99,49.63
63.837,0.000,0.000,73.99,49.45
63.842,0.000,0.000,73.99,49.33
63.843,0.000,0.000,73.99,49.25
63.844,0.000,0.000,73.99,49.19
63.848,0.000,0.000,74.17,48.62
63.849,0.000,0.000,74.17,48.21
63.850,0.000,0.000,74.17,47.93
63.851,0.000,0.000,74.17,47.74
63.871,0.000,0.000,74.11,47.41
63.872,0.000,0.000,74.11,47.19
63.883,0.000,0.000,74.11,47.03
63.884,0.000,0.000,74.11,46.92
63.885,0.000,0.000,73.30,47.72
63.886,0.000,0.000,73.30,48.27
63.897,0.000,0.000,72.26,50.27
63.898,0.000,0.000,72.26,51.67
63.898,0.000,0.000,72.26,52.65
63.899,0.000,0.000,72.26,53.33
63.910,0.000,0.000,72.65,53.80
63.914,0.000,0.000,72.65,54.13
63.916,0.000,0.000,72.65,54.36
63.917,0.000,0.000,72.65,54.52
63.939,0.000,0.000,73.70,53.64
63.940,0.000,0.000,73.70,53.03
63.941,0.000,0.000,73.70,52.60
63.943,0.000,0.000,73.70,52.30
63.948,0.000,0.000,74.38,51.32
63.949,0.000,0.000,74.38,50.63
63.950,0.000,0.000,74.38,50.15
63.951,0.000,0.000,74.38,49.81
63.959,0.000,0.000,75.07,48.18
63.960,0.000,0.000,75.07,47.05
63.963,0.000,0.000,75.07,46.25
63.964,0.000,0.000,75.07,45.69
63.986,0.000,0.000,75.74,43.97
63.987,0.000,0.000,75.74,42.76
63.993,0.000,0.000,76.48,41.65
63.994,0.000,0.000,76.48,40.86
63.995,0.000,0.000,76.48,40.32
63.998,0.000,0.000,76.48,39.94
64.008,0.000,0.000,77.04,39.98
64.009,0.000,0.000,77.04,40.00
64.011,0.000,0.000,77.04,40.02
64.012,0.000,0.000,77.04,40.04
64.036,0.000,0.000,77.40,40.26
64.037,0.000,0.000,77.40,40.42
64.039,0.000,0.000,77.40,40.53
64.043,0.000,0.000,77.40,40.61
64.048,0.000,0.000,77.53,41.09
64.049,0.000,0.000,77.53,41.42
64.054,0.000,0.000,77.60,42.10
64.059,0.000,0.000,77.60,42.58
64.060,0.000,0.000,77.60,42.91
64.061,0.000,0.000,77.60,43.15
64.084,0.000,0.000,77.58,44.03
64.085,0.000,0.000,77.58,44.65
64.088,0.000,0.000,77.36,45.84
64.089,0.000,0.000,77.36,46.66
64.102,0.000,0.000,77.16,47.87
64.103,0.000,0.000,77.16,48.71
64.105,0.000,0.000,77.16,49.30
64.109,0.000,0.000,77.16,49.71
64.131,0.000,0.000,77.03,50.25
64.132,0.000,0.000,77.03,50.63
64.135,0.000,0.000,76.93,51.08
64.136,0.000,0.000,76.93,51.41
64.150,0.000,0.000,76.79,51.79
64.151,0.000,0.000,76.79,52.06
64.152,0.000,0.000,76.79,52.24
64.153,0.000,0.000,76.79,52.37
64.180,0.000,0.000,76.60,52.42
64.181,0.000,0.000,76.60,52.45
64.184,0.000,0.000,76.36,52.49
64.185,0.000,0.000,76.36,52.52
64.198,0.000,0.000,76.08,52.80
64.199,0.000,0.000,76.08,52.99
64.201,0.000,0.000,76.08,53.12
64.201,0.000,0.000,76.08,53.21
64.226,0.000,0.000,75.97,53.28
64.227,0.000,0.000,75.97,53.34
64.237,0.000,0.000,76.07,53.07
64.238,0.000,0.000,76.07,52.89
64.243,0.000,0.000,76.07,52.76
64.247,0.000,0.000,76.07,52.67
64.248,0.000,0.000,76.41,52.00
64.249,0.000,0.000,76.41,51.52
64.250,0.000,0.000,76.41,51.19
64.251,0.000,0.000,76.41,50.96
64.284,0.000,0.000,76.05,50.91
64.285,0.000,0.000,76.05,50.88
64.286,0.000,0.000,76.05,50.85
64.287,0.000,0.000,76.05,50.84
64.291,0.000,0.000,75.88,50.60
64.292,0.000,0.000,75.88,50.43
64.297,0.000,0.000,75.97,50.05
64.299,0.000,0.000,75.97,49.78
64.300,0.000,0.000,75.97,49.60
64.300,0.000,0.000,75.97,49.47
64.310,0.000,0.000,75.90,49.55
64.311,0.000,0.000,75.90,49.62
64.316,0.000,0.000,75.90,49.66
64.317,0.000,0.000,75.90,49.69
64.342,0.000,0.000,75.69,50.33
64.347,0.000,0.000,75.69,50.78
64.350,0.000,0.000,74.85,51.80
64.351,0.000,0.000,74.85,52.52
64.352,0.000,0.000,74.85,53.02
64.353,0.000,0.000,74.85,53.37
64.359,0.000,0.000,73.67,54.85
64.360,0.000,0.000,73.67,55.89
64.384,0.000,0.000,73.13,57.44
64.385,0.000,0.000,73.13,58.53
64.391,0.000,0.000,72.63,60.07
64.393,0.000,0.000,72.63,61.14
64.394,0.000,0.000,72.63,61.89
64.395,0.000,0.000,72.63,62.42
64.408,0.000,0.000,72.50,62.72
64.409,0.000,0.000,72.50,62.93
64.410,0.000,0.000,72.50,63.08
64.414,0.000,0.000,72.50,63.19
64.436,0.000,0.000,73.00,61.41
64.439,0.000,0.000,73.00,60.17
64.444,0.000,0.000,74.13,56.55
64.445,0.000,0.000,74.13,54.01
64.454,0.000,0.000,75.66,50.26
64.458,0.000,0.000,75.66,47.63
64.459,0.000,0.000,75.66,45.79
64.463,0.000,0.000,75.66,44.50
64.485,0.000,0.000,77.18,42.44
64.487,0.000,0.000,77.18,41.00
64.492,0.000,0.000,78.46,39.11
64.493,0.000,0.000,78.46,37.79
64.497,0.000,0.000,78.46,36.87
64.498,0.000,0.000,78.46,36.22
64.502,0.000,0.000,79.32,35.63
64.503,0.000,0.000,79.32,35.22
64.504,0.000,0.000,79.32,34.93
64.508,0.000,0.000,79.32,34.73
64.531,0.000,0.000,80.01,34.81
64.532,0.000,0.000,80.01,34.87
64.535,0.000,0.000,80.01,34.91
64.536,0.000,0.000,80.01,34.94
64.552,0.000,0.000,80.01,34.96
64.553,0.000,0.000,80.01,34.97
64.585,0.000,0.000,80.01,34.98
64.586,0.000,0.000,80.01,34.99
64.589,0.000,0.000,81.12,35.67
64.593,0.000,0.000,81.12,36.14
64.597,0.000,0.000,81.12,36.48
64.598,0.000,0.000,81.12,36.71
64.599,0.000,0.000,81.14,37.55
64.600,0.000,0.000,81.14,38.13
64.601,0.000,0.000,81.14,38.54
64.602,0.000,0.000,81.14,38.83
64.630,0.000,0.000,81.55,40.09
64.631,0.000,0.000,81.55,40.98
64.634,0.000,0.000,81.88,42.08
64.635,0.000,0.000,81.88,42.84
64.647,0.000,0.000,81.97,43.85
64.648,0.000,0.000,81.97,44.55
64.649,0.000,0.000,81.97,45.04
64.650,0.000,0.000,81.97,45.38
64.669,0.000,0.000,81.36,46.49
64.670,0.000,0.000,81.36,47.27
64.683,0.000,0.000,81.36,47.82
64.684,0.000,0.000,81.36,48.20
64.692,0.000,0.000,81.02,48.83
64.693,0.000,0.000,81.02,49.27
64.694,0.000,0.000,81.02,49.58
64.698,0.000,0.000,81.02,49.80
64.701,0.000,0.000,80.75,50.69
64.702,0.000,0.000,80.75,51.31
64.703,0.000,0.000,80.75,51.74
64.704,0.000,0.000,80.75,52.05
64.710,0.000,0.000,80.69,52.65
64.715,0.000,0.000,80.69,53.07
64.717,0.000,0.000,80.69,53.36
64.717,0.000,0.000,80.69,53.56
64.742,0.000,0.000,80.67,53.87
64.743,0.000,0.000,80.67,54.08
64.748,0.000,0.000,80.51,53.70
64.749,0.000,0.000,80.51,53.43
64.759,0.000,0.000,80.01,53.52
64.763,0.000,0.000,80.01,53.59
64.786,0.000,0.000,79.81,53.53
64.787,0.000,0.000,79.81,53.49
64.798,0.000,0.000,79.64,53.61
64.800,0.000,0.000,79.64,53.70
64.800,0.000,0.000,79.64,53.76
64.801,0.000,0.000,79.64,53.80
64.807,0.000,0.000,79.18,54.34
64.809,0.000,0.000,79.18,54.72
64.810,0.000,0.000,79.18,54.99
64.813,0.000,0.000,79.18,55.17
64.836,0.000,0.000,78.21,56.19
64.837,0.000,0.000,78.21,56.90
64.843,0.000,0.000,77.16,58.05
64.847,0.000,0.000,77.16,58.85
64.857,0.000,0.000,76.58,60.05
64.859,0.000,0.000,76.58,60.89
64.882,0.000,0.000,76.35,61.55
64.883,0.000,0.000,76.35,62.01
64.884,0.000,0.000,76.35,62.33
64.885,0.000,0.000,76.35,62.55
64.892,0.000,0.000,75.86,62.77
64.893,0.000,0.000,75.86,62.91
64.897,0.000,0.000,75.86,63.02
64.898,0.000,0.000,75.86,63.09
64.902,0.000,0.000,75.39,62.59
64.903,0.000,0.000,75.39,62.25
64.904,0.000,0.000,75.39,62.00
64.908,0.000,0.000,75.39,61.84
64.930,0.000,0.000,76.26,59.29
64.931,0.000,0.000,76.26,57.51
64.932,0.000,0.000,76.26,56.26
64.933,0.000,0.000,76.26,55.39
64.936,0.000,0.000,76.71,53.57
64.937,0.000,0.000,76.71,52.29
64.938,0.000,0.000,76.71,51.40
64.939,0.000,0.000,76.71,50.78
64.950,0.000,0.000,76.38,50.44
64.951,0.000,0.000,76.38,50.20
64.952,0.000,0.000,76.38,50.03
64.953,0.000,0.000,76.38,49.91
64.979,0.000,0.000,76.33,49.38
64.980,0.000,0.000,76.33,49.00
64.983,0.000,0.000,76.49,48.14
64.984,0.000,0.000,76.49,47.53
64.998,0.000,0.000,76.96,47.42
64.998,0.000,0.000,76.96,47.34
64.999,0.000,0.000,76.96,47.29
65.000,0.000,0.000,76.96,47.25
65.030,0.000,0.000,77.19,47.46
65.031,0.000,0.000,77.19,47.61
65.034,0.000,0.000,77.37,47.22
65.035,0.000,0.000,77.37,46.94
65.036,0.000,0.000,77.37,46.75
65.037,0.000,0.000,77.37,46.62
65.047,0.000,0.000,77.20,46.64
65.049,0.000,0.000,77.20,46.66
65.049,0.000,0.000,77.20,46.67
65.050,0.000,0.000,77.20,46.68
65.080,0.000,0.000,77.30,46.77
65.081,0.000,0.000,77.30,46.83
65.084,0.000,0.000,77.53,47.13
65.085,0.000,0.000,77.53,47.35
65.098,0.000,0.000,77.80,47.42
65.099,0.000,0.000,77.80,47.47
65.100,0.000,0.000,77.80,47.50
65.100,0.000,0.000,77.80,47.52
65.110,0.000,0.000,78.26,47.27
65.111,0.000,0.000,78.26,47.10
65.122,0.000,0.000,78.26,46.98
65.126,0.000,0.000,78.26,46.89
65.142,0.000,0.000,78.93,46.07
65.143,0.000,0.000,78.93,45.50
65.147,0.000,0.000,78.93,45.09
65.148,0.000,0.000,78.93,44.81
65.151,0.000,0.000,79.70,44.06
65.152,0.000,0.000,79.70,43.54
65.152,0.000,0.000,79.70,43.17
65.153,0.000,0.000,79.70,42.91
65.159,0.000,0.000,80.37,42.40
65.159,0.000,0.000,80.37,42.04
65.164,0.000,0.000,80.37,41.79
65.165,0.000,0.000,80.37,41.62
65.166,0.000,0.000,80.37,41.50
65.167,0.000,0.000,80.37,41.41
65.192,0.000,0.000,80.88,41.27
65.193,0.000,0.000,80.88,41.17
65.197,0.000,0.000,81.22,41.13
65.198,0.000,0.000,81.22,41.11
65.206,0.000,0.000,81.63,41.27
65.213,0.000,0.000,81.63,41.37
65.214,0.000,0.000,81.63,41.45
65.215,0.000,0.000,81.63,41.50
65.239,0.000,0.000,82.16,41.80
65.241,0.000,0.000,82.16,42.02
65.245,0.000,0.000,82.73,42.15
65.249,0.000,0.000,82.73,42.24
65.257,0.000,0.000,83.21,42.24
65.258,0.000,0.000,83.21,42.24
65.281,0.000,0.000,83.51,42.37
65.282,0.000,0.000,83.51,42.45
65.283,0.000,0.000,83.51,42.52
65.284,0.000,0.000,83.51,42.56
65.286,0.000,0.000,83.72,42.73
65.287,0.000,0.000,83.72,42.86
65.303,0.000,0.000,83.72,42.94
65.304,0.000,0.000,83.72,43.00
65.332,0.000,0.000,84.17,43.21
65.333,0.000,0.000,84.17,43.36
65.336,0.000,0.000,84.42,43.86
65.337,0.000,0.000,84.42,44.21
65.354,0.000,0.000,84.76,44.53
65.355,0.000,0.000,84.76,44.75
65.359,0.000,0.000,84.76,44.90
65.360,0.000,0.000,84.76,45.01
65.383,0.000,0.000,85.09,45.04
65.384,0.000,0.000,85.09,45.06
65.390,0.000,0.000,85.34,45.09
65.392,0.000,0.000,85.34,45.11
65.398,0.000,0.000,85.53,45.12
65.399,0.000,0.000,85.53,45.13
65.400,0.000,0.000,85.53,45.13
65.400,0.000,0.000,85.53,45.14
65.430,0.000,0.000,85.63,45.29
65.431,0.000,0.000,85.63,45.39
65.435,0.000,0.000,85.57,45.89
65.436,0.000,0.000,85.57,46.24
65.448,0.000,0.000,85.47,46.91
65.449,0.000,0.000,85.47,47.38
65.450,0.000,0.000,85.47,47.71
65.451,0.000,0.000,85.47,47.94
65.473,0.000,0.000,85.28,48.55
65.474,0.000,0.000,85.28,48.97
65.490,0.000,0.000,85.28,49.27
65.491,0.000,0.000,85.28,49.47
65.492,0.000,0.000,85.03,50.09
65.497,0.000,0.000,85.03,50.53
65.500,0.000,0.000,84.52,51.59
65.501,0.000,0.000,84.52,52.34
65.502,0.000,0.000,84.52,52.87
65.503,0.000,0.000,84.52,53.23
65.510,0.000,0.000,83.78,54.34
65.514,0.000,0.000,83.78,55.12
65.516,0.000,0.000,83.78,55.66
65.516,0.000,0.000,83.78,56.04
65.540,0.000,0.000,83.07,56.96
65.541,0.000,0.000,83.07,57.61
65.547,0.000,0.000,82.74,58.25
65.549,0.000,0.000,82.74,58.70
65.558,0.000,0.000,82.60,58.91
65.560,0.000,0.000,82.60,59.06
65.563,0.000,0.000,82.60,59.17
65.564,0.000,0.000,82.60,59.24
65.588,0.000,0.000,82.29,58.88
65.589,0.000,0.000,82.29,58.62
65.596,0.000,0.000,81.86,58.13
65.599,0.000,0.000,81.86,57.78
65.609,0.000,0.000,81.47,57.23
65.610,0.000,0.000,81.47,56.85
65.614,0.000,0.000,81.47,56.58
65.615,0.000,0.000,81.47,56.39
65.653,0.000,0.000,81.33,55.98
65.657,0.000,0.000,81.33,55.69
65.664,0.000,0.000,81.39,55.20
65.665,0.000,0.000,81.39,54.86
65.666,0.000,0.000,81.70,54.03
65.667,0.000,0.000,81.70,53.44
65.692,0.000,0.000,82.23,51.76
65.693,0.000,0.000,82.23,50.59
65.699,0.000,0.000,82.23,49.77
65.700,0.000,0.000,82.23,49.19
65.702,0.000,0.000,82.56,48.12
65.703,0.000,0.000,82.56,47.37
65.714,0.000,0.000,82.77,46.55
65.715,0.000,0.000,82.77,45.98
65.716,0.000,0.000,82.77,45.57
65.716,0.000,0.000,82.77,45.29
65.718,0.000,0.000,82.88,45.08
65.719,0.000,0.000,82.88,44.93
65.734,0.000,0.000,82.88,44.83
65.735,0.000,0.000,82.88,44.76
65.752,0.000,0.000,82.97,44.86
65.753,0.000,0.000,82.97,44.93
65.754,0.000,0.000,82.97,44.98
65.758,0.000,0.000,82.97,45.01
65.764,0.000,0.000,82.98,45.68
65.765,0.000,0.000,82.98,46.15
65.767,0.000,0.000,83.11,46.65
65.768,0.000,0.000,83.11,47.00
65.782,0.000,0.000,83.11,47.25
65.783,0.000,0.000,83.11,47.42
65.799,0.000,0.000,83.32,47.53
65.800,0.000,0.000,83.32,47.62
65.801,0.000,0.000,83.32,47.67
65.802,0.000,0.000,83.32,47.71
65.809,0.000,0.000,83.60,47.61
65.810,0.000,0.000,83.60,47.53
65.833,0.000,0.000,83.65,47.52
65.834,0.000,0.000,83.65,47.51
65.836,0.000,0.000,83.73,47.42
65.838,0.000,0.000,83.73,47.36
65.843,0.000,0.000,83.73,47.31
65.844,0.000,0.000,83.73,47.28
65.848,0.000,0.000,83.72,47.40
65.849,0.000,0.000,83.72,47.48
65.870,0.000,0.000,82.47,49.09
65.871,0.000,0.000,82.47,50.22
65.887,0.000,0.000,79.63,55.22
65.889,0.000,0.000,79.63,58.72
65.897,0.000,0.000,79.57,61.33
65.898,0.000,0.000,79.57,63.16
65.913,0.000,0.000,80.19,63.64
65.914,0.000,0.000,80.19,63.98
65.916,0.000,0.000,80.19,64.21
65.917,0.000,0.000,80.19,64.37
65.938,0.000,0.000,79.75,65.06
65.940,0.000,0.000,79.75,65.54
65.944,0.000,0.000,79.60,64.36
65.946,0.000,0.000,79.60,63.53
65.947,0.000,0.000,79.60,62.95
65.948,0.000,0.000,79.60,62.54
65.959,0.000,0.000,79.51,58.79
65.960,0.000,0.000,79.51,56.17
65.963,0.000,0.000,79.51,54.33
65.964,0.000,0.000,79.51,53.04
65.990,0.000,0.000,79.08,52.46
65.991,0.000,0.000,79.08,52.05
65.997,0.000,0.000,78.84,52.82
65.998,0.000,0.000,78.84,53.36
66.008,0.000,0.000,78.86,53.24
66.009,0.000,0.000,78.86,53.16
66.014,0.000,0.000,78.86,53.10
66.015,0.000,0.000,78.86,53.06
66.040,0.000,0.000,78.81,52.88
66.043,0.000,0.000,78.81,52.75
66.048,0.000,0.000,78.69,52.74
66.049,0.000,0.000,78.69,52.73
66.054,0.000,0.000,78.60,52.43
66.059,0.000,0.000,78.60,52.23
66.081,0.000,0.000,78.56,51.81
66.082,0.000,0.000,78.56,51.52
66.083,0.000,0.000,78.56,51.31
66.083,0.000,0.000,78.56,51.17
66.087,0.000,0.000,78.52,51.15
66.087,0.000,0.000,78.52,51.13
66.102,0.000,0.000,78.48,51.11
66.103,0.000,0.000,78.48,51.10
66.105,0.000,0.000,78.48,51.09
66.106,0.000,0.000,78.48,51.08
66.133,0.000,0.000,78.46,50.93
66.134,0.000,0.000,78.46,50.82
66.137,0.000,0.000,78.38,50.72
66.138,0.000,0.000,78.38,50.64
66.150,0.000,0.000,78.33,50.62
66.150,0.000,0.000,78.33,50.60
66.151,0.000,0.000,78.33,50.59
66.152,0.000,0.000,78.33,50.58
66.183,0.000,0.000,78.33,35.41
66.184,0.000,0.000,78.33,24.79
66.187,0.000,0.000,78.32,17.35
66.188,0.000,0.000,78.32,12.14
66.200,0.000,0.000,78.31,8.50
66.201,0.000,0.000,78.31,5.95
66.233,0.000,0.000,78.31,4.17
66.234,0.000,0.000,78.31,2.92
66.235,0.000,0.000,78.31,2.04
66.236,0.000,0.000,78.31,1.43
66.238,0.000,0.000,78.34,1.00
66.239,0.000,0.000,78.34,0.70
66.244,0.000,0.000,78.34,0.49
66.248,0.000,0.000,78.34,0.34
66.249,0.000,0.000,78.32,0.24
66.250,0.000,0.000,78.32,0.17
66.272,0.000,0.000,78.27,15.09
66.273,0.000,0.000,78.27,25.53
66.297,0.000,0.000,78.26,32.85
66.298,0.000,0.000,78.26,37.97
66.301,0.000,0.000,78.25,41.57
66.302,0.000,0.000,78.25,44.09
66.303,0.000,0.000,78.25,45.86
66.304,0.000,0.000,78.25,47.09
66.310,0.000,0.000,78.27,47.96
66.311,0.000,0.000,78.27,48.57
66.326,0.000,0.000,78.27,49.00
66.330,0.000,0.000,78.27,49.30
66.348,0.000,0.000,78.24,34.51
66.349,0.000,0.000,78.24,24.16
66.350,0.000,0.000,78.24,16.91
66.350,0.000,0.000,78.24,11.84
66.352,0.000,0.000,78.24,8.29
66.353,0.000,0.000,78.24,5.80
66.358,0.000,0.000,78.24,4.06
66.359,0.000,0.000,78.24,2.84
66.365,0.000,0.000,78.24,1.99
66.366,0.000,0.000,78.24,1.39
66.392,0.000,0.000,78.25,0.97
66.394,0.000,0.000,78.25,0.68
66.398,0.000,0.000,78.24,0.48
66.399,0.000,0.000,78.24,0.33
66.406,0.000,0.000,78.22,0.23
66.410,0.000,0.000,78.22,0.16
66.414,0.000,0.000,78.22,0.11
66.415,0.000,0.000,78.22,0.08
66.440,0.000,0.000,78.14,0.06
66.442,0.000,0.000,78.14,0.04
66.445,0.000,0.000,77.88,0.03
66.449,0.000,0.000,77.88,0.02
66.454,0.000,0.000,77.59,0.01
66.456,0.000,0.000,77.59,15.71
66.457,0.000,0.000,77.59,26.69
66.458,0.000,0.000,77.59,34.39
66.487,0.000,0.000,77.15,40.20
66.488,0.000,0.000,77.15,44.27
66.495,0.000,0.000,76.56,47.82
66.496,0.000,0.000,76.56,50.30
66.502,0.000,0.000,75.86,52.94
66.503,0.000,0.000,75.86,54.79
66.504,0.000,0.000,75.86,56.08
66.505,0.000,0.000,75.86,56.98
66.535,0.000,0.000,75.28,57.92
66.536,0.000,0.000,75.28,58.58
66.539,0.000,0.000,74.99,59.00
66.540,0.000,0.000,74.99,59.30
66.551,0.000,0.000,74.81,59.23
66.552,0.000,0.000,74.81,59.19
66.586,0.000,0.000,74.73,58.48
66.587,0.000,0.000,74.73,57.98
66.588,0.000,0.000,74.49,57.02
66.589,0.000,0.000,74.49,56.35
66.601,0.000,0.000,73.91,55.99
66.602,0.000,0.000,73.91,55.73
66.603,0.000,0.000,73.91,55.56
66.604,0.000,0.000,73.91,55.43
66.634,0.000,0.000,73.25,55.65
66.635,0.000,0.000,73.25,55.81
66.637,0.000,0.000,72.47,56.78
66.642,0.000,0.000,72.47,57.45
66.650,0.000,0.000,71.53,59.05
66.651,0.000,0.000,71.53,60.16
66.681,0.000,0.000,70.58,62.10
66.687,0.000,0.000,70.58,63.46
66.688,0.000,0.000,70.58,64.41
66.689,0.000,0.000,70.58,65.07
66.692,0.000,0.000,69.54,65.97
66.697,0.000,0.000,69.54,66.59
66.700,0.000,0.000,68.35,68.45
66.701,0.000,0.000,68.35,69.75
66.702,0.000,0.000,68.35,70.66
66.703,0.000,0.000,68.35,71.30
66.710,0.000,0.000,66.88,72.75
66.713,0.000,0.000,66.88,73.76
66.715,0.000,0.000,66.88,74.47
66.717,0.000,0.000,66.88,74.96
66.746,0.000,0.000,65.07,76.48
66.747,0.000,0.000,65.07,77.54
66.751,0.000,0.000,63.07,80.39
66.752,0.000,0.000,63.07,82.38
66.759,0.000,0.000,60.93,86.56
66.764,0.000,0.000,60.93,89.48
66.765,0.000,0.000,60.93,91.53
66.766,0.000,0.000,60.93,92.96
66.798,0.000,0.000,58.48,95.07
66.799,0.000,0.000,58.48,96.55
66.801,0.000,0.000,55.52,97.58
66.802,0.000,0.000,55.52,98.31
66.806,0.000,0.000,52.27,98.82
66.808,0.000,0.000,52.27,99.17
66.814,0.000,0.000,52.27,99.42
66.815,0.000,0.000,52.27,99.59
66.853,0.000,0.000,49.28,99.71
66.854,0.000,0.000,49.28,99.79
66.860,0.000,0.000,46.94,99.71
66.864,0.000,0.000,46.94,99.66
66.865,0.000,0.000,44.80,99.36
66.866,0.000,0.000,44.80,99.15
66.868,0.000,0.000,44.80,99.01
66.869,0.000,0.000,44.80,98.91
66.882,0.000,0.000,42.64,98.43
66.883,0.000,0.000,42.64,98.10
66.889,0.000,0.000,42.64,97.87
66.890,0.000,0.000,42.64,97.71
66.900,0.000,0.000,40.56,97.09
66.901,0.000,0.000,40.56,96.65
66.904,0.000,0.000,38.53,95.73
66.905,0.000,0.000,38.53,95.09
66.930,0.000,0.000,36.40,93.86
66.931,0.000,0.000,36.40,93.01
66.932,0.000,0.000,36.40,92.41
66.933,0.000,0.000,36.40,91.99
66.936,0.000,0.000,34.26,90.80
66.937,0.000,0.000,34.26,89.97
66.939,0.000,0.000,34.26,89.38
66.940,0.000,0.000,34.26,88.97
66.950,0.000,0.000,32.19,87.71
66.951,0.000,0.000,32.19,86.82
66.958,0.000,0.000,32.19,86.20
66.959,0.000,0.000,32.19,85.76
66.982,0.000,0.000,30.22,84.42
66.982,0.000,0.000,30.22,83.49
66.983,0.000,0.000,30.22,82.83
66.984,0.000,0.000,30.22,82.37
66.988,0.000,0.000,28.43,81.03
66.989,0.000,0.000,28.43,80.09
66.991,0.000,0.000,28.43,79.44
66.993,0.000,0.000,28.43,78.98
66.997,0.000,0.000,28.43,78.66
66.998,0.000,0.000,28.43,78.43
67.000,0.000,0.000,26.82,77.30
67.001,0.000,0.000,26.82,76.50
67.002,0.000,0.000,26.82,75.94
67.002,0.000,0.000,26.82,75.55
67.031,0.000,0.000,25.21,73.36
67.032,0.000,0.000,25.21,71.82
67.035,0.000,0.000,23.48,69.14
67.036,0.000,0.000,23.48,67.26
67.048,0.000,0.000,21.91,64.42
67.049,0.000,0.000,21.91,62.43
67.050,0.000,0.000,21.91,61.04
67.051,0.000,0.000,21.91,60.06
67.080,0.000,0.000,20.64,57.85
67.081,0.000,0.000,20.64,56.31
67.084,0.000,0.000,19.68,53.93
67.085,0.000,0.000,19.68,52.26
67.097,0.000,0.000,18.96,49.90
67.098,0.000,0.000,18.96,48.24
67.099,0.000,0.000,18.96,47.09
67.099,0.000,0.000,18.96,46.28
67.110,0.000,0.000,18.41,44.27
67.113,0.000,0.000,18.41,42.87
67.116,0.000,0.000,18.41,41.89
67.117,0.000,0.000,18.41,41.20
67.140,0.000,0.000,18.04,39.42
67.141,0.000,0.000,18.04,38.17
67.145,0.000,0.000,17.88,36.43
67.146,0.000,0.000,17.88,35.21
67.159,0.000,0.000,17.95,33.67
67.160,0.000,0.000,17.95,32.59
67.164,0.000,0.000,17.95,31.84
67.165,0.000,0.000,17.95,31.31
67.197,0.000,0.000,18.26,30.41
67.198,0.000,0.000,18.26,29.78
67.201,0.000,0.000,18.67,28.90
67.202,0.000,0.000,18.67,28.28
67.203,0.000,0.000,18.67,27.85
67.204,0.000,0.000,18.67,27.54
67.209,0.000,0.000,19.13,27.06
67.210,0.000,0.000,19.13,26.73
67.213,0.000,0.000,19.13,26.50
67.214,0.000,0.000,19.13,26.33
67.237,0.000,0.000,19.81,26.08
67.239,0.000,0.000,19.81,25.90
67.244,0.000,0.000,20.72,25.70
67.247,0.000,0.000,20.72,25.57
67.253,0.000,0.000,21.97,25.28
67.257,0.000,0.000,21.97,25.08
67.259,0.000,0.000,21.97,24.94
67.260,0.000,0.000,21.97,24.85
67.283,0.000,0.000,23.37,24.82
67.284,0.000,0.000,23.37,24.81
67.285,0.000,0.000,23.37,24.80
67.286,0.000,0.000,23.37,24.79
67.290,0.000,0.000,24.86,24.84
67.291,0.000,0.000,24.86,24.87
67.294,0.000,0.000,24.86,24.90
67.295,0.000,0.000,24.86,24.91
67.302,0.000,0.000,26.32,25.05
67.303,0.000,0.000,26.32,25.14
67.304,0.000,0.000,26.32,25.21
67.308,0.000,0.000,26.32,25.26
67.339,0.000,0.000,28.00,25.48
67.343,0.000,0.000,28.00,25.64
67.347,0.000,0.000,28.00,25.75
67.348,0.000,0.000,28.00,25.83
67.350,0.000,0.000,28.00,25.88
67.351,0.000,0.000,28.00,25.92
67.358,0.000,0.000,28.00,25.95
67.363,0.000,0.000,28.00,25.97
67.364,0.000,0.000,32.32,26.70
67.365,0.000,0.000,32.32,27.22
67.367,0.000,0.000,34.41,27.81
67.368,0.000,0.000,34.41,28.23
67.382,0.000,0.000,34.41,28.51
67.383,0.000,0.000,34.41,28.72
67.399,0.000,0.000,36.26,29.10
67.400,0.000,0.000,36.26,29.36
67.401,0.000,0.000,36.26,29.55
67.401,0.000,0.000,36.26,29.68
67.404,0.000,0.000,38.09,29.99
67.407,0.000,0.000,38.09,30.21
67.431,0.000,0.000,39.98,30.56
67.432,0.000,0.000,39.98,30.80
67.434,0.000,0.000,41.86,31.14
67.435,0.000,0.000,41.86,31.38
67.446,0.000,0.000,43.81,31.68
67.447,0.000,0.000,43.81,31.89
67.449,0.000,0.000,43.81,32.03
67.450,0.000,0.000,43.81,32.14
67.481,0.000,0.000,45.74,32.31
67.482,0.000,0.000,45.74,32.43
67.485,0.000,0.000,47.34,32.57
67.486,0.000,0.000,47.34,32.66
67.494,0.000,0.000,48.63,32.76
67.498,0.000,0.000,48.63,32.83
67.499,0.000,0.000,48.63,32.88
67.499,0.000,0.000,48.63,32.92
67.510,0.000,0.000,49.92,33.06
67.511,0.000,0.000,49.92,33.16
67.515,0.000,0.000,49.92,33.23
67.516,0.000,0.000,49.92,33.28
67.549,0.000,0.000,51.22,33.48
67.550,0.000,0.000,51.22,33.61
67.553,0.000,0.000,52.42,33.86
67.555,0.000,0.000,52.42,34.03
67.559,0.000,0.000,53.39,34.38
67.560,0.000,0.000,53.39,34.63
67.563,0.000,0.000,53.39,34.80
67.564,0.000,0.000,53.39,34.92
67.588,0.000,0.000,54.20,35.30
67.590,0.000,0.000,54.20,35.56
67.594,0.000,0.000,55.14,35.81
67.595,0.000,0.000,55.14,35.99
67.599,0.000,0.000,55.14,36.11
67.600,0.000,0.000,55.14,36.20
67.607,0.000,0.000,56.14,36.37
67.608,0.000,0.000,56.14,36.50
67.609,0.000,0.000,56.14,36.58
67.611,0.000,0.000,56.14,36.65
67.633,0.000,0.000,57.06,36.93
67.634,0.000,0.000,57.06,37.14
67.638,0.000,0.000,58.03,37.11
67.642,0.000,0.000,58.03,37.09
67.643,0.000,0.000,58.03,37.08
67.644,0.000,0.000,58.03,37.07
67.654,0.000,0.000,58.99,36.91
67.655,0.000,0.000,58.99,36.79
67.657,0.000,0.000,58.99,36.71
67.663,0.000,0.000,58.99,36.66
67.665,0.000,0.000,58.99,36.62
67.666,0.000,0.000,58.99,36.59
67.690,0.000,0.000,59.91,36.75
67.693,0.000,0.000,59.91,36.86
67.697,0.000,0.000,60.86,36.96
67.698,0.000,0.000,60.86,37.04
67.702,0.000,0.000,61.91,36.83
67.702,0.000,0.000,61.91,36.69
67.704,0.000,0.000,61.91,36.59
67.707,0.000,0.000,61.91,36.52
67.732,0.000,0.000,62.96,36.64
67.733,0.000,0.000,62.96,36.72
67.736,0.000,0.000,64.02,36.73
67.737,0.000,0.000,64.02,36.74
67.751,0.000,0.000,64.95,36.68
67.752,0.000,0.000,64.95,36.63
67.753,0.000,0.000,64.95,36.60
67.754,0.000,0.000,64.95,36.58
67.781,0.000,0.000,65.83,36.66
67.782,0.000,0.000,65.83,36.71
67.785,0.000,0.000,66.67,36.96
67.786,0.000,0.000,66.67,37.14
67.799,0.000,0.000,67.37,37.29
67.801,0.000,0.000,67.37,37.40
67.801,0.000,0.000,67.37,37.48
67.802,0.000,0.000,67.37,37.53
67.830,0.000,0.000,68.01,37.86
67.831,0.000,0.000,68.01,38.09
67.834,0.000,0.000,68.57,38.49
67.835,0.000,0.000,68.57,38.76
67.836,0.000,0.000,68.57,38.96
67.837,0.000,0.000,68.57,39.09
67.846,0.000,0.000,69.11,39.31
67.847,0.000,0.000,69.11,39.46
67.848,0.000,0.000,69.11,39.57
67.850,0.000,0.000,69.11,39.64
67.880,0.000,0.000,69.71,39.89
67.881,0.000,0.000,69.71,40.06
67.884,0.000,0.000,70.36,40.40
67.885,0.000,0.000,70.36,40.64
67.897,0.000,0.000,70.78,40.87
67.898,0.000,0.000,70.78,41.02
67.899,0.000,0.000,70.78,41.13
67.900,0.000,0.000,70.78,41.21
67.910,0.000,0.000,70.79,41.72
67.913,0.000,0.000,70.79,42.07
67.914,0.000,0.000,70.79,42.32
67.915,0.000,0.000,70.79,42.49
67.938,0.000,0.000,70.39,43.40
67.939,0.000,0.000,70.39,44.04
67.940,0.000,0.000,70.39,44.49
67.942,0.000,0.000,70.39,44.80
67.947,0.000,0.000,69.64,46.23
67.948,0.000,0.000,69.64,47.22
67.958,0.000,0.000,68.60,49.98
67.959,0.000,0.000,68.60,51.92
67.963,0.000,0.000,68.60,53.27
67.965,0.000,0.000,68.60,54.22
67.988,0.000,0.000,67.66,56.36
67.992,0.000,0.000,67.66,57.86
67.996,0.000,0.000,66.99,60.40
67.997,0.000,0.000,66.99,62.17
68.007,0.000,0.000,66.47,63.72
68.010,0.000,0.000,66.47,64.80
68.014,0.000,0.000,66.47,65.55
68.015,0.000,0.000,66.47,66.08
68.038,0.000,0.000,65.75,66.25
68.042,0.000,0.000,65.75,66.37
68.048,0.000,0.000,64.62,67.26
68.049,0.000,0.000,64.62,67.88
68.050,0.000,0.000,64.62,68.32
68.051,0.000,0.000,64.62,68.62
68.055,0.000,0.000,63.13,70.09
68.059,0.000,0.000,63.13,71.11
68.060,0.000,0.000,63.13,71.83
68.064,0.000,0.000,63.13,72.33
68.087,0.000,0.000,61.78,73.25
68.092,0.000,0.000,61.78,73.89
68.093,0.000,0.000,61.78,74.34
68.094,0.000,0.000,61.78,74.65
68.098,0.000,0.000,61.14,74.89
68.099,0.000,0.000,61.14,75.05
68.101,0.000,0.000,60.67,75.11
68.102,0.000,0.000,60.67,75.15
68.103,0.000,0.000,60.67,75.18
68.104,0.000,0.000,60.67,75.20
68.130,0.000,0.000,60.15,73.21
68.131,0.000,0.000,60.15,71.81
68.134,0.000,0.000,59.40,69.91
68.135,0.000,0.000,59.40,68.57
68.150,0.000,0.000,58.28,67.31
68.151,0.000,0.000,58.28,66.42
68.152,0.000,0.000,58.28,65.80
68.153,0.000,0.000,58.28,65.37
68.180,0.000,0.000,56.37,66.66
68.181,0.000,0.000,56.37,67.56
68.184,0.000,0.000,54.93,69.70
68.185,0.000,0.000,54.93,71.19
68.203,0.000,0.000,54.04,73.12
68.204,0.000,0.000,54.04,74.47
68.207,0.000,0.000,54.04,75.41
68.208,0.000,0.000,54.04,76.07
68.214,0.000,0.000,53.30,76.52
68.215,0.000,0.000,53.30,76.83
68.229,0.000,0.000,53.30,77.04
68.231,0.000,0.000,53.30,77.20
68.247,0.000,0.000,52.43,76.70
68.248,0.000,0.000,52.43,76.35
68.251,0.000,0.000,51.29,75.19
68.252,0.000,0.000,51.29,74.37
68.265,0.000,0.000,49.72,74.36
68.266,0.000,0.000,49.72,74.35
68.276,0.000,0.000,49.72,74.35
68.282,0.000,0.000,49.72,74.34
68.298,0.000,0.000,47.97,75.51
68.299,0.000,0.000,47.97,76.33
68.300,0.000,0.000,47.97,76.90
68.301,0.000,0.000,47.97,77.30
68.304,0.000,0.000,46.61,77.99
68.305,0.000,0.000,46.61,78.47
68.316,0.000,0.000,45.50,80.00
68.317,0.000,0.000,45.50,81.06
68.319,0.000,0.000,45.50,81.81
68.320,0.000,0.000,45.50,82.33
68.343,0.000,0.000,44.39,82.47
68.347,0.000,0.000,44.39,82.56
68.350,0.000,0.000,43.19,81.40
68.351,0.000,0.000,43.19,80.58
68.360,0.000,0.000,41.70,79.16
68.364,0.000,0.000,41.70,78.17
68.384,0.000,0.000,39.74,78.89
68.385,0.000,0.000,39.74,79.40
68.386,0.000,0.000,39.74,79.75
68.387,0.000,0.000,39.74,80.00
68.392,0.000,0.000,37.98,80.16
68.393,0.000,0.000,37.98,80.27
68.397,0.000,0.000,37.98,80.35
68.398,0.000,0.000,37.98,80.40
68.408,0.000,0.000,36.87,80.15
68.409,0.000,0.000,36.87,79.97
68.410,0.000,0.000,36.87,79.84
68.411,0.000,0.000,36.87,79.75
68.434,0.000,0.000,35.97,78.94
68.435,0.000,0.000,35.97,78.37
68.436,0.000,0.000,35.97,77.97
68.437,0.000,0.000,35.97,77.69
68.446,0.000,0.000,35.11,76.39
68.448,0.000,0.000,35.11,75.49
68.449,0.000,0.000,35.11,74.85
68.450,0.000,0.000,35.11,74.41
68.454,0.000,0.000,34.15,71.92
68.457,0.000,0.000,34.15,70.17
68.459,0.000,0.000,34.15,68.95
68.461,0.000,0.000,34.15,68.10
68.485,0.000,0.000,33.00,66.07
68.486,0.000,0.000,33.00,64.65
68.489,0.000,0.000,31.56,63.77
68.490,0.000,0.000,31.56,63.15
68.494,0.000,0.000,31.56,62.72
68.497,0.000,0.000,31.56,62.42
68.501,0.000,0.000,30.39,62.10
68.502,0.000,0.000,30.39,61.88
68.503,0.000,0.000,30.39,61.73
68.504,0.000,0.000,30.39,61.62
68.530,0.000,0.000,29.64,60.99
68.531,0.000,0.000,29.64,60.55
68.535,0.000,0.000,29.10,59.48
68.536,0.000,0.000,29.10,58.74
68.549,0.000,0.000,28.62,57.38
68.550,0.000,0.000,28.62,56.42
68.551,0.000,0.000,28.62,55.75
68.552,0.000,0.000,28.62,55.28
68.582,0.000,0.000,28.02,53.46
68.583,0.000,0.000,28.02,52.19
68.586,0.000,0.000,27.36,50.74
68.587,0.000,0.000,27.36,49.72
68.588,0.000,0.000,27.36,49.01
68.589,0.000,0.000,27.36,48.51
68.598,0.000,0.000,26.67,47.87
68.599,0.000,0.000,26.67,47.43
68.600,0.000,0.000,26.67,47.11
68.601,0.000,0.000,26.67,46.89
68.625,0.000,0.000,26.20,46.51
68.626,0.000,0.000,26.20,46.23
68.632,0.000,0.000,26.20,46.04
68.633,0.000,0.000,26.20,45.91
68.639,0.000,0.000,26.00,45.37
68.642,0.000,0.000,26.00,45.00
68.647,0.000,0.000,25.93,44.35
68.648,0.000,0.000,25.93,43.89
68.649,0.000,0.000,25.93,43.57
68.650,0.000,0.000,25.93,43.34
68.668,0.000,0.000,26.02,42.31
68.669,0.000,0.000,26.02,41.59
68.680,0.000,0.000,26.02,41.09
68.681,0.000,0.000,26.02,40.73
68.687,0.000,0.000,26.13,39.87
68.689,0.000,0.000,26.13,39.26
68.697,0.000,0.000,26.24,38.40
68.698,0.000,0.000,26.24,37.80
68.710,0.000,0.000,26.37,37.18
68.711,0.000,0.000,26.37,36.74
68.713,0.000,0.000,26.37,36.44
68.717,0.000,0.000,26.37,36.23
68.747,0.000,0.000,26.51,35.98
68.748,0.000,0.000,26.51,35.81
68.751,0.000,0.000,26.75,35.61
68.752,0.000,0.000,26.75,35.48
68.753,0.000,0.000,26.75,35.39
68.753,0.000,0.000,26.75,35.32
68.759,0.000,0.000,27.14,35.17
68.763,0.000,0.000,27.14,35.07
68.764,0.000,0.000,27.14,34.99
68.765,0.000,0.000,27.14,34.94
68.786,0.000,0.000,27.60,34.84
68.787,0.000,0.000,27.60,34.77
68.792,0.000,0.000,28.02,24.34
68.797,0.000,0.000,28.02,17.04
68.806,0.000,0.000,28.49,11.93
68.808,0.000,0.000,28.49,8.35
68.813,0.000,0.000,28.49,5.84
68.814,0.000,0.000,28.49,4.09
68.840,0.000,0.000,29.09,2.86
68.843,0.000,0.000,29.09,2.00
68.848,0.000,0.000,30.01,1.40
68.849,0.000,0.000,30.01,10.98
68.849,0.000,0.000,30.01,17.68
68.850,0.000,0.000,30.01,22.38
68.854,0.000,0.000,31.15,25.49
68.857,0.000,0.000,31.15,27.67
68.859,0.000,0.000,31.15,29.19
68.863,0.000,0.000,31.15,30.26
68.888,0.000,0.000,32.29,30.98
68.889,0.000,0.000,32.29,31.47
68.897,0.000,0.000,33.39,31.68
68.898,0.000,0.000,33.39,31.83
68.901,0.000,0.000,34.68,31.72
68.902,0.000,0.000,34.68,31.65
68.903,0.000,0.000,34.68,31.60
68.904,0.000,0.000,34.68,31.57
68.933,0.000,0.000,36.28,31.58
68.934,0.000,0.000,36.28,31.60
68.935,0.000,0.000,36.28,31.60
68.936,0.000,0.000,36.28,31.61
68.939,0.000,0.000,38.06,31.74
68.943,0.000,0.000,38.06,31.83
68.952,0.000,0.000,39.80,31.82
68.953,0.000,0.000,39.80,31.81
68.954,0.000,0.000,39.80,31.80
68.958,0.000,0.000,39.80,31.80
68.980,0.000,0.000,41.41,31.91
68.981,0.000,0.000,41.41,31.98
68.984,0.000,0.000,42.99,32.15
68.985,0.000,0.000,42.99,32.26
68.998,0.000,0.000,44.51,32.42
68.999,0.000,0.000,44.51,32.53
69.000,0.000,0.000,44.51,32.61
69.001,0.000,0.000,44.51,32.66
69.032,0.000,0.000,45.97,32.78
69.033,0.000,0.000,45.97,32.86
69.033,0.000,0.000,45.97,32.92
69.034,0.000,0.000,45.97,32.96
69.037,0.000,0.000,47.29,33.18
69.038,0.000,0.000,47.29,33.33
69.049,0.000,0.000,48.57,33.52
69.050,0.000,0.000,48.57,33.65
69.079,0.000,0.000,49.84,33.94
69.080,0.000,0.000,49.84,34.15
69.083,0.000,0.000,51.04,34.27
69.084,0.000,0.000,51.04,34.36
69.097,0.000,0.000,52.12,34.51
69.098,0.000,0.000,52.12,34.61
69.099,0.000,0.000,52.12,34.68
69.100,0.000,0.000,52.12,34.74
69.130,0.000,0.000,53.21,34.90
69.131,0.000,0.000,53.21,35.02
69.134,0.000,0.000,54.42,35.12
69.135,0.000,0.000,54.42,35.20
69.143,0.000,0.000,55.68,35.07
69.144,0.000,0.000,55.68,34.97
69.160,0.000,0.000,56.92,35.08
69.164,0.000,0.000,56.92,35.15
69.165,0.000,0.000,56.92,35.20
69.165,0.000,0.000,56.92,35.24
69.187,0.000,0.000,57.95,35.36
69.188,0.000,0.000,57.95,35.45
69.194,0.000,0.000,58.68,35.56
69.195,0.000,0.000,58.68,35.63
69.207,0.000,0.000,59.49,35.82
69.209,0.000,0.000,59.49,35.96
69.210,0.000,0.000,59.49,36.05
69.211,0.000,0.000,59.49,36.12
69.234,0.000,0.000,60.28,36.50
69.235,0.000,0.000,60.28,36.78
69.235,0.000,0.000,60.28,36.97
69.236,0.000,0.000,60.28,37.10
69.239,0.000,0.000,60.77,37.66
69.243,0.000,0.000,60.77,38.05
69.247,0.000,0.000,60.77,38.33
69.248,0.000,0.000,60.77,38.52
69.254,0.000,0.000,61.04,39.07
69.256,0.000,0.000,61.04,39.45
69.259,0.000,0.000,61.04,39.72
69.263,0.000,0.000,61.04,39.91
69.286,0.000,0.000,62.11,39.99
69.287,0.000,0.000,62.11,40.05
69.297,0.000,0.000,63.66,39.40
69.298,0.000,0.000,63.66,38.95
69.299,0.000,0.000,63.66,38.63
69.300,0.000,0.000,63.66,38.40
69.301,0.000,0.000,65.20,37.84
69.302,0.000,0.000,65.20,37.45
69.304,0.000,0.000,65.20,37.17
69.308,0.000,0.000,65.20,36.98
69.332,0.000,0.000,66.62,36.47
69.333,0.000,0.000,66.62,36.11
69.335,0.000,0.000,66.62,35.86
69.338,0.000,0.000,66.62,35.68
69.347,0.000,0.000,68.15,35.18
69.348,0.000,0.000,68.15,34.82
69.350,0.000,0.000,69.98,34.37
69.351,0.000,0.000,69.98,34.05
69.352,0.000,0.000,69.98,33.83
69.353,0.000,0.000,69.98,33.67
69.378,0.000,0.000,71.49,33.64
69.379,0.000,0.000,71.49,33.61
69.380,0.000,0.000,71.49,33.60
69.383,0.000,0.000,71.49,33.58
69.386,0.000,0.000,72.55,33.69
69.387,0.000,0.000,72.55,33.76
69.388,0.000,0.000,72.55,33.81
69.389,0.000,0.000,72.55,33.84
69.398,0.000,0.000,73.43,34.00
69.399,0.000,0.000,73.43,34.11
69.400,0.000,0.000,73.43,34.19
69.401,0.000,0.000,73.43,34.25
69.433,0.000,0.000,74.02,34.59
69.434,0.000,0.000,74.02,34.84
69.437,0.000,0.000,74.57,35.65
69.438,0.000,0.000,74.57,36.21
69.441,0.000,0.000,74.57,36.61
69.443,0.000,0.000,74.57,36.89
69.448,0.000,0.000,75.14,37.71
69.449,0.000,0.000,75.14,38.29
69.451,0.000,0.000,75.14,38.70
69.452,0.000,0.000,75.14,38.98
69.464,0.000,0.000,75.93,39.23
69.465,0.000,0.000,75.93,39.41
69.467,0.000,0.000,75.93,39.53
69.468,0.000,0.000,75.93,39.61
69.490,0.000,0.000,76.68,39.87
69.492,0.000,0.000,76.68,40.05
69.499,0.000,0.000,76.86,40.42
69.500,0.000,0.000,76.86,40.68
69.501,0.000,0.000,76.86,40.87
69.502,0.000,0.000,76.86,41.00
69.513,0.000,0.000,77.05,41.36
69.514,0.000,0.000,77.05,41.61
69.515,0.000,0.000,77.05,41.79
69.516,0.000,0.000,77.05,41.91
69.539,0.000,0.000,77.48,42.07
69.540,0.000,0.000,77.48,42.17
69.542,0.000,0.000,77.48,42.25
69.547,0.000,0.000,77.48,42.30
69.550,0.000,0.000,78.09,42.62
69.551,0.000,0.000,78.09,42.85
69.552,0.000,0.000,78.09,43.00
69.553,0.000,0.000,78.09,43.11
69.559,0.000,0.000,78.50,43.33
69.560,0.000,0.000,78.50,43.49
69.563,0.000,0.000,78.50,43.60
69.564,0.000,0.000,78.50,43.67
69.586,0.000,0.000,78.62,43.81
69.587,0.000,0.000,78.62,43.91
69.593,0.000,0.000,78.84,43.96
69.594,0.000,0.000,78.84,44.00
69.606,0.000,0.000,78.97,44.27
69.610,0.000,0.000,78.97,44.46
69.614,0.000,0.000,78.97,44.59
69.615,0.000,0.000,78.97,44.68
69.639,0.000,0.000,78.89,45.37
69.642,0.000,0.000,78.89,45.86
69.645,0.000,0.000,78.42,47.15
69.645,0.000,0.000,78.42,48.06
69.657,0.000,0.000,77.58,49.94
69.658,0.000,0.000,77.58,51.25
69.664,0.000,0.000,77.58,52.17
69.665,0.000,0.000,77.58,52.81
69.700,0.000,0.000,76.37,54.97
69.701,0.000,0.000,76.37,56.47
69.702,0.000,0.000,76.37,57.53
69.703,0.000,0.000,76.37,58.26
69.705,0.000,0.000,75.21,60.77
69.709,0.000,0.000,75.21,62.53
69.713,0.000,0.000,75.21,63.75
69.714,0.000,0.000,75.21,64.61
69.715,0.000,0.000,74.28,66.38
69.716,0.000,0.000,74.28,67.61
69.729,0.000,0.000,73.26,69.44
69.731,0.000,0.000,73.26,70.72
69.747,0.000,0.000,73.26,71.62
69.748,0.000,0.000,73.26,72.25
69.749,0.000,0.000,71.97,73.04
69.750,0.000,0.000,71.97,73.59
69.753,0.000,0.000,70.31,74.95
69.756,0.000,0.000,70.31,75.91
69.780,0.000,0.000,68.54,77.12
69.781,0.000,0.000,68.54,77.98
69.784,0.000,0.000,67.04,79.83
69.785,0.000,0.000,67.04,81.12
69.799,0.000,0.000,65.82,82.49
69.800,0.000,0.000,65.82,83.45
69.833,0.000,0.000,64.70,83.93
69.834,0.000,0.000,64.70,84.27
69.837,0.000,0.000,63.57,83.50
69.839,0.000,0.000,63.57,82.97
69.840,0.000,0.000,63.57,82.59
69.842,0.000,0.000,63.57,82.33
69.849,0.000,0.000,62.45,81.07
69.850,0.000,0.000,62.45,80.18
69.881,0.000,0.000,61.12,79.07
69.882,0.000,0.000,61.12,78.30
69.885,0.000,0.000,59.47,78.37
69.886,0.000,0.000,59.47,78.42
69.895,0.000,0.000,57.79,79.92
69.898,0.000,0.000,57.79,80.97
69.910,0.000,0.000,56.13,82.85
69.914,0.000,0.000,56.13,84.16
69.915,0.000,0.000,56.13,85.08
69.916,0.000,0.000,56.13,85.72
69.937,0.000,0.000,54.30,87.76
69.939,0.000,0.000,54.30,89.18
69.942,0.000,0.000,54.30,90.17
69.946,0.000,0.000,54.30,90.87
69.949,0.000,0.000,52.27,92.96
69.950,0.000,0.000,52.27,94.42
69.951,0.000,0.000,52.27,95.44
69.952,0.000,0.000,52.27,96.16
69.959,0.000,0.000,50.16,97.31
69.963,0.000,0.000,50.16,98.12
69.964,0.000,0.000,50.16,98.68
69.965,0.000,0.000,50.16,99.08
69.989,0.000,0.000,48.27,98.54
69.990,0.000,0.000,48.27,98.17
69.997,0.000,0.000,46.49,97.80
69.999,0.000,0.000,46.49,97.55
70.007,0.000,0.000,44.58,97.85
70.009,0.000,0.000,44.58,98.06
70.013,0.000,0.000,44.58,98.21
70.015,0.000,0.000,44.58,98.31
70.038,0.000,0.000,42.61,97.89
70.039,0.000,0.000,42.61,97.60
70.047,0.000,0.000,40.67,97.04
70.048,0.000,0.000,40.67,96.65
70.049,0.000,0.000,40.67,96.37
70.050,0.000,0.000,40.67,96.18
70.055,0.000,0.000,38.94,95.53
70.056,0.000,0.000,38.94,95.08
70.082,0.000,0.000,37.44,94.25
70.083,0.000,0.000,37.44,93.67
70.084,0.000,0.000,37.44,93.26
70.086,0.000,0.000,37.44,92.98
70.089,0.000,0.000,36.00,90.89
70.089,0.000,0.000,36.00,89.42
70.094,0.000,0.000,36.00,88.40
70.095,0.000,0.000,36.00,87.68
70.102,0.000,0.000,34.57,86.41
70.103,0.000,0.000,34.57,85.53
70.106,0.000,0.000,34.57,84.91
70.108,0.000,0.000,34.57,84.47
70.132,0.000,0.000,33.27,81.06
70.133,0.000,0.000,33.27,78.67
70.136,0.000,0.000,32.18,75.73
70.137,0.000,0.000,32.18,73.68
70.150,0.000,0.000,31.31,70.93
70.151,0.000,0.000,31.31,69.00
70.152,0.000,0.000,31.31,67.66
70.153,0.000,0.000,31.31,66.71
70.183,0.000,0.000,30.53,64.66
70.184,0.000,0.000,30.53,63.23
70.187,0.000,0.000,29.66,61.52
70.188,0.000,0.000,29.66,60.33
70.198,0.000,0.000,28.84,58.82
70.199,0.000,0.000,28.84,57.76
70.201,0.000,0.000,28.84,57.02
70.201,0.000,0.000,28.84,56.50
70.229,0.000,0.000,28.17,55.29
70.230,0.000,0.000,28.17,54.44
70.233,0.000,0.000,27.72,52.98
70.234,0.000,0.000,27.72,51.97
70.247,0.000,0.000,27.45,50.82
70.248,0.000,0.000,27.45,50.02
70.280,0.000,0.000,27.33,48.36
70.281,0.000,0.000,27.33,47.19
70.283,0.000,0.000,27.29,45.59
70.284,0.000,0.000,27.29,44.47
70.297,0.000,0.000,27.41,43.04
70.298,0.000,0.000,27.41,42.04
70.299,0.000,0.000,27.41,41.34
70.299,0.000,0.000,27.41,40.85
70.310,0.000,0.000,27.70,40.04
70.311,0.000,0.000,27.70,39.47
70.315,0.000,0.000,27.70,39.07
70.316,0.000,0.000,27.70,38.80
70.337,0.000,0.000,28.22,38.12
70.340,0.000,0.000,28.22,37.65
70.343,0.000,0.000,28.22,37.32
70.346,0.000,0.000,28.22,37.08
70.349,0.000,0.000,28.93,36.52
70.350,0.000,0.000,28.93,36.12
70.351,0.000,0.000,28.93,35.84
70.352,0.000,0.000,28.93,35.65
70.359,0.000,0.000,29.79,35.11
70.360,0.000,0.000,29.79,34.73
70.364,0.000,0.000,29.79,34.47
70.365,0.000,0.000,29.79,34.29
70.386,0.000,0.000,30.87,33.96
70.387,0.000,0.000,30.87,33.74
70.397,0.000,0.000,32.10,33.21
70.398,0.000,0.000,32.10,32.84
70.409,0.000,0.000,33.45,32.43
70.413,0.000,0.000,33.45,32.13
70.415,0.000,0.000,33.45,31.93
70.416,0.000,0.000,33.45,31.78
70.437,0.000,0.000,34.99,31.71
70.443,0.000,0.000,34.99,31.65
70.449,0.000,0.000,36.51,31.53
70.450,0.000,0.000,36.51,31.44
70.450,0.000,0.000,36.51,31.38
70.451,0.000,0.000,36.51,31.34
70.453,0.000,0.000,37.80,31.36
70.454,0.000,0.000,37.80,31.37
70.458,0.000,0.000,37.80,31.39
70.460,0.000,0.000,37.80,31.39
70.484,0.000,0.000,38.90,31.63
70.485,0.000,0.000,38.90,31.79
70.486,0.000,0.000,38.90,31.91
70.487,0.000,0.000,38.90,31.99
70.490,0.000,0.000,39.90,32.31
70.495,0.000,0.000,39.90,32.54
70.502,0.000,0.000,40.94,32.84
70.503,0.000,0.000,40.94,33.05
70.509,0.000,0.000,40.94,33.20
70.510,0.000,0.000,40.94,33.30
70.535,0.000,0.000,42.08,33.81
70.536,0.000,0.000,42.08,34.17
70.543,0.000,0.000,43.07,34.60
70.544,0.000,0.000,43.07,34.89
70.552,0.000,0.000,43.84,35.30
70.553,0.000,0.000,43.84,35.59
70.580,0.000,0.000,44.44,35.94
70.581,0.000,0.000,44.44,36.18
70.582,0.000,0.000,44.44,36.36
70.583,0.000,0.000,44.44,36.48
70.586,0.000,0.000,45.04,36.98
70.587,0.000,0.000,45.04,37.33
70.598,0.000,0.000,45.80,37.68
70.599,0.000,0.000,45.80,37.93
70.600,0.000,0.000,45.80,38.10
70.601,0.000,0.000,45.80,38.22
70.621,0.000,0.000,46.81,38.40
70.622,0.000,0.000,46.81,38.53
70.635,0.000,0.000,46.81,38.62
70.637,0.000,0.000,46.81,38.68
70.645,0.000,0.000,47.87,38.58
70.648,0.000,0.000,47.87,38.51
70.649,0.000,0.000,47.87,38.46
70.649,0.000,0.000,47.87,38.42
70.652,0.000,0.000,48.90,38.21
70.653,0.000,0.000,48.90,38.07
70.657,0.000,0.000,48.90,37.97
70.659,0.000,0.000,48.90,37.90
70.681,0.000,0.000,49.76,37.79
70.682,0.000,0.000,49.76,37.72
70.684,0.000,0.000,50.57,37.61
70.685,0.000,0.000,50.57,37.53
70.697,0.000,0.000,51.38,37.52
70.698,0.000,0.000,51.38,37.51
70.713,0.000,0.000,52.29,37.55
70.714,0.000,0.000,52.29,37.58
70.716,0.000,0.000,52.29,37.60
70.717,0.000,0.000,52.29,37.62
70.751,0.000,0.000,53.14,37.76
70.752,0.000,0.000,53.14,37.85
70.756,0.000,0.000,53.89,37.81
70.758,0.000,0.000,53.89,37.78
70.761,0.000,0.000,53.89,37.75
70.762,0.000,0.000,53.89,37.74
70.767,0.000,0.000,54.57,37.94
70.768,0.000,0.000,54.57,38.08
70.792,0.000,0.000,55.25,38.38
70.793,0.000,0.000,55.25,38.60
70.796,0.000,0.000,56.07,38.72
70.800,0.000,0.000,56.07,38.81
70.801,0.000,0.000,56.07,38.87
70.802,0.000,0.000,56.07,38.91
70.805,0.000,0.000,56.96,38.84
70.809,0.000,0.000,56.96,38.79
70.813,0.000,0.000,56.96,38.76
70.814,0.000,0.000,56.96,38.74
70.837,0.000,0.000,57.70,38.88
70.838,0.000,0.000,57.70,38.97
70.846,0.000,0.000,58.34,39.06
70.847,0.000,0.000,58.34,39.13
70.854,0.000,0.000,58.97,38.97
70.856,0.000,0.000,58.97,38.85
70.858,0.000,0.000,58.97,38.77
70.859,0.000,0.000,58.97,38.72
70.883,0.000,0.000,59.63,38.92
70.884,0.000,0.000,59.63,39.05
70.885,0.000,0.000,59.63,39.15
70.886,0.000,0.000,59.63,39.22
70.889,0.000,0.000,60.36,39.42
70.890,0.000,0.000,60.36,39.56
70.902,0.000,0.000,61.14,39.49
70.903,0.000,0.000,61.14,39.44
70.907,0.000,0.000,61.14,39.40
70.908,0.000,0.000,61.14,39.38
70.930,0.000,0.000,61.79,39.32
70.931,0.000,0.000,61.79,39.28
70.931,0.000,0.000,61.79,39.25
70.932,0.000,0.000,61.79,39.23
70.935,0.000,0.000,62.29,39.52
70.936,0.000,0.000,62.29,39.72
70.937,0.000,0.000,62.29,39.85
70.938,0.000,0.000,62.29,39.95
70.950,0.000,0.000,62.71,40.16
70.951,0.000,0.000,62.71,40.30
70.952,0.000,0.000,62.71,40.40
70.953,0.000,0.000,62.71,40.47
70.980,0.000,0.000,63.15,40.74
70.981,0.000,0.000,63.15,40.93
70.984,0.000,0.000,63.62,41.32
70.985,0.000,0.000,63.62,41.59
70.999,0.000,0.000,64.04,41.97
71.000,0.000,0.000,64.04,42.23
71.001,0.000,0.000,64.04,42.42
71.002,0.000,0.000,64.04,42.55
71.026,0.000,0.000,64.50,42.68
71.027,0.000,0.000,64.50,42.77
71.037,0.000,0.000,64.93,42.85
71.038,0.000,0.000,64.93,42.91
71.048,0.000,0.000,65.30,42.92
71.049,0.000,0.000,65.30,42.92
71.050,0.000,0.000,65.30,42.92
71.050,0.000,0.000,65.30,42.92
71.065,0.000,0.000,65.60,43.08
71.066,0.000,0.000,65.60,43.20
71.067,0.000,0.000,65.60,43.28
71.068,0.000,0.000,65.60,43.34
71.098,0.000,0.000,65.79,43.61
71.100,0.000,0.000,65.79,43.81
71.103,0.000,0.000,66.01,44.08
71.104,0.000,0.000,66.01,44.27
71.105,0.000,0.000,66.01,44.40
71.105,0.000,0.000,66.01,44.49
71.114,0.000,0.000,66.34,44.63
71.115,0.000,0.000,66.34,44.73
71.117,0.000,0.000,66.34,44.80
71.118,0.000,0.000,66.34,44.85
71.142,0.000,0.000,66.64,45.06
71.146,0.000,0.000,66.64,45.22
71.150,0.000,0.000,66.86,45.31
71.151,0.000,0.000,66.86,45.37
71.152,0.000,0.000,66.86,45.41
71.153,0.000,0.000,66.86,45.45
71.164,0.000,0.000,67.03,45.48
71.165,0.000,0.000,67.03,45.50
71.191,0.000,0.000,67.33,45.49
71.192,0.000,0.000,67.33,45.49
71.199,0.000,0.000,67.69,45.43
71.201,0.000,0.000,67.69,45.40
71.207,0.000,0.000,68.22,45.06
71.208,0.000,0.000,68.22,44.83
71.211,0.000,0.000,68.22,44.67
71.212,0.000,0.000,68.22,44.56
71.236,0.000,0.000,68.71,44.34
71.237,0.000,0.000,68.71,44.19
71.242,0.000,0.000,68.95,44.03
71.243,0.000,0.000,68.95,43.92
71.254,0.000,0.000,68.87,44.16
71.257,0.000,0.000,68.87,44.33
71.258,0.000,0.000,68.87,44.45
71.259,0.000,0.000,68.87,44.54
71.282,0.000,0.000,68.47,45.24
71.283,0.000,0.000,68.47,45.74
71.284,0.000,0.000,68.47,46.08
71.285,0.000,0.000,68.47,46.33
71.290,0.000,0.000,67.59,48.29
71.292,0.000,0.000,67.59,49.66
71.293,0.000,0.000,67.59,50.62
71.297,0.000,0.000,67.59,51.30
71.302,0.000,0.000,66.23,54.06
71.303,0.000,0.000,66.23,55.99
71.304,0.000,0.000,66.23,57.35
71.309,0.000,0.000,66.23,58.30
71.332,0.000,0.000,64.49,61.60
71.333,0.000,0.000,64.49,63.92
71.336,0.000,0.000,62.68,68.12
71.337,0.000,0.000,62.68,71.06
71.350,0.000,0.000,61.11,75.86
71.351,0.000,0.000,61.11,79.22
71.352,0.000,0.000,61.11,81.57
71.354,0.000,0.000,61.11,83.21
71.382,0.000,0.000,59.48,84.96
71.383,0.000,0.000,59.48,86.18
71.386,0.000,0.000,57.68,88.41
71.387,0.000,0.000,57.68,89.96
71.388,0.000,0.000,57.68,91.05
71.389,0.000,0.000,57.68,91.81
71.398,0.000,0.000,55.92,92.74
71.399,0.000,0.000,55.92,93.39
71.400,0.000,0.000,55.92,93.85
71.401,0.000,0.000,55.92,94.17
71.430,0.000,0.000,54.32,93.97
71.431,0.000,0.000,54.32,93.83
71.434,0.000,0.000,52.63,93.52
71.435,0.000,0.000,52.63,93.30
71.436,0.000,0.000,52.63,93.15
71.437,0.000,0.000,52.63,93.04
71.447,0.000,0.000,50.91,93.58
71.448,0.000,0.000,50.91,93.95
71.449,0.000,0.000,50.91,94.22
71.450,0.000,0.000,50.91,94.40
71.480,0.000,0.000,49.28,93.58
71.481,0.000,0.000,49.28,93.00
71.486,0.000,0.000,49.28,92.60
71.488,0.000,0.000,49.28,92.31
71.492,0.000,0.000,47.79,91.04
71.493,0.000,0.000,47.79,90.15
71.497,0.000,0.000,46.33,90.10
71.499,0.000,0.000,46.33,90.07
71.500,0.000,0.000,46.33,90.05
71.500,0.000,0.000,46.33,90.03
71.513,0.000,0.000,44.72,89.55
71.514,0.000,0.000,44.72,89.22
71.516,0.000,0.000,44.72,88.98
71.517,0.000,0.000,44.72,88.82
71.549,0.000,0.000,43.06,88.14
71.550,0.000,0.000,43.06,87.67
71.553,0.000,0.000,41.45,87.21
71.554,0.000,0.000,41.45,86.89
71.555,0.000,0.000,41.45,86.67
71.555,0.000,0.000,41.45,86.51
71.563,0.000,0.000,39.89,86.34
71.564,0.000,0.000,39.89,86.22
71.587,0.000,0.000,38.21,85.08
71.592,0.000,0.000,38.21,84.29
71.595,0.000,0.000,36.46,84.06
71.598,0.000,0.000,36.46,83.90
71.599,0.000,0.000,36.46,83.79
71.600,0.000,0.000,36.46,83.71
71.609,0.000,0.000,34.90,82.96
71.610,0.000,0.000,34.90,82.44
71.614,0.000,0.000,34.90,82.08
71.615,0.000,0.000,34.90,81.82
71.638,0.000,0.000,33.62,79.90
71.640,0.000,0.000,33.62,78.56
71.645,0.000,0.000,32.59,77.37
71.646,0.000,0.000,32.59,76.53
71.647,0.000,0.000,32.59,75.95
71.649,0.000,0.000,32.59,75.54
71.651,0.000,0.000,32.59,75.26
71.652,0.000,0.000,32.59,75.06
71.655,0.000,0.000,31.74,73.51
71.658,0.000,0.000,31.74,72.43
71.659,0.000,0.000,31.74,71.67
71.664,0.000,0.000,31.74,71.14
71.686,0.000,0.000,30.97,68.54
71.687,0.000,0.000,30.97,66.72
71.692,0.000,0.000,30.97,65.44
71.693,0.000,0.000,30.97,64.55
71.699,0.000,0.000,30.28,62.49
71.700,0.000,0.000,30.28,61.04
71.700,0.000,0.000,30.28,60.03
71.701,0.000,0.000,30.28,59.33
71.702,0.000,0.000,29.72,58.10
71.704,0.000,0.000,29.72,57.24
71.707,0.000,0.000,29.72,56.64
71.709,0.000,0.000,29.72,56.21
71.736,0.000,0.000,29.23,54.44
71.737,0.000,0.000,29.23,53.20
71.741,0.000,0.000,28.76,51.75
71.747,0.000,0.000,28.76,50.73
71.750,0.000,0.000,28.27,49.57
71.751,0.000,0.000,28.27,48.76
71.752,0.000,0.000,28.27,48.20
71.753,0.000,0.000,28.27,47.80
71.780,0.000,0.000,27.86,47.06
71.781,0.000,0.000,27.86,46.54
71.784,0.000,0.000,27.47,45.88
71.785,0.000,0.000,27.47,45.42
71.798,0.000,0.000,27.05,44.98
71.799,0.000,0.000,27.05,44.67
71.800,0.000,0.000,27.05,44.46
71.801,0.000,0.000,27.05,44.31
71.823,0.000,0.000,26.60,44.02
71.824,0.000,0.000,26.60,43.82
71.842,0.000,0.000,26.60,43.68
71.843,0.000,0.000,26.60,43.58
71.844,0.000,0.000,26.23,43.18
71.848,0.000,0.000,26.23,42.89
71.851,0.000,0.000,25.99,42.49
71.852,0.000,0.000,25.99,42.22
71.881,0.000,0.000,25.83,41.76
71.882,0.000,0.000,25.83,41.45
71.883,0.000,0.000,25.77,40.82
71.886,0.000,0.000,25.77,40.39
71.887,0.000,0.000,25.77,40.08
71.888,0.000,0.000,25.77,39.87
71.895,0.000,0.000,25.87,39.31
71.896,0.000,0.000,25.87,38.91
71.910,0.000,0.000,26.20,38.21
71.914,0.000,0.000,26.20,37.71
71.915,0.000,0.000,26.20,37.36
71.916,0.000,0.000,26.20,37.12
71.949,0.000,0.000,27.02,36.52
71.950,0.000,0.000,27.02,36.10
71.953,0.000,0.000,28.06,35.10
71.954,0.000,0.000,28.06,34.41
71.959,0.000,0.000,28.06,33.92
71.962,0.000,0.000,28.06,33.58
71.963,0.000,0.000,29.27,32.93
71.964,0.000,0.000,29.27,32.48
71.966,0.000,0.000,29.27,32.17
71.967,0.000,0.000,29.27,31.95
71.992,0.000,0.000,30.74,31.50
71.993,0.000,0.000,30.74,31.19
71.997,0.000,0.000,32.54,30.77
71.998,0.000,0.000,32.54,30.47
72.006,0.000,0.000,34.40,30.24
72.009,0.000,0.000,34.40,30.07
72.014,0.000,0.000,34.40,29.96
72.015,0.000,0.000,34.40,29.88
72.046,0.000,0.000,35.94,30.03
72.047,0.000,0.000,35.94,30.14
72.050,0.000,0.000,37.38,30.35
72.051,0.000,0.000,37.38,30.49
72.055,0.000,0.000,38.82,30.74
72.056,0.000,0.000,38.82,30.91
72.085,0.000,0.000,40.35,31.23
72.086,0.000,0.000,40.35,31.45
72.090,0.000,0.000,41.87,31.83
72.094,0.000,0.000,41.87,32.09
72.098,0.000,0.000,41.87,32.27
72.099,0.000,0.000,41.87,32.40
72.102,0.000,0.000,43.42,32.57
72.103,0.000,0.000,43.42,32.68
72.104,0.000,0.000,43.42,32.76
72.107,0.000,0.000,43.42,32.82
72.132,0.000,0.000,45.04,32.97
72.133,0.000,0.000,45.04,33.07
72.136,0.000,0.000,46.65,33.18
72.137,0.000,0.000,46.65,33.25
72.150,0.000,0.000,48.12,33.33
72.151,0.000,0.000,48.12,33.38
72.152,0.000,0.000,48.12,33.41
72.153,0.000,0.000,48.12,33.44
72.181,0.000,0.000,49.59,33.55
72.182,0.000,0.000,49.59,33.63
72.185,0.000,0.000,51.08,33.69
72.186,0.000,0.000,51.08,33.73
72.198,0.000,0.000,52.61,33.67
72.199,0.000,0.000,52.61,33.63
72.200,0.000,0.000,52.61,33.60
72.201,0.000,0.000,52.61,33.57
72.234,0.000,0.000,54.01,33.63
72.235,0.000,0.000,54.01,33.67
72.237,0.000,0.000,55.19,33.81
72.238,0.000,0.000,55.19,33.91
72.247,0.000,0.000,56.43,33.93
72.248,0.000,0.000,56.43,33.94
72.249,0.000,0.000,56.43,33.95
72.250,0.000,0.000,56.43,33.95
72.281,0.000,0.000,57.92,34.01
72.282,0.000,0.000,57.92,34.04
72.283,0.000,0.000,59.55,34.08
72.286,0.000,0.000,59.55,34.11
72.287,0.000,0.000,59.55,34.12
72.288,0.000,0.000,59.55,34.14
72.296,0.000,0.000,60.83,34.13
72.297,0.000,0.000,60.83,34.12
72.298,0.000,0.000,60.83,34.11
72.299,0.000,0.000,60.83,34.11
72.331,0.000,0.000,61.76,34.25
72.332,0.000,0.000,61.76,34.34
72.334,0.000,0.000,62.49,34.61
72.335,0.000,0.000,62.49,34.81
72.342,0.000,0.000,63.15,35.17
72.347,0.000,0.000,63.15,35.43
72.349,0.000,0.000,63.15,35.60
72.350,0.000,0.000,63.15,35.73
72.359,0.000,0.000,63.92,36.40
72.363,0.000,0.000,63.92,36.87
72.365,0.000,0.000,63.92,37.19
72.366,0.000,0.000,63.92,37.42
72.390,0.000,0.000,64.95,37.85
72.391,0.000,0.000,64.95,38.15
72.397,0.000,0.000,66.12,37.95
72.399,0.000,0.000,66.12,37.81
72.400,0.000,0.000,66.12,37.71
72.401,0.000,0.000,66.12,37.65
72.405,0.000,0.000,67.20,37.46
72.407,0.000,0.000,67.20,37.32
72.411,0.000,0.000,67.20,37.23
72.415,0.000,0.000,67.20,37.16
72.438,0.000,0.000,68.14,37.11
72.439,0.000,0.000,68.14,37.08
72.443,0.000,0.000,68.94,36.90
72.447,0.000,0.000,68.94,36.78
72.448,0.000,0.000,68.94,36.70
72.449,0.000,0.000,68.94,36.64
72.457,0.000,0.000,69.74,36.63
72.459,0.000,0.000,69.74,36.62
72.485,0.000,0.000,70.90,36.83
72.486,0.000,0.000,70.90,36.97
72.490,0.000,0.000,72.27,37.00
72.494,0.000,0.000,72.27,37.03
72.507,0.000,0.000,73.51,36.63
72.508,0.000,0.000,73.51,36.36
72.509,0.000,0.000,73.51,36.16
72.513,0.000,0.000,73.51,36.03
72.536,0.000,0.000,74.49,35.96
72.537,0.000,0.000,74.49,35.91
72.541,0.000,0.000,74.49,35.88
72.543,0.000,0.000,74.49,35.86
72.546,0.000,0.000,75.07,35.92
72.548,0.000,0.000,75.07,35.97
72.549,0.000,0.000,75.07,36.00
72.550,0.000,0.000,75.07,36.02
72.552,0.000,0.000,75.26,36.48
72.553,0.000,0.000,75.26,36.81
72.585,0.000,0.000,75.18,37.84
72.586,0.000,0.000,75.18,38.56
72.589,0.000,0.000,74.98,40.57
72.591,0.000,0.000,74.98,41.97
72.594,0.000,0.000,74.98,42.96
72.595,0.000,0.000,74.98,43.65
72.601,0.000,0.000,74.59,45.38
72.602,0.000,0.000,74.59,46.59
72.633,0.000,0.000,73.85,48.89
72.634,0.000,0.000,73.85,50.51
72.635,0.000,0.000,72.40,54.29
72.636,0.000,0.000,72.40,56.93
72.640,0.000,0.000,72.40,58.78
72.643,0.000,0.000,72.40,60.08
72.648,0.000,0.000,70.16,63.89
72.649,0.000,0.000,70.16,66.55
72.671,0.000,0.000,67.38,72.64
72.672,0.000,0.000,67.38,76.90
72.690,0.000,0.000,64.57,83.83
72.693,0.000,0.000,64.57,88.68
72.697,0.000,0.000,62.71,92.08
72.697,0.000,0.000,62.71,94.45
72.698,0.000,0.000,62.71,96.12
72.699,0.000,0.000,62.71,97.28
72.717,0.000,0.000,61.45,98.10
72.718,0.000,0.000,61.45,98.67
72.720,0.000,0.000,61.45,99.07
72.721,0.000,0.000,61.45,99.35
72.748,0.000,0.000,60.17,99.54
72.749,0.000,0.000,60.17,99.68
72.750,0.000,0.000,60.17,99.78
72.751,0.000,0.000,60.17,99.84
72.752,0.000,0.000,58.63,98.93
72.753,0.000,0.000,58.63,98.29
72.754,0.000,0.000,58.63,97.85
72.755,0.000,0.000,58.63,97.53
72.763,0.000,0.000,56.73,95.55
72.764,0.000,0.000,56.73,94.17
72.765,0.000,0.000,56.73,93.20
72.766,0.000,0.000,56.73,92.52
72.793,0.000,0.000,54.46,91.12
72.797,0.000,0.000,54.46,90.13
72.800,0.000,0.000,52.01,92.20
72.801,0.000,0.000,52.01,93.65
72.808,0.000,0.000,49.62,95.55
72.809,0.000,0.000,49.62,96.89
72.833,0.000,0.000,47.56,97.73
72.834,0.000,0.000,47.56,98.32
72.839,0.000,0.000,45.87,98.58
72.840,0.000,0.000,45.87,98.75
72.844,0.000,0.000,45.87,98.87
72.845,0.000,0.000,45.87,98.96
72.854,0.000,0.000,44.30,98.79
72.855,0.000,0.000,44.30,98.67
72.859,0.000,0.000,44.30,98.59
72.863,0.000,0.000,44.30,98.53
72.888,0.000,0.000,42.68,97.98
72.889,0.000,0.000,42.68,97.58
72.893,0.000,0.000,41.12,95.17
72.894,0.000,0.000,41.12,93.48
72.906,0.000,0.000,39.62,91.95
72.908,0.000,0.000,39.62,90.88
72.909,0.000,0.000,39.62,90.13
72.913,0.000,0.000,39.62,89.60
72.936,0.000,0.000,38.28,87.28
72.937,0.000,0.000,38.28,85.65
72.938,0.000,0.000,38.28,84.51
72.942,0.000,0.000,38.28,83.71
72.944,0.000,0.000,37.15,81.95
72.945,0.000,0.000,37.15,80.72
72.948,0.000,0.000,37.15,79.86
72.951,0.000,0.000,37.15,79.25
72.952,0.000,0.000,36.25,77.78
72.952,0.000,0.000,36.25,76.75
72.981,0.000,0.000,35.43,74.25
72.982,0.000,0.000,35.43,72.50
72.985,0.000,0.000,34.66,69.56
72.986,0.000,0.000,34.66,67.50
72.999,0.000,0.000,33.91,65.22
73.000,0.000,0.000,33.91,63.62
73.030,0.000,0.000,33.18,61.79
73.031,0.000,0.000,33.18,60.51
73.032,0.000,0.000,33.18,59.61
73.033,0.000,0.000,33.18,58.98
73.038,0.000,0.000,32.50,58.07
73.042,0.000,0.000,32.50,57.44
73.046,0.000,0.000,31.87,56.70
73.047,0.000,0.000,31.87,56.18
73.048,0.000,0.000,31.87,55.82
73.049,0.000,0.000,31.87,55.56
73.081,0.000,0.000,31.34,54.93
73.082,0.000,0.000,31.34,54.49
73.087,0.000,0.000,31.34,54.18
73.089,0.000,0.000,31.34,53.96
73.092,0.000,0.000,30.93,53.12
73.093,0.000,0.000,30.93,52.53
73.095,0.000,0.000,30.93,52.12
73.099,0.000,0.000,30.93,51.83
73.100,0.000,0.000,30.93,51.63
73.100,0.000,0.000,30.93,51.49
73.103,0.000,0.000,30.60,50.77
73.104,0.000,0.000,30.60,50.27
73.108,0.000,0.000,30.60,49.92
73.109,0.000,0.000,30.60,49.67
73.113,0.000,0.000,30.32,49.03
73.114,0.000,0.000,30.32,48.58
73.126,0.000,0.000,30.32,48.27
73.130,0.000,0.000,30.32,48.05
73.147,0.000,0.000,30.14,47.34
73.148,0.000,0.000,30.14,46.85
73.149,0.000,0.000,30.14,46.50
73.150,0.000,0.000,30.14,46.26
73.153,0.000,0.000,29.98,45.67
73.154,0.000,0.000,29.98,45.25
73.159,0.000,0.000,29.82,44.69
73.163,0.000,0.000,29.82,44.29
73.164,0.000,0.000,29.82,44.01
73.165,0.000,0.000,29.82,43.81
73.188,0.000,0.000,29.74,43.43
73.192,0.000,0.000,29.74,43.16
73.198,0.000,0.000,29.78,42.68
73.199,0.000,0.000,29.78,42.35
73.208,0.000,0.000,30.20,41.70
73.211,0.000,0.000,30.20,41.24
73.212,0.000,0.000,30.20,40.92
73.213,0.000,0.000,30.20,40.70
73.237,0.000,0.000,30.88,40.12
73.238,0.000,0.000,30.88,39.72
73.244,0.000,0.000,31.75,38.83
73.245,0.000,0.000,31.75,38.21
73.254,0.000,0.000,32.74,37.19
73.259,0.000,0.000,32.74,36.47
73.261,0.000,0.000,32.74,35.97
73.264,0.000,0.000,32.74,35.62
73.290,0.000,0.000,33.85,34.98
73.291,0.000,0.000,33.85,34.54
73.292,0.000,0.000,33.85,34.23
73.293,0.000,0.000,33.85,34.01
73.298,0.000,0.000,35.04,33.68
73.299,0.000,0.000,35.04,33.45
73.301,0.000,0.000,35.04,33.28
73.303,0.000,0.000,35.04,33.17
73.304,0.000,0.000,36.34,32.98
73.307,0.000,0.000,36.34,32.86
73.309,0.000,0.000,36.34,32.76
73.310,0.000,0.000,36.34,32.70
73.335,0.000,0.000,37.72,32.74
73.336,0.000,0.000,37.72,32.77
73.340,0.000,0.000,39.06,32.82
73.343,0.000,0.000,39.06,32.85
73.350,0.000,0.000,40.44,32.91
73.351,0.000,0.000,40.44,32.95
73.352,0.000,0.000,40.44,32.97
73.354,0.000,0.000,40.44,32.99
73.385,0.000,0.000,41.91,33.10
73.385,0.000,0.000,41.91,33.18
73.389,0.000,0.000,43.39,33.31
73.390,0.000,0.000,43.39,33.40
73.398,0.000,0.000,44.84,33.40
73.399,0.000,0.000,44.84,33.41
73.400,0.000,0.000,44.84,33.41
73.401,0.000,0.000,44.84,33.41
73.431,0.000,0.000,46.29,33.51
73.432,0.000,0.000,46.29,33.58
73.436,0.000,0.000,47.78,33.67
73.437,0.000,0.000,47.78,33.72
73.448,0.000,0.000,49.18,33.80
73.449,0.000,0.000,49.18,33.85
73.463,0.000,0.000,50.49,33.89
73.464,0.000,0.000,50.49,33.92
73.493,0.000,0.000,51.73,34.03
73.494,0.000,0.000,51.73,34.10
73.495,0.000,0.000,51.73,34.15
73.496,0.000,0.000,51.73,34.19
73.500,0.000,0.000,52.94,34.30
73.501,0.000,0.000,52.94,34.38
73.510,0.000,0.000,54.07,34.52
73.513,0.000,0.000,54.07,34.62
73.515,0.000,0.000,54.07,34.69
73.515,0.000,0.000,54.07,34.74
73.540,0.000,0.000,55.07,34.92
73.541,0.000,0.000,55.07,35.04
73.547,0.000,0.000,56.07,35.29
73.548,0.000,0.000,56.07,35.46
73.559,0.000,0.000,57.01,35.75
73.560,0.000,0.000,57.01,35.94
73.563,0.000,0.000,57.01,36.08
73.564,0.000,0.000,57.01,36.18
73.589,0.000,0.000,57.90,36.40
73.590,0.000,0.000,57.90,36.55
73.595,0.000,0.000,58.76,36.85
73.599,0.000,0.000,58.76,37.07
73.607,0.000,0.000,59.78,37.06
73.608,0.000,0.000,59.78,37.06
73.613,0.000,0.000,59.78,37.05
73.614,0.000,0.000,59.78,37.05
73.637,0.000,0.000,60.78,37.17
73.639,0.000,0.000,60.78,37.26
73.644,0.000,0.000,61.60,37.35
73.645,0.000,0.000,61.60,37.42
73.645,0.000,0.000,61.60,37.46
73.649,0.000,0.000,61.60,37.50
73.654,0.000,0.000,62.33,37.53
73.665,0.000,0.000,62.33,37.55
73.669,0.000,0.000,62.33,37.56
73.670,0.000,0.000,62.33,37.57
73.674,0.000,0.000,62.99,37.67
73.681,0.000,0.000,62.99,37.74
73.682,0.000,0.000,62.99,37.79
73.683,0.000,0.000,62.99,37.82
73.683,0.000,0.000,62.99,37.84
73.684,0.000,0.000,62.99,37.86
73.697,0.000,0.000,63.62,38.20
73.699,0.000,0.000,63.62,38.45
73.713,0.000,0.000,63.62,38.61
73.718,0.000,0.000,63.62,38.73
73.719,0.000,0.000,64.38,38.91
73.720,0.000,0.000,64.38,39.03
73.725,0.000,0.000,65.21,39.11
73.726,0.000,0.000,65.21,39.17
73.730,0.000,0.000,65.21,39.21
73.731,0.000,0.000,65.21,39.24
73.746,0.000,0.000,65.95,39.27
73.747,0.000,0.000,65.95,39.29
73.764,0.000,0.000,65.95,39.30
73.765,0.000,0.000,65.95,39.31
73.766,0.000,0.000,66.63,39.40
73.767,0.000,0.000,66.63,39.47
73.770,0.000,0.000,67.24,39.43
73.773,0.000,0.000,67.24,39.40
73.775,0.000,0.000,67.24,39.38
73.776,0.000,0.000,67.24,39.37
73.799,0.000,0.000,67.85,39.39
73.800,0.000,0.000,67.85,39.40
73.801,0.000,0.000,67.85,39.41
73.802,0.000,0.000,67.85,39.42
73.808,0.000,0.000,68.46,39.70
73.810,0.000,0.000,68.46,39.89
73.833,0.000,0.000,69.03,40.11
73.834,0.000,0.000,69.03,40.26
73.835,0.000,0.000,69.03,40.37
73.836,0.000,0.000,69.03,40.44
73.837,0.000,0.000,69.50,40.56
73.839,0.000,0.000,69.50,40.64
73.843,0.000,0.000,69.50,40.70
73.847,0.000,0.000,69.50,40.74
73.848,0.000,0.000,69.92,41.03
73.849,0.000,0.000,69.92,41.23
73.849,0.000,0.000,69.92,41.37
73.850,0.000,0.000,69.92,41.47
73.880,0.000,0.000,70.23,41.76
73.885,0.000,0.000,70.23,41.97
73.886,0.000,0.000,70.23,42.11
73.887,0.000,0.000,70.23,42.21
73.889,0.000,0.000,70.52,42.48
73.892,0.000,0.000,70.52,42.67
73.896,0.000,0.000,70.52,42.80
73.897,0.000,0.000,70.52,42.89
73.900,0.000,0.000,70.52,42.96
73.901,0.000,0.000,70.52,43.01
73.902,0.000,0.000,70.88,43.32
73.903,0.000,0.000,70.88,43.54
73.910,0.000,0.000,71.54,43.43
73.914,0.000,0.000,71.54,43.35
73.915,0.000,0.000,71.54,43.30
73.916,0.000,0.000,71.54,43.26
73.942,0.000,0.000,72.71,42.75
73.943,0.000,0.000,72.71,42.40
73.948,0.000,0.000,74.00,41.34
73.949,0.000,0.000,74.00,40.61
73.949,0.000,0.000,74.00,40.09
73.950,0.000,0.000,74.00,39.73
73.959,0.000,0.000,75.11,39.02
73.960,0.000,0.000,75.11,38.53
73.984,0.000,0.000,76.12,37.91
73.985,0.000,0.000,76.12,37.47
73.992,0.000,0.000,77.28,36.88
73.993,0.000,0.000,77.28,36.47
73.997,0.000,0.000,77.28,36.19
73.998,0.000,0.000,77.28,35.98
74.007,0.000,0.000,78.89,35.63
74.009,0.000,0.000,78.89,35.39
74.036,0.000,0.000,80.38,35.23
74.037,0.000,0.000,80.38,35.12
74.043,0.000,0.000,81.37,35.06
74.044,0.000,0.000,81.37,35.01
74.045,0.000,0.000,81.37,34.98
74.048,0.000,0.000,81.37,34.96
74.054,0.000,0.000,81.82,35.10
74.058,0.000,0.000,81.82,35.20
74.059,0.000,0.000,81.82,35.27
74.063,0.000,0.000,81.82,35.32
74.086,0.000,0.000,81.89,36.00
74.088,0.000,0.000,81.89,36.48
74.093,0.000,0.000,81.63,38.10
74.094,0.000,0.000,81.63,39.24
74.102,0.000,0.000,81.12,41.77
74.103,0.000,0.000,81.12,43.54
74.104,0.000,0.000,81.12,44.78
74.109,0.000,0.000,81.12,45.65
74.133,0.000,0.000,80.29,48.25
74.134,0.000,0.000,80.29,50.07
74.135,0.000,0.000,80.29,51.34
74.136,0.000,0.000,80.29,52.23
74.138,0.000,0.000,79.10,54.94
74.140,0.000,0.000,79.10,56.84
74.144,0.000,0.000,79.10,58.16
74.145,0.000,0.000,79.10,59.09
74.150,0.000,0.000,77.63,61.98
74.151,0.000,0.000,77.63,64.00
74.154,0.000,0.000,77.63,65.41
74.157,0.000,0.000,77.63,66.40
74.185,0.000,0.000,75.93,68.90
74.186,0.000,0.000,75.93,70.65
74.187,0.000,0.000,73.97,74.85
74.188,0.000,0.000,73.97,77.79
74.193,0.000,0.000,73.97,79.85
74.194,0.000,0.000,73.97,81.29
74.199,0.000,0.000,71.56,85.09
74.200,0.000,0.000,71.56,87.74
74.230,0.000,0.000,68.83,91.42
74.231,0.000,0.000,68.83,93.99
74.234,0.000,0.000,66.49,95.79
74.235,0.000,0.000,66.49,97.06
74.247,0.000,0.000,65.09,97.94
74.248,0.000,0.000,65.09,98.56
74.281,0.000,0.000,63.89,98.99
74.282,0.000,0.000,63.89,99.29
74.285,0.000,0.000,62.46,98.15
74.286,0.000,0.000,62.46,97.36
74.293,0.000,0.000,60.77,95.31
74.294,0.000,0.000,60.77,93.87
74.296,0.000,0.000,60.77,92.87
74.297,0.000,0.000,60.77,92.17
74.313,0.000,0.000,58.81,91.33
74.314,0.000,0.000,58.81,90.75
74.338,0.000,0.000,56.45,90.93
74.340,0.000,0.000,56.45,91.05
74.344,0.000,0.000,53.96,93.74
74.348,0.000,0.000,53.96,95.62
74.349,0.000,0.000,53.96,96.93
74.350,0.000,0.000,53.96,97.85
74.359,0.000,0.000,51.98,98.50
74.363,0.000,0.000,51.98,98.95
74.364,0.000,0.000,51.98,99.26
74.365,0.000,0.000,51.98,99.48
74.397,0.000,0.000,50.48,99.64
74.398,0.000,0.000,50.48,99.75
74.401,0.000,0.000,49.14,99.81
74.402,0.000,0.000,49.14,99.86
74.405,0.000,0.000,47.97,99.83
74.407,0.000,0.000,47.97,99.81
74.408,0.000,0.000,47.97,99.79
74.411,0.000,0.000,47.97,99.78
74.437,0.000,0.000,46.72,94.88
74.438,0.000,0.000,46.72,91.45
74.444,0.000,0.000,45.27,88.09
74.448,0.000,0.000,45.27,85.74
74.454,0.000,0.000,43.69,84.90
74.456,0.000,0.000,43.69,84.32
74.458,0.000,0.000,43.69,83.91
74.459,0.000,0.000,43.69,83.62
74.482,0.000,0.000,42.25,82.94
74.483,0.000,0.000,42.25,82.47
74.484,0.000,0.000,42.25,82.14
74.484,0.000,0.000,42.25,81.90
74.487,0.000,0.000,41.08,81.23
74.488,0.000,0.000,41.08,80.75
74.489,0.000,0.000,41.08,80.42
74.490,0.000,0.000,41.08,80.19
74.508,0.000,0.000,40.10,79.35
74.510,0.000,0.000,40.10,78.77
74.534,0.000,0.000,39.31,77.15
74.535,0.000,0.000,39.31,76.02
74.537,0.000,0.000,38.58,73.51
74.539,0.000,0.000,38.58,71.76
74.539,0.000,0.000,38.58,70.54
74.543,0.000,0.000,38.58,69.68
74.550,0.000,0.000,37.83,67.87
74.551,0.000,0.000,37.83,66.60
74.552,0.000,0.000,37.83,65.71
74.553,0.000,0.000,37.83,65.09
74.581,0.000,0.000,36.96,64.08
74.582,0.000,0.000,36.96,63.37
74.583,0.000,0.000,36.96,62.88
74.584,0.000,0.000,36.96,62.53
74.587,0.000,0.000,36.09,61.91
74.588,0.000,0.000,36.09,61.48
74.598,0.000,0.000,35.25,61.26
74.599,0.000,0.000,35.25,61.11
74.600,0.000,0.000,35.25,61.00
74.601,0.000,0.000,35.25,60.93
74.632,0.000,0.000,34.45,60.58
74.633,0.000,0.000,34.45,60.33
74.634,0.000,0.000,34.45,60.16
74.635,0.000,0.000,34.45,60.04
74.638,0.000,0.000,33.74,59.58
74.640,0.000,0.000,33.74,59.26
74.647,0.000,0.000,32.94,58.76
74.648,0.000,0.000,32.94,58.41
74.670,0.000,0.000,32.19,57.96
74.671,0.000,0.000,32.19,57.65
74.689,0.000,0.000,32.19,57.43
74.691,0.000,0.000,32.19,57.27
74.692,0.000,0.000,31.57,56.46
74.693,0.000,0.000,31.57,55.89
74.697,0.000,0.000,31.57,55.49
74.698,0.000,0.000,31.57,55.21
74.701,0.000,0.000,31.06,54.44
74.702,0.000,0.000,31.06,53.91
74.713,0.000,0.000,30.68,53.15
74.714,0.000,0.000,30.68,52.61
74.716,0.000,0.000,30.68,52.24
74.717,0.000,0.000,30.68,51.98
74.741,0.000,0.000,30.45,51.00
74.742,0.000,0.000,30.45,50.32
74.747,0.000,0.000,30.41,49.07
74.748,0.000,0.000,30.41,48.20
74.759,0.000,0.000,30.62,46.76
74.763,0.000,0.000,30.62,45.76
74.764,0.000,0.000,30.62,45.05
74.765,0.000,0.000,30.62,44.56
74.791,0.000,0.000,31.06,43.60
74.792,0.000,0.000,31.06,42.92
74.799,0.000,0.000,31.80,41.43
74.800,0.000,0.000,31.80,40.39
74.801,0.000,0.000,31.80,39.66
74.802,0.000,0.000,31.80,39.15
74.809,0.000,0.000,32.68,38.20
74.810,0.000,0.000,32.68,37.54
74.811,0.000,0.000,32.68,37.07
74.812,0.000,0.000,32.68,36.75
74.835,0.000,0.000,33.77,36.12
74.836,0.000,0.000,33.77,35.67
74.839,0.000,0.000,34.92,35.07
74.844,0.000,0.000,34.92,34.64
74.856,0.000,0.000,36.04,34.09
74.858,0.000,0.000,36.04,33.70
74.861,0.000,0.000,36.04,33.43
74.862,0.000,0.000,36.04,33.24
74.885,0.000,0.000,37.24,33.28
74.886,0.000,0.000,37.24,33.31
74.892,0.000,0.000,38.49,33.27
74.893,0.000,0.000,38.49,33.24
74.897,0.000,0.000,38.49,33.22
74.898,0.000,0.000,38.49,33.20
74.902,0.000,0.000,39.86,33.21
74.903,0.000,0.000,39.86,33.22
74.904,0.000,0.000,39.86,33.22
74.907,0.000,0.000,39.86,33.23
74.930,0.000,0.000,41.50,33.24
74.931,0.000,0.000,41.50,33.24
74.932,0.000,0.000,41.50,33.25
74.933,0.000,0.000,41.50,33.25
74.936,0.000,0.000,43.32,33.24
74.937,0.000,0.000,43.32,33.24
74.937,0.000,0.000,43.32,33.24
74.938,0.000,0.000,43.32,33.23
74.954,0.000,0.000,44.89,33.21
74.956,0.000,0.000,44.89,33.19
74.962,0.000,0.000,44.89,33.18
74.964,0.000,0.000,44.89,33.17
74.968,0.000,0.000,46.30,33.23
74.969,0.000,0.000,46.30,33.27
74.970,0.000,0.000,46.30,33.30
74.971,0.000,0.000,46.30,33.32
74.997,0.000,0.000,47.61,33.40
74.998,0.000,0.000,47.61,33.46
75.001,0.000,0.000,48.81,33.65
75.002,0.000,0.000,48.81,33.78
75.014,0.000,0.000,49.80,34.05
75.015,0.000,0.000,49.80,34.24
75.027,0.000,0.000,49.80,34.37
75.032,0.000,0.000,49.80,34.46
75.048,0.000,0.000,50.86,34.72
75.049,0.000,0.000,50.86,34.90
75.050,0.000,0.000,50.86,35.03
75.050,0.000,0.000,50.86,35.12
75.053,0.000,0.000,52.02,35.35
75.056,0.000,0.000,52.02,35.51
75.084,0.000,0.000,53.18,35.73
75.085,0.000,0.000,53.18,35.89
75.086,0.000,0.000,54.30,35.90
75.088,0.000,0.000,54.30,35.90
75.097,0.000,0.000,55.36,35.89
75.098,0.000,0.000,55.36,35.87
75.099,0.000,0.000,55.36,35.87
75.099,0.000,0.000,55.36,35.86
75.113,0.000,0.000,56.25,35.93
75.114,0.000,0.000,56.25,35.99
75.116,0.000,0.000,56.25,36.02
75.117,0.000,0.000,56.25,36.05
75.143,0.000,0.000,56.99,36.20
75.144,0.000,0.000,56.99,36.31
75.150,0.000,0.000,57.71,36.48
75.151,0.000,0.000,57.71,36.60
75.152,0.000,0.000,57.71,36.68
75.152,0.000,0.000,57.71,36.74
75.159,0.000,0.000,58.51,37.06
75.163,0.000,0.000,58.51,37.29
75.165,0.000,0.000,58.51,37.45
75.165,0.000,0.000,58.51,37.56
75.193,0.000,0.000,59.41,38.04
75.194,0.000,0.000,59.41,38.38
75.197,0.000,0.000,60.37,38.34
75.198,0.000,0.000,60.37,38.32
75.206,0.000,0.000,61.18,38.14
75.212,0.000,0.000,61.18,38.01
75.214,0.000,0.000,61.18,37.93
75.215,0.000,0.000,61.18,37.87
75.240,0.000,0.000,61.78,37.99
75.241,0.000,0.000,61.78,38.08
75.249,0.000,0.000,62.27,38.25
75.250,0.000,0.000,62.27,38.37
75.253,0.000,0.000,62.72,38.53
75.254,0.000,0.000,62.72,38.65
75.256,0.000,0.000,62.72,38.73
75.259,0.000,0.000,62.72,38.78
75.282,0.000,0.000,63.32,39.38
75.282,0.000,0.000,63.32,39.80
75.285,0.000,0.000,64.29,39.90
75.286,0.000,0.000,64.29,39.97
75.287,0.000,0.000,64.29,40.02
75.291,0.000,0.000,64.29,40.05
75.302,0.000,0.000,65.54,39.59
75.303,0.000,0.000,65.54,39.26
75.304,0.000,0.000,65.54,39.03
75.307,0.000,0.000,65.54,38.88
75.331,0.000,0.000,66.74,38.46
75.331,0.000,0.000,66.74,38.16
75.334,0.000,0.000,67.72,37.71
75.335,0.000,0.000,67.72,37.39
75.350,0.000,0.000,68.45,37.04
75.351,0.000,0.000,68.45,36.80
75.381,0.000,0.000,69.15,36.94
75.382,0.000,0.000,69.15,37.04
75.385,0.000,0.000,69.90,37.31
75.386,0.000,0.000,69.90,37.49
75.387,0.000,0.000,69.90,37.62
75.388,0.000,0.000,69.90,37.71
75.398,0.000,0.000,70.67,38.01
75.399,0.000,0.000,70.67,38.22
75.400,0.000,0.000,70.67,38.36
75.401,0.000,0.000,70.67,38.46
75.431,0.000,0.000,71.39,38.72
75.432,0.000,0.000,71.39,38.90
75.435,0.000,0.000,71.79,39.26
75.436,0.000,0.000,71.79,39.50
75.447,0.000,0.000,71.72,40.19
75.448,0.000,0.000,71.72,40.67
75.470,0.000,0.000,71.21,42.15
75.471,0.000,0.000,71.21,43.18
75.488,0.000,0.000,70.19,45.66
75.490,0.000,0.000,70.19,47.40
75.497,0.000,0.000,68.71,51.51
75.498,0.000,0.000,68.71,54.38
75.499,0.000,0.000,68.71,56.40
75.500,0.000,0.000,68.71,57.81
75.511,0.000,0.000,67.00,61.85
75.514,0.000,0.000,67.00,64.68
75.516,0.000,0.000,67.00,66.67
75.517,0.000,0.000,67.00,68.05
75.541,0.000,0.000,65.30,71.53
75.542,0.000,0.000,65.30,73.96
75.546,0.000,0.000,63.45,77.85
75.548,0.000,0.000,63.45,80.58
75.559,0.000,0.000,61.25,85.71
75.560,0.000,0.000,61.25,89.31
75.564,0.000,0.000,61.25,91.82
75.567,0.000,0.000,61.25,93.58
75.600,0.000,0.000,58.82,95.51
75.601,0.000,0.000,58.82,96.86
75.602,0.000,0.000,56.88,97.80
75.603,0.000,0.000,56.88,98.46
75.606,0.000,0.000,56.88,98.92
75.613,0.000,0.000,56.88,99.25
75.614,0.000,0.000,55.57,99.47
75.615,0.000,0.000,55.57,99.63
75.616,0.000,0.000,55.57,99.74
75.617,0.000,0.000,55.57,99.82
75.641,0.000,0.000,54.52,99.55
75.642,0.000,0.000,54.52,99.36
75.643,0.000,0.000,54.52,99.23
75.644,0.000,0.000,54.52,99.14
75.648,0.000,0.000,53.43,95.69
75.649,0.000,0.000,53.43,93.27
75.655,0.000,0.000,52.29,89.91
75.662,0.000,0.000,52.29,87.55
75.685,0.000,0.000,51.07,83.91
75.686,0.000,0.000,51.07,81.36
75.689,0.000,0.000,49.71,79.59
75.690,0.000,0.000,49.71,78.34
75.702,0.000,0.000,48.24,78.93
75.703,0.000,0.000,48.24,79.35
75.704,0.000,0.000,48.24,79.63
75.705,0.000,0.000,48.24,79.84
75.733,0.000,0.000,46.72,80.56
75.734,0.000,0.000,46.72,81.07
75.737,0.000,0.000,45.23,81.46
75.738,0.000,0.000,45.23,81.73
75.749,0.000,0.000,43.81,82.99
75.751,0.000,0.000,43.81,83.87
75.751,0.000,0.000,43.81,84.48
75.752,0.000,0.000,43.81,84.91
75.783,0.000,0.000,42.45,84.90
75.784,0.000,0.000,42.45,84.90
75.787,0.000,0.000,41.24,83.39
75.791,0.000,0.000,41.24,82.34
75.798,0.000,0.000,40.21,80.97
75.799,0.000,0.000,40.21,80.02
75.801,0.000,0.000,40.21,79.35
75.801,0.000,0.000,40.21,78.88
75.833,0.000,0.000,39.30,77.11
75.834,0.000,0.000,39.30,75.87
75.835,0.000,0.000,38.35,74.49
75.836,0.000,0.000,38.35,73.53
75.842,0.000,0.000,38.35,72.86
75.843,0.000,0.000,38.35,72.39
75.848,0.000,0.000,37.39,71.20
75.849,0.000,0.000,37.39,70.37
75.880,0.000,0.000,36.51,68.78
75.881,0.000,0.000,36.51,67.67
75.883,0.000,0.000,35.81,66.54
75.884,0.000,0.000,35.81,65.76
75.897,0.000,0.000,35.35,64.90
75.898,0.000,0.000,35.35,64.30
75.899,0.000,0.000,35.35,63.88
75.900,0.000,0.000,35.35,63.58
75.911,0.000,0.000,34.98,61.55
75.912,0.000,0.000,34.98,60.12
75.925,0.000,0.000,34.98,59.13
75.926,0.000,0.000,34.98,58.43
75.941,0.000,0.000,34.61,57.21
75.945,0.000,0.000,34.61,56.36
75.946,0.000,0.000,34.61,55.76
75.948,0.000,0.000,34.61,55.35
75.951,0.000,0.000,34.29,54.57
75.952,0.000,0.000,34.29,54.02
75.953,0.000,0.000,34.29,53.64
75.954,0.000,0.000,34.29,53.37
75.959,0.000,0.000,34.01,52.31
75.963,0.000,0.000,34.01,51.57
75.964,0.000,0.000,34.01,51.04
75.965,0.000,0.000,34.01,50.68
75.987,0.000,0.000,33.76,50.02
75.988,0.000,0.000,33.76,49.57
75.993,0.000,0.000,33.60,49.02
75.996,0.000,0.000,33.60,48.64
76.006,0.000,0.000,33.54,48.04
76.008,0.000,0.000,33.54,47.62
76.010,0.000,0.000,33.54,47.32
76.013,0.000,0.000,33.54,47.11
76.037,0.000,0.000,33.62,46.60
76.038,0.000,0.000,33.62,46.25
76.043,0.000,0.000,33.80,45.56
76.043,0.000,0.000,33.80,45.08
76.048,0.000,0.000,33.80,44.75
76.049,0.000,0.000,33.80,44.51
76.054,0.000,0.000,34.16,43.91
76.057,0.000,0.000,34.16,43.50
76.059,0.000,0.000,34.16,43.21
76.060,0.000,0.000,34.16,43.00
76.084,0.000,0.000,34.70,42.36
76.085,0.000,0.000,34.70,41.92
76.086,0.000,0.000,34.70,41.61
76.087,0.000,0.000,34.70,41.39
76.093,0.000,0.000,35.52,40.76
76.094,0.000,0.000,35.52,40.33
76.102,0.000,0.000,36.55,39.40
76.103,0.000,0.000,36.55,38.74
76.104,0.000,0.000,36.55,38.29
76.105,0.000,0.000,36.55,37.97
76.131,0.000,0.000,37.69,37.41
76.132,0.000,0.000,37.69,37.02
76.135,0.000,0.000,38.78,36.48
76.136,0.000,0.000,38.78,36.10
76.150,0.000,0.000,39.91,35.65
76.151,0.000,0.000,39.91,35.33
76.153,0.000,0.000,39.91,35.11
76.154,0.000,0.000,39.91,34.95
76.183,0.000,0.000,41.17,34.75
76.183,0.000,0.000,41.17,34.60
76.184,0.000,0.000,41.17,34.50
76.185,0.000,0.000,41.17,34.43
76.188,0.000,0.000,42.46,34.47
76.189,0.000,0.000,42.46,34.49
76.198,0.000,0.000,43.53,34.56
76.199,0.000,0.000,43.53,34.62
76.200,0.000,0.000,43.53,34.65
76.201,0.000,0.000,43.53,34.68
76.231,0.000,0.000,44.52,34.91
76.232,0.000,0.000,44.52,35.06
76.235,0.000,0.000,45.51,35.17
76.236,0.000,0.000,45.51,35.24
76.247,0.000,0.000,46.48,35.42
76.248,0.000,0.000,46.48,35.54
76.249,0.000,0.000,46.48,35.63
76.250,0.000,0.000,46.48,35.69
76.270,0.000,0.000,47.45,35.90
76.271,0.000,0.000,47.45,36.05
76.285,0.000,0.000,47.45,36.15
76.286,0.000,0.000,47.45,36.22
76.291,0.000,0.000,48.43,36.45
76.292,0.000,0.000,48.43,36.62
76.297,0.000,0.000,49.42,36.44
76.298,0.000,0.000,49.42,36.32
76.299,0.000,0.000,49.42,36.24
76.300,0.000,0.000,49.42,36.18
76.310,0.000,0.000,50.36,36.31
76.313,0.000,0.000,50.36,36.40
76.314,0.000,0.000,50.36,36.47
76.315,0.000,0.000,50.36,36.51
76.338,0.000,0.000,51.27,36.65
76.339,0.000,0.000,51.27,36.75
76.347,0.000,0.000,52.24,36.81
76.349,0.000,0.000,52.24,36.85
76.349,0.000,0.000,52.24,36.88
76.350,0.000,0.000,52.24,36.90
76.359,0.000,0.000,53.28,36.77
76.360,0.000,0.000,53.28,36.67
76.361,0.000,0.000,53.28,36.61
76.362,0.000,0.000,53.28,36.56
76.389,0.000,0.000,54.30,36.69
76.390,0.000,0.000,54.30,36.78
76.391,0.000,0.000,54.30,36.85
76.397,0.000,0.000,54.30,36.89
76.400,0.000,0.000,55.25,36.97
76.401,0.000,0.000,55.25,37.02
76.410,0.000,0.000,56.08,37.04
76.413,0.000,0.000,56.08,37.05
76.414,0.000,0.000,56.08,37.06
76.415,0.000,0.000,56.08,37.07
76.442,0.000,0.000,56.90,37.15
76.443,0.000,0.000,56.90,37.20
76.446,0.000,0.000,56.90,37.24
76.447,0.000,0.000,56.90,37.27
76.449,0.000,0.000,57.78,37.39
76.452,0.000,0.000,57.78,37.48
76.453,0.000,0.000,57.78,37.54
76.454,0.000,0.000,57.78,37.58
76.456,0.000,0.000,58.77,37.66
76.459,0.000,0.000,58.77,37.72
76.463,0.000,0.000,58.77,37.76
76.464,0.000,0.000,58.77,37.79
76.490,0.000,0.000,59.84,37.69
76.492,0.000,0.000,59.84,37.63
76.493,0.000,0.000,59.84,37.58
76.498,0.000,0.000,59.84,37.55
76.501,0.000,0.000,60.84,37.52
76.502,0.000,0.000,60.84,37.51
76.503,0.000,0.000,61.72,37.40
76.504,0.000,0.000,61.72,37.33
76.506,0.000,0.000,61.72,37.28
76.509,0.000,0.000,61.72,37.25
76.532,0.000,0.000,62.54,37.29
76.536,0.000,0.000,62.54,37.32
76.550,0.000,0.000,63.29,37.46
76.552,0.000,0.000,63.29,37.56
76.553,0.000,0.000,64.07,37.73
76.554,0.000,0.000,64.07,37.84
76.557,0.000,0.000,64.07,37.92
76.558,0.000,0.000,64.07,37.98
76.584,0.000,0.000,64.90,38.06
76.585,0.000,0.000,64.90,38.11
76.585,0.000,0.000,64.90,38.15
76.586,0.000,0.000,64.90,38.17
76.589,0.000,0.000,65.79,38.33
76.593,0.000,0.000,65.79,38.44
76.599,0.000,0.000,66.69,38.37
76.600,0.000,0.000,66.69,38.32
76.601,0.000,0.000,66.69,38.29
76.602,0.000,0.000,66.69,38.26
76.630,0.000,0.000,67.50,38.21
76.631,0.000,0.000,67.50,38.18
76.634,0.000,0.000,68.11,38.32
76.635,0.000,0.000,68.11,38.42
76.636,0.000,0.000,68.11,38.49
76.637,0.000,0.000,68.11,38.54
76.648,0.000,0.000,68.62,38.81
76.649,0.000,0.000,68.62,39.00
76.681,0.000,0.000,69.12,39.32
76.682,0.000,0.000,69.12,39.54
76.684,0.000,0.000,69.63,40.05
76.685,0.000,0.000,69.63,40.41
76.694,0.000,0.000,70.12,40.78
76.698,0.000,0.000,70.12,41.05
76.699,0.000,0.000,70.12,41.23
76.700,0.000,0.000,70.12,41.36
76.701,0.000,0.000,70.12,41.45
76.702,0.000,0.000,70.12,41.51
76.713,0.000,0.000,70.70,41.61
76.714,0.000,0.000,70.70,41.68
76.716,0.000,0.000,70.70,41.73
76.717,0.000,0.000,70.70,41.76
76.747,0.000,0.000,71.44,41.64
76.748,0.000,0.000,71.44,41.56
76.751,0.000,0.000,72.18,41.24
76.752,0.000,0.000,72.18,41.02
76.753,0.000,0.000,72.18,40.87
76.754,0.000,0.000,72.18,40.76
76.760,0.000,0.000,72.74,40.63
76.764,0.000,0.000,72.74,40.54
76.765,0.000,0.000,72.74,40.47
76.765,0.000,0.000,72.74,40.43
76.792,0.000,0.000,73.21,40.58
76.793,0.000,0.000,73.21,40.68
76.796,0.000,0.000,73.63,40.73
76.797,0.000,0.000,73.63,40.77
76.801,0.000,0.000,73.63,40.79
76.802,0.000,0.000,73.63,40.81
76.812,0.000,0.000,73.91,41.09
76.814,0.000,0.000,73.91,41.29
76.814,0.000,0.000,73.91,41.43
76.815,0.000,0.000,73.91,41.53
76.838,0.000,0.000,73.97,42.23
76.839,0.000,0.000,73.97,42.73
76.839,0.000,0.000,73.97,43.07
76.843,0.000,0.000,73.97,43.31
76.847,0.000,0.000,73.84,44.09
76.849,0.000,0.000,73.84,44.63
76.850,0.000,0.000,73.84,45.01
76.851,0.000,0.000,73.84,45.27
76.854,0.000,0.000,73.48,46.15
76.857,0.000,0.000,73.48,46.77
76.858,0.000,0.000,73.48,47.20
76.860,0.000,0.000,73.48,47.50
76.882,0.000,0.000,72.87,49.00
76.883,0.000,0.000,72.87,50.06
76.884,0.000,0.000,72.87,50.79
76.885,0.000,0.000,72.87,51.31
76.888,0.000,0.000,71.83,53.23
76.892,0.000,0.000,71.83,54.58
76.893,0.000,0.000,71.83,55.52
76.894,0.000,0.000,71.83,56.18
76.902,0.000,0.000,70.22,58.96
76.903,0.000,0.000,70.22,60.91
76.904,0.000,0.000,70.22,62.27
76.908,0.000,0.000,70.22,63.22
76.932,0.000,0.000,68.05,66.81
76.933,0.000,0.000,68.05,69.32
76.936,0.000,0.000,66.04,73.72
76.937,0.000,0.000,66.04,76.80
76.950,0.000,0.000,64.54,81.11
76.951,0.000,0.000,64.54,84.12
76.952,0.000,0.000,64.54,86.23
76.953,0.000,0.000,64.54,87.71
76.984,0.000,0.000,63.28,88.93
76.985,0.000,0.000,63.28,89.78
76.988,0.000,0.000,62.18,89.28
76.989,0.000,0.000,62.18,88.93
76.999,0.000,0.000,61.08,87.25
77.000,0.000,0.000,61.08,86.07
77.021,0.000,0.000,59.93,84.15
77.024,0.000,0.000,59.93,82.81
77.041,0.000,0.000,59.93,81.86
77.042,0.000,0.000,59.93,81.21
77.046,0.000,0.000,58.90,79.18
77.048,0.000,0.000,58.90,77.76
77.051,0.000,0.000,58.11,76.54
77.051,0.000,0.000,58.11,75.68
77.052,0.000,0.000,58.11,75.08
77.053,0.000,0.000,58.11,74.66
77.079,0.000,0.000,57.44,73.74
77.085,0.000,0.000,57.44,73.10
77.086,0.000,0.000,57.44,72.64
77.087,0.000,0.000,57.44,72.33
77.088,0.000,0.000,56.79,71.07
77.089,0.000,0.000,56.79,70.18
77.097,0.000,0.000,55.91,69.35
77.097,0.000,0.000,55.91,68.76
77.098,0.000,0.000,55.91,68.36
77.099,0.000,0.000,55.91,68.07
77.113,0.000,0.000,54.68,68.44
77.114,0.000,0.000,54.68,68.70
77.115,0.000,0.000,54.68,68.88
77.116,0.000,0.000,54.68,69.01
77.141,0.000,0.000,53.12,69.81
77.142,0.000,0.000,53.12,70.37
77.148,0.000,0.000,51.61,72.17
77.149,0.000,0.000,51.61,73.43
77.159,0.000,0.000,50.47,75.46
77.162,0.000,0.000,50.47,76.89
77.163,0.000,0.000,50.47,77.89
77.164,0.000,0.000,50.47,78.59
77.200,0.000,0.000,49.57,78.43
77.202,0.000,0.000,49.57,78.33
77.205,0.000,0.000,48.70,77.88
77.206,0.000,0.000,48.70,77.56
77.207,0.000,0.000,47.72,76.64
77.209,0.000,0.000,47.72,76.00
77.215,0.000,0.000,47.72,75.55
77.216,0.000,0.000,47.72,75.23
77.242,0.000,0.000,46.60,74.32
77.243,0.000,0.000,46.60,73.68
77.244,0.000,0.000,46.60,73.24
77.248,0.000,0.000,46.60,72.93
77.251,0.000,0.000,45.41,72.43
77.252,0.000,0.000,45.41,72.08
77.254,0.000,0.000,44.18,72.62
77.256,0.000,0.000,44.18,72.99
77.259,0.000,0.000,44.18,73.25
77.263,0.000,0.000,44.18,73.44
77.292,0.000,0.000,43.01,73.68
77.296,0.000,0.000,43.01,73.85
77.298,0.000,0.000,43.01,73.97
77.299,0.000,0.000,43.01,74.06
77.304,0.000,0.000,41.94,73.73
77.308,0.000,0.000,41.94,73.51
77.312,0.000,0.000,41.16,72.77
77.314,0.000,0.000,41.16,72.25
77.338,0.000,0.000,40.67,70.78
77.339,0.000,0.000,40.67,69.76
77.340,0.000,0.000,40.67,69.04
77.347,0.000,0.000,40.67,68.54
77.349,0.000,0.000,40.28,66.78
77.352,0.000,0.000,40.28,65.55
77.353,0.000,0.000,39.90,63.54
77.354,0.000,0.000,39.90,62.13
77.383,0.000,0.000,39.49,60.35
77.384,0.000,0.000,39.49,59.11
77.387,0.000,0.000,39.09,57.69
77.388,0.000,0.000,39.09,56.69
77.399,0.000,0.000,38.63,55.95
77.400,0.000,0.000,38.63,55.43
77.431,0.000,0.000,38.14,54.95
77.432,0.000,0.000,38.14,54.62
77.435,0.000,0.000,37.62,54.63
77.436,0.000,0.000,37.62,54.64
77.452,0.000,0.000,37.12,54.78
77.453,0.000,0.000,37.12,54.87
77.454,0.000,0.000,37.12,54.94
77.457,0.000,0.000,37.12,54.98
77.463,0.000,0.000,36.68,54.88
77.464,0.000,0.000,36.68,54.81
77.466,0.000,0.000,36.68,54.76
77.467,0.000,0.000,36.68,54.73
77.498,0.000,0.000,36.24,54.46
77.499,0.000,0.000,36.24,54.27
77.502,0.000,0.000,35.77,54.16
77.503,0.000,0.000,35.77,54.08
77.514,0.000,0.000,35.33,53.70
77.516,0.000,0.000,35.33,53.43
77.517,0.000,0.000,35.33,53.25
77.518,0.000,0.000,35.33,53.12
77.540,0.000,0.000,34.97,52.69
77.541,0.000,0.000,34.97,52.39
77.548,0.000,0.000,34.80,51.80
77.549,0.000,0.000,34.80,51.39
77.558,0.000,0.000,34.82,50.68
77.564,0.000,0.000,34.82,50.19
77.565,0.000,0.000,34.82,49.84
77.566,0.000,0.000,34.82,49.60
77.591,0.000,0.000,35.04,48.79
77.593,0.000,0.000,35.04,48.23
77.599,0.000,0.000,35.41,47.04
77.600,0.000,0.000,35.41,46.20
77.609,0.000,0.000,36.19,44.73
77.613,0.000,0.000,36.19,43.70
77.635,0.000,0.000,37.15,42.28
77.636,0.000,0.000,37.15,41.29
77.640,0.000,0.000,38.17,40.08
77.642,0.000,0.000,38.17,39.23
77.653,0.000,0.000,39.38,38.06
77.654,0.000,0.000,39.38,37.25
77.662,0.000,0.000,39.38,36.68
77.663,0.000,0.000,39.38,36.28
77.695,0.000,0.000,40.56,35.76
77.699,0.000,0.000,40.56,35.40
77.700,0.000,0.000,40.56,35.15
77.701,0.000,0.000,40.56,34.97
77.708,0.000,0.000,41.66,34.89
77.713,0.000,0.000,41.66,34.83
77.714,0.000,0.000,42.81,34.78
77.714,0.000,0.000,42.81,34.74
77.716,0.000,0.000,42.81,34.71
77.717,0.000,0.000,42.81,34.69
77.731,0.000,0.000,44.10,34.67
77.732,0.000,0.000,44.10,34.65
77.744,0.000,0.000,44.10,34.64
77.745,0.000,0.000,44.10,34.63
77.751,0.000,0.000,45.43,34.84
77.752,0.000,0.000,45.43,34.98
77.758,0.000,0.000,46.68,34.98
77.762,0.000,0.000,46.68,34.98
77.783,0.000,0.000,47.82,34.94
77.792,0.000,0.000,47.82,34.91
77.796,0.000,0.000,47.82,34.89
77.797,0.000,0.000,47.82,34.88
77.799,0.000,0.000,48.77,35.02
77.799,0.000,0.000,48.77,35.11
77.802,0.000,0.000,49.54,35.37
77.803,0.000,0.000,49.54,35.55
77.804,0.000,0.000,49.54,35.67
77.808,0.000,0.000,49.54,35.76
77.832,0.000,0.000,50.20,36.04
77.833,0.000,0.000,50.20,36.24
77.835,0.000,0.000,50.85,36.90
77.836,0.000,0.000,50.85,37.36
77.848,0.000,0.000,51.49,37.98
77.849,0.000,0.000,51.49,38.42
77.883,0.000,0.000,52.24,38.81
77.884,0.000,0.000,52.24,39.08
77.886,0.000,0.000,52.24,39.27
77.887,0.000,0.000,52.24,39.40
77.893,0.000,0.000,52.93,39.61
77.897,0.000,0.000,52.93,39.76
77.898,0.000,0.000,53.64,39.76
77.899,0.000,0.000,53.64,39.76
77.913,0.000,0.000,54.36,39.68
77.914,0.000,0.000,54.36,39.63
77.916,0.000,0.000,54.36,39.59
77.916,0.000,0.000,54.36,39.56
77.940,0.000,0.000,55.11,39.53
77.942,0.000,0.000,55.11,39.51
77.943,0.000,0.000,55.11,39.49
77.944,0.000,0.000,55.11,39.48
77.948,0.000,0.000,55.88,39.46
77.949,0.000,0.000,55.88,39.44
77.950,0.000,0.000,55.88,39.43
77.951,0.000,0.000,55.88,39.42
77.958,0.000,0.000,56.71,39.28
77.963,0.000,0.000,56.71,39.19
77.964,0.000,0.000,56.71,39.12
77.965,0.000,0.000,56.71,39.07
77.989,0.000,0.000,57.53,39.12
77.990,0.000,0.000,57.53,39.15
77.999,0.000,0.000,58.30,39.08
78.000,0.000,0.000,58.30,39.03
78.008,0.000,0.000,59.08,38.90
78.009,0.000,0.000,59.08,38.82
78.033,0.000,0.000,59.93,38.81
78.034,0.000,0.000,59.93,38.81
78.038,0.000,0.000,60.77,38.64
78.042,0.000,0.000,60.77,38.53
78.043,0.000,0.000,60.77,38.44
78.047,0.000,0.000,60.77,38.39
78.056,0.000,0.000,61.52,38.27
78.058,0.000,0.000,61.52,38.19
78.060,0.000,0.000,61.52,38.14
78.063,0.000,0.000,61.52,38.10
78.086,0.000,0.000,62.15,38.32
78.087,0.000,0.000,62.15,38.48
78.092,0.000,0.000,62.74,38.63
78.094,0.000,0.000,62.74,38.73
78.099,0.000,0.000,62.74,38.81
78.100,0.000,0.000,62.74,38.86
78.102,0.000,0.000,63.29,38.96
78.103,0.000,0.000,63.29,39.04
78.104,0.000,0.000,63.29,39.09
78.108,0.000,0.000,63.29,39.12
78.130,0.000,0.000,63.88,39.52
78.131,0.000,0.000,63.88,39.80
78.132,0.000,0.000,63.88,39.99
78.133,0.000,0.000,63.88,40.13
78.135,0.000,0.000,64.40,40.39
78.137,0.000,0.000,64.40,40.58
78.137,0.000,0.000,64.40,40.71
78.138,0.000,0.000,64.40,40.80
78.150,0.000,0.000,64.89,40.86
78.151,0.000,0.000,64.89,40.90
78.152,0.000,0.000,64.89,40.92
78.153,0.000,0.000,64.89,40.94
78.197,0.000,0.000,65.50,41.12
78.199,0.000,0.000,65.50,41.24
78.200,0.000,0.000,66.09,41.28
78.201,0.000,0.000,66.09,41.30
78.204,0.000,0.000,66.09,41.32
78.208,0.000,0.000,66.09,41.33
78.209,0.000,0.000,66.50,41.50
78.212,0.000,0.000,66.50,41.61
78.226,0.000,0.000,66.71,41.92
78.230,0.000,0.000,66.71,42.14
78.240,0.000,0.000,66.71,42.29
78.241,0.000,0.000,66.71,42.40
78.249,0.000,0.000,66.81,42.79
78.250,0.000,0.000,66.81,43.07
78.250,0.000,0.000,66.81,43.26
78.251,0.000,0.000,66.81,43.40
78.255,0.000,0.000,66.81,44.00
78.257,0.000,0.000,66.81,44.42
78.281,0.000,0.000,66.68,45.44
78.282,0.000,0.000,66.68,46.15
78.283,0.000,0.000,66.46,47.28
78.284,0.000,0.000,66.46,48.06
78.287,0.000,0.000,66.46,48.61
78.288,0.000,0.000,66.46,49.00
78.296,0.000,0.000,66.13,49.88
78.298,0.000,0.000,66.13,50.50
78.298,0.000,0.000,66.13,50.93
78.299,0.000,0.000,66.13,51.23
78.310,0.000,0.000,65.66,52.09
78.311,0.000,0.000,65.66,52.69
78.322,0.000,0.000,65.66,53.11
78.323,0.000,0.000,65.66,53.41
78.342,0.000,0.000,64.92,54.52
78.346,0.000,0.000,64.92,55.30
78.347,0.000,0.000,64.92,55.85
78.348,0.000,0.000,64.92,56.23
78.351,0.000,0.000,63.84,57.67
78.352,0.000,0.000,63.84,58.67
78.353,0.000,0.000,63.84,59.38
78.354,0.000,0.000,63.84,59.87
78.359,0.000,0.000,62.48,61.85
78.363,0.000,0.000,62.48,63.24
78.364,0.000,0.000,62.48,64.21
78.365,0.000,0.000,62.48,64.90
78.389,0.000,0.000,60.93,66.84
78.390,0.000,0.000,60.93,68.20
78.395,0.000,0.000,59.24,71.41
78.396,0.000,0.000,59.24,73.66
78.409,0.000,0.000,57.59,77.38
78.413,0.000,0.000,57.59,79.99
78.415,0.000,0.000,57.59,81.81
78.416,0.000,0.000,57.59,83.09
78.441,0.000,0.000,55.92,84.41
78.442,0.000,0.000,55.92,85.33
78.447,0.000,0.000,54.27,87.59
78.448,0.000,0.000,54.27,89.18
78.454,0.000,0.000,52.82,90.73
78.457,0.000,0.000,52.82,91.81
78.459,0.000,0.000,52.82,92.57
78.463,0.000,0.000,52.82,93.11
78.486,0.000,0.000,51.86,91.37
78.487,0.000,0.000,51.86,90.16
78.494,0.000,0.000,51.17,87.44
78.498,0.000,0.000,51.17,85.54
78.502,0.000,0.000,50.49,83.25
78.503,0.000,0.000,50.49,81.65
78.506,0.000,0.000,50.49,80.53
78.508,0.000,0.000,50.49,79.75
78.531,0.000,0.000,49.76,76.62
78.532,0.000,0.000,49.76,74.43
78.535,0.000,0.000,48.97,71.83
78.536,0.000,0.000,48.97,70.01
78.550,0.000,0.000,48.07,69.08
78.551,0.000,0.000,48.07,68.43
78.552,0.000,0.000,48.07,67.98
78.553,0.000,0.000,48.07,67.66
78.581,0.000,0.000,47.13,67.46
78.582,0.000,0.000,47.13,67.33
78.583,0.000,0.000,47.13,67.23
78.584,0.000,0.000,47.13,67.16
78.587,0.000,0.000,46.26,67.30
78.588,0.000,0.000,46.26,67.40
78.589,0.000,0.000,46.26,67.46
78.590,0.000,0.000,46.26,67.51
78.598,0.000,0.000,45.49,67.62
78.599,0.000,0.000,45.49,67.69
78.600,0.000,0.000,45.49,67.74
78.601,0.000,0.000,45.49,67.78
78.632,0.000,0.000,44.90,67.35
78.633,0.000,0.000,44.90,67.04
78.634,0.000,0.000,44.90,66.83
78.634,0.000,0.000,44.90,66.68
78.637,0.000,0.000,44.32,65.88
78.638,0.000,0.000,44.32,65.32
78.647,0.000,0.000,43.69,64.50
78.648,0.000,0.000,43.69,63.93
78.649,0.000,0.000,43.69,63.53
78.650,0.000,0.000,43.69,63.25
78.681,0.000,0.000,42.97,62.76
78.682,0.000,0.000,42.97,62.42
78.683,0.000,0.000,42.97,62.19
78.684,0.000,0.000,42.97,62.02
78.691,0.000,0.000,42.19,61.71
78.692,0.000,0.000,42.19,61.50
78.699,0.000,0.000,41.42,61.64
78.700,0.000,0.000,41.42,61.73
78.713,0.000,0.000,40.78,61.88
78.714,0.000,0.000,40.78,61.99
78.716,0.000,0.000,40.78,62.06
78.717,0.000,0.000,40.78,62.12
78.744,0.000,0.000,40.16,61.79
78.745,0.000,0.000,40.16,61.56
78.750,0.000,0.000,39.57,61.30
78.751,0.000,0.000,39.57,61.11
78.751,0.000,0.000,39.57,60.98
78.752,0.000,0.000,39.57,60.89
78.759,0.000,0.000,39.04,60.53
78.763,0.000,0.000,39.04,60.28
78.764,0.000,0.000,39.04,60.10
78.765,0.000,0.000,39.04,59.98
78.788,0.000,0.000,38.49,59.28
78.789,0.000,0.000,38.49,58.79
78.796,0.000,0.000,37.91,58.16
78.799,0.000,0.000,37.91,57.72
78.808,0.000,0.000,37.26,57.57
78.813,0.000,0.000,37.26,57.47
78.836,0.000,0.000,36.68,57.08
78.837,0.000,0.000,36.68,56.81
78.838,0.000,0.000,36.68,56.62
78.841,0.000,0.000,36.68,56.48
78.845,0.000,0.000,36.17,56.17
78.849,0.000,0.000,36.17,55.95
78.854,0.000,0.000,35.81,55.67
78.859,0.000,0.000,35.81,55.47
78.860,0.000,0.000,35.81,55.33
78.861,0.000,0.000,35.81,55.24
78.887,0.000,0.000,35.57,54.63
78.887,0.000,0.000,35.57,54.21
78.894,0.000,0.000,35.45,53.19
78.898,0.000,0.000,35.45,52.48
78.902,0.000,0.000,35.42,51.38
78.903,0.000,0.000,35.42,50.60
78.904,0.000,0.000,35.42,50.06
78.909,0.000,0.000,35.42,49.68
78.932,0.000,0.000,35.47,48.90
78.933,0.000,0.000,35.47,48.35
78.936,0.000,0.000,35.68,47.41
78.937,0.000,0.000,35.68,46.75
78.950,0.000,0.000,35.97,45.88
78.951,0.000,0.000,35.97,45.27
78.953,0.000,0.000,35.97,44.84
78.954,0.000,0.000,35.97,44.54
78.984,0.000,0.000,36.28,44.01
78.985,0.000,0.000,36.28,43.64
78.989,0.000,0.000,36.86,42.87
78.993,0.000,0.000,36.86,42.33
78.998,0.000,0.000,37.65,41.45
78.999,0.000,0.000,37.65,40.83
79.000,0.000,0.000,37.65,40.40
79.001,0.000,0.000,37.65,40.10
79.032,0.000,0.000,38.54,39.57
79.033,0.000,0.000,38.54,39.19
79.034,0.000,0.000,38.54,38.93
79.034,0.000,0.000,38.54,38.74
79.037,0.000,0.000,39.46,38.40
79.038,0.000,0.000,39.46,38.16
79.048,0.000,0.000,40.42,37.68
79.049,0.000,0.000,40.42,37.35
79.080,0.000,0.000,41.41,37.07
79.081,0.000,0.000,41.41,36.87
79.084,0.000,0.000,42.38,36.73
79.085,0.000,0.000,42.38,36.63
79.094,0.000,0.000,43.32,36.53
79.095,0.000,0.000,43.32,36.46
79.098,0.000,0.000,43.32,36.41
79.099,0.000,0.000,43.32,36.37
79.118,0.000,0.000,44.32,36.37
79.119,0.000,0.000,44.32,36.37
79.135,0.000,0.000,45.26,36.43
79.136,0.000,0.000,45.26,36.46
79.143,0.000,0.000,46.15,36.56
79.146,0.000,0.000,46.15,36.63
79.147,0.000,0.000,46.15,36.68
79.148,0.000,0.000,46.15,36.72
79.159,0.000,0.000,46.91,36.91
79.163,0.000,0.000,46.91,37.04
79.164,0.000,0.000,46.91,37.13
79.165,0.000,0.000,46.91,37.19
79.191,0.000,0.000,47.61,37.56
79.192,0.000,0.000,47.61,37.82
79.197,0.000,0.000,48.21,38.06
79.198,0.000,0.000,48.21,38.24
79.208,0.000,0.000,48.84,38.58
79.213,0.000,0.000,48.84,38.82
79.236,0.000,0.000,49.42,39.21
79.237,0.000,0.000,49.42,39.49
79.241,0.000,0.000,50.02,39.79
79.243,0.000,0.000,50.02,39.99
79.244,0.000,0.000,50.02,40.14
79.245,0.000,0.000,50.02,40.24
79.254,0.000,0.000,50.64,40.23
79.258,0.000,0.000,50.64,40.23
79.259,0.000,0.000,50.64,40.23
79.263,0.000,0.000,50.64,40.22
79.288,0.000,0.000,51.30,40.31
79.289,0.000,0.000,51.30,40.37
79.293,0.000,0.000,51.30,40.42
79.294,0.000,0.000,51.30,40.45
79.298,0.000,0.000,51.99,40.49
79.299,0.000,0.000,51.99,40.52
79.302,0.000,0.000,52.60,40.47
79.303,0.000,0.000,52.60,40.43
79.304,0.000,0.000,52.60,40.40
79.306,0.000,0.000,52.60,40.38
79.332,0.000,0.000,53.33,40.35
79.333,0.000,0.000,53.33,40.33
79.336,0.000,0.000,54.19,40.07
79.337,0.000,0.000,54.19,39.89
79.337,0.000,0.000,54.19,39.77
79.339,0.000,0.000,54.19,39.68
79.350,0.000,0.000,55.06,39.53
79.351,0.000,0.000,55.06,39.42
79.352,0.000,0.000,55.06,39.34
79.353,0.000,0.000,55.06,39.29
79.381,0.000,0.000,55.90,39.10
79.382,0.000,0.000,55.90,38.97
79.383,0.000,0.000,55.90,38.88
79.385,0.000,0.000,55.90,38.82
79.387,0.000,0.000,56.73,38.68
79.388,0.000,0.000,56.73,38.58
79.389,0.000,0.000,56.73,38.51
79.393,0.000,0.000,56.73,38.46
79.400,0.000,0.000,57.53,38.36
79.400,0.000,0.000,57.53,38.29
79.401,0.000,0.000,57.53,38.24
79.402,0.000,0.000,57.53,38.20
79.430,0.000,0.000,58.29,38.33
79.431,0.000,0.000,58.29,38.43
79.434,0.000,0.000,59.03,38.50
79.435,0.000,0.000,59.03,38.55
79.435,0.000,0.000,59.03,38.59
79.436,0.000,0.000,59.03,38.62
79.448,0.000,0.000,59.86,38.67
79.449,0.000,0.000,59.86,38.71
79.450,0.000,0.000,59.86,38.73
79.451,0.000,0.000,59.86,38.75
79.480,0.000,0.000,60.72,38.76
79.481,0.000,0.000,60.72,38.76
79.486,0.000,0.000,61.65,38.66
79.487,0.000,0.000,61.65,38.60
79.488,0.000,0.000,61.65,38.55
79.489,0.000,0.000,61.65,38.51
79.497,0.000,0.000,62.60,38.39
79.498,0.000,0.000,62.60,38.30
79.529,0.000,0.000,63.53,38.33
79.530,0.000,0.000,63.53,38.35
79.533,0.000,0.000,64.31,38.00
79.534,0.000,0.000,64.31,37.76
79.535,0.000,0.000,64.31,37.59
79.536,0.000,0.000,64.31,37.47
79.547,0.000,0.000,64.96,37.52
79.548,0.000,0.000,64.96,37.55
79.559,0.000,0.000,65.58,37.73
79.562,0.000,0.000,65.58,37.86
79.564,0.000,0.000,65.58,37.94
79.566,0.000,0.000,65.58,38.01
79.590,0.000,0.000,66.14,38.30
79.591,0.000,0.000,66.14,38.50
79.597,0.000,0.000,66.64,38.75
79.598,0.000,0.000,66.64,38.93
79.609,0.000,0.000,67.27,39.54
79.613,0.000,0.000,67.27,39.97
79.640,0.000,0.000,67.98,40.28
79.641,0.000,0.000,67.98,40.50
79.649,0.000,0.000,68.57,40.59
79.650,0.000,0.000,68.57,40.65
79.651,0.000,0.000,68.57,40.69
79.651,0.000,0.000,68.57,40.72
79.654,0.000,0.000,68.90,40.85
79.656,0.000,0.000,68.90,40.95
79.657,0.000,0.000,68.90,41.01
79.664,0.000,0.000,68.90,41.05
79.691,0.000,0.000,68.90,41.46
79.693,0.000,0.000,68.90,41.75
79.694,0.000,0.000,68.90,41.95
79.696,0.000,0.000,68.90,42.09
79.698,0.000,0.000,68.76,42.91
79.701,0.000,0.000,68.76,43.48
79.702,0.000,0.000,68.76,43.88
79.703,0.000,0.000,68.76,44.16
79.704,0.000,0.000,68.83,44.83
79.705,0.000,0.000,68.83,45.30
79.713,0.000,0.000,68.83,45.63
79.714,0.000,0.000,68.83,45.86
79.742,0.000,0.000,69.15,46.44
79.743,0.000,0.000,69.15,46.85
79.747,0.000,0.000,69.15,47.13
79.748,0.000,0.000,69.15,47.33
79.749,0.000,0.000,69.56,47.40
79.750,0.000,0.000,69.56,47.46
79.752,0.000,0.000,69.56,47.49
79.753,0.000,0.000,69.56,47.52
79.756,0.000,0.000,69.96,47.16
79.763,0.000,0.000,69.96,46.91
79.786,0.000,0.000,70.21,46.37
79.786,0.000,0.000,70.21,45.99
79.788,0.000,0.000,70.43,45.60
79.792,0.000,0.000,70.43,45.32
79.799,0.000,0.000,70.76,45.11
79.800,0.000,0.000,70.76,44.97
79.801,0.000,0.000,70.76,44.87
79.802,0.000,0.000,70.76,44.80
79.830,0.000,0.000,71.14,44.78
79.831,0.000,0.000,71.14,44.77
79.834,0.000,0.000,71.45,44.82
79.835,0.000,0.000,71.45,44.85
79.836,0.000,0.000,71.45,44.88
79.837,0.000,0.000,71.45,44.90
79.847,0.000,0.000,71.66,44.95
79.848,0.000,0.000,71.66,44.99
79.880,0.000,0.000,71.70,45.18
79.881,0.000,0.000,71.70,45.31
79.882,0.000,0.000,71.70,45.40
79.883,0.000,0.000,71.70,45.47
79.889,0.000,0.000,71.48,46.04
79.890,0.000,0.000,71.48,46.44
79.896,0.000,0.000,71.48,46.72
79.897,0.000,0.000,71.48,46.92
79.900,0.000,0.000,70.98,47.95
79.901,0.000,0.000,70.98,48.67
79.902,0.000,0.000,70.98,49.17
79.903,0.000,0.000,70.98,49.53
79.919,0.000,0.000,70.23,50.91
79.919,0.000,0.000,70.23,51.88
79.936,0.000,0.000,70.23,52.56
79.937,0.000,0.000,70.23,53.03
79.940,0.000,0.000,69.12,55.05
79.942,0.000,0.000,69.12,56.47
79.947,0.000,0.000,67.48,59.87
79.947,0.000,0.000,67.48,62.24
79.948,0.000,0.000,67.48,63.91
79.949,0.000,0.000,67.48,65.07
79.958,0.000,0.000,65.43,69.00
79.963,0.000,0.000,65.43,71.75
79.964,0.000,0.000,65.43,73.67
79.965,0.000,0.000,65.43,75.02
79.988,0.000,0.000,63.64,77.53
79.989,0.000,0.000,63.64,79.28
79.998,0.000,0.000,62.38,81.45
79.999,0.000,0.000,62.38,82.97
80.008,0.000,0.000,61.34,84.80
80.013,0.000,0.000,61.34,86.08
80.014,0.000,0.000,61.34,86.97
80.015,0.000,0.000,61.34,87.60
80.036,0.000,0.000,60.32,86.53
80.037,0.000,0.000,60.32,85.78
80.043,0.000,0.000,59.23,83.57
80.045,0.000,0.000,59.23,82.02
80.058,0.000,0.000,57.99,80.73
80.062,0.000,0.000,57.99,79.83
80.085,0.000,0.000,56.57,79.31
80.086,0.000,0.000,56.57,78.95
80.089,0.000,0.000,55.14,78.42
80.092,0.000,0.000,55.14,78.04
80.102,0.000,0.000,53.77,79.28
80.103,0.000,0.000,53.77,80.14
80.104,0.000,0.000,53.77,80.75
80.108,0.000,0.000,53.77,81.17
80.136,0.000,0.000,52.64,81.33
80.137,0.000,0.000,52.64,81.45
80.138,0.000,0.000,52.64,81.52
80.139,0.000,0.000,52.64,81.58
80.142,0.000,0.000,51.62,81.07
80.148,0.000,0.000,51.62,80.71
80.150,0.000,0.000,50.57,80.08
80.151,0.000,0.000,50.57,79.65
80.182,0.000,0.000,49.58,78.36
80.183,0.000,0.000,49.58,77.46
80.187,0.000,0.000,48.64,76.03
80.188,0.000,0.000,48.64,75.03
80.189,0.000,0.000,48.64,74.34
80.190,0.000,0.000,48.64,73.85
80.199,0.000,0.000,47.90,72.88
80.200,0.000,0.000,47.90,72.20
80.232,0.000,0.000,47.32,70.83
80.233,0.000,0.000,47.32,69.88
80.236,0.000,0.000,46.69,68.90
80.237,0.000,0.000,46.69,68.21
80.246,0.000,0.000,46.00,67.71
80.247,0.000,0.000,46.00,67.36
80.248,0.000,0.000,46.00,67.12
80.249,0.000,0.000,46.00,66.95
80.281,0.000,0.000,45.27,65.85
80.282,0.000,0.000,45.27,65.09
80.285,0.000,0.000,44.55,64.41
80.286,0.000,0.000,44.55,63.94
80.297,0.000,0.000,43.90,64.09
80.298,0.000,0.000,43.90,64.19
80.299,0.000,0.000,43.90,64.26
80.299,0.000,0.000,43.90,64.31
80.310,0.000,0.000,43.19,64.08
80.314,0.000,0.000,43.19,63.91
80.315,0.000,0.000,43.19,63.80
80.316,0.000,0.000,43.19,63.72
80.346,0.000,0.000,42.46,63.23
80.347,0.000,0.000,42.46,62.89
80.350,0.000,0.000,41.71,62.82
80.351,0.000,0.000,41.71,62.78
80.358,0.000,0.000,41.01,62.82
80.359,0.000,0.000,41.01,62.85
80.364,0.000,0.000,41.01,62.88
80.365,0.000,0.000,41.01,62.89
80.388,0.000,0.000,40.40,62.33
80.391,0.000,0.000,40.40,61.94
80.396,0.000,0.000,39.81,61.48
80.397,0.000,0.000,39.81,61.15
80.408,0.000,0.000,39.14,61.04
80.413,0.000,0.000,39.14,60.97
80.414,0.000,0.000,39.14,60.91
80.415,0.000,0.000,39.14,60.88
80.436,0.000,0.000,38.35,60.45
80.437,0.000,0.000,38.35,60.16
80.443,0.000,0.000,37.58,59.83
80.444,0.000,0.000,37.58,59.61
80.455,0.000,0.000,36.96,59.60
80.458,0.000,0.000,36.96,59.60
80.460,0.000,0.000,36.96,59.60
80.463,0.000,0.000,36.96,59.60
80.487,0.000,0.000,36.53,59.16
80.488,0.000,0.000,36.53,58.85
80.495,0.000,0.000,36.20,57.97
80.498,0.000,0.000,36.20,57.36
80.501,0.000,0.000,35.88,56.50
80.502,0.000,0.000,35.88,55.89
80.503,0.000,0.000,35.88,55.47
80.504,0.000,0.000,35.88,55.18
80.509,0.000,0.000,35.88,54.97
80.510,0.000,0.000,35.88,54.82
80.535,0.000,0.000,35.61,53.93
80.536,0.000,0.000,35.61,53.30
80.542,0.000,0.000,35.41,52.25
80.543,0.000,0.000,35.41,51.51
80.550,0.000,0.000,35.33,50.63
80.551,0.000,0.000,35.33,50.01
80.552,0.000,0.000,35.33,49.58
80.553,0.000,0.000,35.33,49.28
80.581,0.000,0.000,35.33,48.73
80.582,0.000,0.000,35.33,48.35
80.585,0.000,0.000,35.36,47.70
80.586,0.000,0.000,35.36,47.24
80.600,0.000,0.000,35.40,46.65
80.601,0.000,0.000,35.40,46.24
80.634,0.000,0.000,35.47,45.71
80.635,0.000,0.000,35.47,45.34
80.635,0.000,0.000,35.47,45.08
80.636,0.000,0.000,35.47,44.89
80.648,0.000,0.000,35.57,44.62
80.649,0.000,0.000,35.57,44.43
80.652,0.000,0.000,35.70,44.20
80.653,0.000,0.000,35.70,44.04
80.680,0.000,0.000,35.99,43.81
80.681,0.000,0.000,35.99,43.65
80.684,0.000,0.000,36.47,43.11
80.685,0.000,0.000,36.47,42.74
80.696,0.000,0.000,37.07,42.07
80.697,0.000,0.000,37.07,41.60
80.698,0.000,0.000,37.07,41.27
80.699,0.000,0.000,37.07,41.04
80.713,0.000,0.000,37.70,40.55
80.714,0.000,0.000,37.70,40.20
80.716,0.000,0.000,37.70,39.96
80.717,0.000,0.000,37.70,39.79
80.740,0.000,0.000,38.32,39.46
80.741,0.000,0.000,38.32,39.23
80.747,0.000,0.000,38.98,38.84
80.749,0.000,0.000,38.98,38.58
80.758,0.000,0.000,39.75,38.35
80.760,0.000,0.000,39.75,38.19
80.763,0.000,0.000,39.75,38.07
80.764,0.000,0.000,39.75,38.00
80.790,0.000,0.000,40.55,38.09
80.792,0.000,0.000,40.55,38.16
80.795,0.000,0.000,41.32,38.03
80.799,0.000,0.000,41.32,37.94
80.800,0.000,0.000,41.32,37.88
80.801,0.000,0.000,41.32,37.84
80.806,0.000,0.000,42.06,37.78
80.813,0.000,0.000,42.06,37.74
80.814,0.000,0.000,42.06,37.71
80.815,0.000,0.000,42.06,37.69
80.847,0.000,0.000,42.83,37.81
80.848,0.000,0.000,42.83,37.90
80.851,0.000,0.000,43.47,37.94
80.852,0.000,0.000,43.47,37.97
80.854,0.000,0.000,44.01,38.07
80.857,0.000,0.000,44.01,38.14
80.859,0.000,0.000,44.01,38.18
80.863,0.000,0.000,44.01,38.22
80.886,0.000,0.000,44.53,38.68
80.887,0.000,0.000,44.53,39.00
80.893,0.000,0.000,45.07,39.30
80.896,0.000,0.000,45.07,39.52
80.897,0.000,0.000,45.07,39.67
80.898,0.000,0.000,45.07,39.78
80.902,0.000,0.000,45.70,39.84
80.903,0.000,0.000,45.70,39.89
80.906,0.000,0.000,45.70,39.92
80.908,0.000,0.000,45.70,39.94
80.931,0.000,0.000,46.38,40.18
80.932,0.000,0.000,46.38,40.34
80.933,0.000,0.000,46.38,40.46
80.934,0.000,0.000,46.38,40.54
80.937,0.000,0.000,47.21,40.47
80.938,0.000,0.000,47.21,40.42
80.951,0.000,0.000,48.08,40.08
80.952,0.000,0.000,48.08,39.85
80.962,0.000,0.000,48.08,39.68
80.963,0.000,0.000,48.08,39.57
80.976,0.000,0.000,49.05,39.28
80.980,0.000,0.000,49.05,39.09
80.993,0.000,0.000,49.05,38.95
80.997,0.000,0.000,49.05,38.85
81.002,0.000,0.000,50.16,38.51
81.003,0.000,0.000,50.16,38.27
81.004,0.000,0.000,50.16,38.10
81.006,0.000,0.000,50.16,37.99
81.009,0.000,0.000,51.35,37.65
81.013,0.000,0.000,51.35,37.41
81.016,0.000,0.000,51.35,37.24
81.017,0.000,0.000,51.35,37.12
81.018,0.000,0.000,52.48,36.88
81.019,0.000,0.000,52.48,36.71
81.021,0.000,0.000,52.48,36.59
81.025,0.000,0.000,52.48,36.51
81.049,0.000,0.000,53.49,36.39
81.050,0.000,0.000,53.49,36.32
81.051,0.000,0.000,53.49,36.26
81.052,0.000,0.000,53.49,36.22
81.053,0.000,0.000,54.41,36.25
81.054,0.000,0.000,54.41,36.26
81.059,0.000,0.000,54.41,36.27
81.064,0.000,0.000,54.41,36.28
81.066,0.000,0.000,55.25,36.42
81.067,0.000,0.000,55.25,36.52
81.068,0.000,0.000,55.25,36.58
81.069,0.000,0.000,55.25,36.63
81.098,0.000,0.000,56.07,36.87
81.099,0.000,0.000,56.07,37.04
81.102,0.000,0.000,56.99,37.23
81.103,0.000,0.000,56.99,37.37
81.104,0.000,0.000,56.99,37.46
81.105,0.000,0.000,56.99,37.53
81.113,0.000,0.000,57.98,37.59
81.114,0.000,0.000,57.98,37.64
81.115,0.000,0.000,57.98,37.67
81.116,0.000,0.000,57.98,37.69
81.141,0.000,0.000,58.92,37.71
81.142,0.000,0.000,58.92,37.73
81.147,0.000,0.000,59.79,37.73
81.148,0.000,0.000,59.79,37.73
81.162,0.000,0.000,60.59,37.68
81.164,0.000,0.000,60.59,37.64
81.165,0.000,0.000,60.59,37.61
81.165,0.000,0.000,60.59,37.59
81.192,0.000,0.000,61.45,37.75
81.197,0.000,0.000,61.45,37.86
81.200,0.000,0.000,62.45,37.85
81.201,0.000,0.000,62.45,37.84
81.206,0.000,0.000,63.74,37.54
81.207,0.000,0.000,63.74,37.32
81.213,0.000,0.000,63.74,37.17
81.215,0.000,0.000,63.74,37.07
81.239,0.000,0.000,65.29,36.81
81.240,0.000,0.000,65.29,36.64
81.247,0.000,0.000,66.91,36.03
81.248,0.000,0.000,66.91,35.61
81.253,0.000,0.000,68.33,35.07
81.254,0.000,0.000,68.33,34.70
81.259,0.000,0.000,68.33,34.43
81.263,0.000,0.000,68.33,34.25
81.264,0.000,0.000,68.33,34.12
81.265,0.000,0.000,68.33,34.03
81.290,0.000,0.000,69.34,34.00
81.291,0.000,0.000,69.34,33.98
81.292,0.000,0.000,69.34,33.97
81.293,0.000,0.000,69.34,33.95
81.295,0.000,0.000,70.02,34.19
81.302,0.000,0.000,70.02,34.35
81.304,0.000,0.000,70.50,34.76
81.305,0.000,0.000,70.50,35.05
81.335,0.000,0.000,71.04,36.01
81.336,0.000,0.000,71.04,36.69
81.339,0.000,0.000,71.86,37.64
81.340,0.000,0.000,71.86,38.30
81.350,0.000,0.000,72.83,38.74
81.351,0.000,0.000,72.83,39.05
81.352,0.000,0.000,72.83,39.26
81.353,0.000,0.000,72.83,39.41
81.381,0.000,0.000,73.77,39.38
81.382,0.000,0.000,73.77,39.36
81.385,0.000,0.000,74.63,38.98
81.386,0.000,0.000,74.63,38.71
81.387,0.000,0.000,74.63,38.52
81.388,0.000,0.000,74.63,38.39
81.398,0.000,0.000,75.30,38.27
81.399,0.000,0.000,75.30,38.19
81.400,0.000,0.000,75.30,38.13
81.401,0.000,0.000,75.30,38.09
81.434,0.000,0.000,75.77,38.31
81.435,0.000,0.000,75.77,38.46
81.438,0.000,0.000,76.20,38.93
81.439,0.000,0.000,76.20,39.25
81.447,0.000,0.000,76.87,39.53
81.448,0.000,0.000,76.87,39.73
81.476,0.000,0.000,77.82,39.90
81.477,0.000,0.000,77.82,40.01
81.485,0.000,0.000,77.82,40.10
81.486,0.000,0.000,77.82,40.15
81.490,0.000,0.000,78.84,40.09
81.492,0.000,0.000,78.84,40.04
81.497,0.000,0.000,79.86,39.34
81.498,0.000,0.000,79.86,38.86
81.500,0.000,0.000,79.86,38.52
81.500,0.000,0.000,79.86,38.28
81.510,0.000,0.000,80.72,37.93
81.514,0.000,0.000,80.72,37.68
81.515,0.000,0.000,80.72,37.50
81.516,0.000,0.000,80.72,37.38
81.540,0.000,0.000,81.22,37.47
81.541,0.000,0.000,81.22,37.54
81.546,0.000,0.000,81.46,38.04
81.548,0.000,0.000,81.46,38.38
81.558,0.000,0.000,81.68,38.98
81.559,0.000,0.000,81.68,39.40
81.564,0.000,0.000,81.68,39.70
81.565,0.000,0.000,81.68,39.91
81.589,0.000,0.000,82.16,40.83
81.592,0.000,0.000,82.16,41.47
81.596,0.000,0.000,82.82,41.98
81.597,0.000,0.000,82.82,42.34
81.598,0.000,0.000,82.82,42.59
81.599,0.000,0.000,82.82,42.76
81.607,0.000,0.000,83.36,42.78
81.608,0.000,0.000,83.36,42.79
81.613,0.000,0.000,83.36,42.80
81.616,0.000,0.000,83.36,42.81
81.638,0.000,0.000,83.54,42.87
81.639,0.000,0.000,83.54,42.91
81.647,0.000,0.000,83.54,42.94
81.648,0.000,0.000,83.54,42.96
81.651,0.000,0.000,83.35,43.35
81.652,0.000,0.000,83.35,43.63
81.653,0.000,0.000,83.35,43.82
81.654,0.000,0.000,83.35,43.96
81.657,0.000,0.000,83.35,44.05
81.658,0.000,0.000,83.35,44.12
81.663,0.000,0.000,82.81,45.03
81.664,0.000,0.000,82.81,45.66
81.665,0.000,0.000,82.81,46.10
81.666,0.000,0.000,82.81,46.41
81.691,0.000,0.000,82.19,48.09
81.692,0.000,0.000,82.19,49.26
81.693,0.000,0.000,82.19,50.08
81.694,0.000,0.000,82.19,50.66
81.699,0.000,0.000,81.81,52.12
81.700,0.000,0.000,81.81,53.15
81.703,0.000,0.000,81.54,54.44
81.704,0.000,0.000,81.54,55.35
81.705,0.000,0.000,81.54,55.98
81.709,0.000,0.000,81.54,56.43
81.733,0.000,0.000,81.10,57.00
81.733,0.000,0.000,81.10,57.40
81.737,0.000,0.000,80.10,58.17
81.738,0.000,0.000,80.10,58.70
81.754,0.000,0.000,78.57,60.94
81.759,0.000,0.000,78.57,62.50
81.763,0.000,0.000,78.57,63.59
81.764,0.000,0.000,78.57,64.36
81.780,0.000,0.000,76.66,67.11
81.781,0.000,0.000,76.66,69.03
81.798,0.000,0.000,76.66,70.38
81.799,0.000,0.000,76.66,71.32
81.800,0.000,0.000,74.79,74.82
81.800,0.000,0.000,74.79,77.26
81.801,0.000,0.000,74.79,78.98
81.802,0.000,0.000,74.79,80.18
81.805,0.000,0.000,73.37,82.87
81.806,0.000,0.000,73.37,84.76
81.813,0.000,0.000,73.37,86.08
81.814,0.000,0.000,73.37,87.00
81.816,0.000,0.000,72.32,87.85
81.817,0.000,0.000,72.32,88.44
81.847,0.000,0.000,71.40,86.79
81.849,0.000,0.000,71.40,85.63
81.852,0.000,0.000,70.52,83.52
81.853,0.000,0.000,70.52,82.05
81.854,0.000,0.000,70.52,81.01
81.854,0.000,0.000,70.52,80.29
81.871,0.000,0.000,69.43,78.33
81.872,0.000,0.000,69.43,76.96
81.881,0.000,0.000,69.43,76.00
81.882,0.000,0.000,69.43,75.32
81.896,0.000,0.000,68.02,74.85
81.897,0.000,0.000,68.02,74.51
81.898,0.000,0.000,68.02,74.28
81.899,0.000,0.000,68.02,74.11
81.902,0.000,0.000,66.31,75.23
81.903,0.000,0.000,66.31,76.01
81.904,0.000,0.000,66.31,76.56
81.909,0.000,0.000,66.31,76.94
81.913,0.000,0.000,64.46,78.83
81.914,0.000,0.000,64.46,80.15
81.926,0.000,0.000,64.46,81.08
81.930,0.000,0.000,64.46,81.73
81.943,0.000,0.000,63.23,82.55
81.947,0.000,0.000,63.23,83.13
81.948,0.000,0.000,63.23,83.53
81.949,0.000,0.000,63.23,83.82
81.952,0.000,0.000,62.22,83.90
81.953,0.000,0.000,62.22,83.96
81.955,0.000,0.000,62.22,84.00
81.959,0.000,0.000,62.22,84.03
81.963,0.000,0.000,61.15,83.48
81.964,0.000,0.000,61.15,83.09
81.965,0.000,0.000,61.15,82.82
81.966,0.000,0.000,61.15,82.63
81.990,0.000,0.000,59.94,81.21
81.991,0.000,0.000,59.94,80.21
81.997,0.000,0.000,58.51,79.59
81.998,0.000,0.000,58.51,79.15
82.000,0.000,0.000,58.51,78.85
82.000,0.000,0.000,58.51,78.64
82.007,0.000,0.000,56.71,79.34
82.008,0.000,0.000,56.71,79.83
82.013,0.000,0.000,56.71,80.17
82.014,0.000,0.000,56.71,80.42
82.037,0.000,0.000,54.62,81.88
82.039,0.000,0.000,54.62,82.91
82.046,0.000,0.000,52.66,85.50
82.047,0.000,0.000,52.66,87.32
82.056,0.000,0.000,51.45,89.48
82.058,0.000,0.000,51.45,90.99
82.063,0.000,0.000,51.45,92.05
82.064,0.000,0.000,51.45,92.79
82.086,0.000,0.000,50.52,91.64
82.087,0.000,0.000,50.52,90.84
82.089,0.000,0.000,50.52,90.27
82.092,0.000,0.000,50.52,89.88
82.098,0.000,0.000,49.64,87.91
82.099,0.000,0.000,49.64,86.54
82.102,0.000,0.000,48.75,84.06
82.103,0.000,0.000,48.75,82.33
82.130,0.000,0.000,47.72,79.39
82.131,0.000,0.000,47.72,77.33
82.134,0.000,0.000,46.42,75.56
82.135,0.000,0.000,46.42,74.32
82.136,0.000,0.000,46.42,73.46
82.137,0.000,0.000,46.42,72.85
82.153,0.000,0.000,45.12,72.98
82.154,0.000,0.000,45.12,73.06
82.158,0.000,0.000,45.12,73.13
82.159,0.000,0.000,45.12,73.17
82.184,0.000,0.000,44.29,73.05
82.185,0.000,0.000,44.29,72.97
82.186,0.000,0.000,44.29,72.92
82.187,0.000,0.000,44.29,72.88
82.199,0.000,0.000,43.69,72.24
82.200,0.000,0.000,43.69,71.79
82.201,0.000,0.000,43.14,70.72
82.202,0.000,0.000,43.14,69.98
82.203,0.000,0.000,43.14,69.45
82.204,0.000,0.000,43.14,69.09
82.236,0.000,0.000,42.53,67.71
82.237,0.000,0.000,42.53,66.75
82.238,0.000,0.000,42.53,66.07
82.239,0.000,0.000,42.53,65.60
82.247,0.000,0.000,41.83,64.17
82.248,0.000,0.000,41.83,63.17
82.249,0.000,0.000,41.06,62.31
82.250,0.000,0.000,41.06,61.70
82.269,0.000,0.000,40.20,61.64
82.270,0.000,0.000,40.20,61.60
82.287,0.000,0.000,40.20,61.57
82.289,0.000,0.000,40.20,61.55
82.292,0.000,0.000,39.31,61.75
82.296,0.000,0.000,39.31,61.88
82.297,0.000,0.000,39.31,61.98
82.299,0.000,0.000,39.31,62.05
82.301,0.000,0.000,38.60,62.12
82.302,0.000,0.000,38.60,62.17
82.303,0.000,0.000,38.60,62.21
82.304,0.000,0.000,38.60,62.23
82.321,0.000,0.000,37.90,62.16
82.324,0.000,0.000,37.90,62.10
82.325,0.000,0.000,37.90,62.07
82.330,0.000,0.000,37.90,62.04
82.332,0.000,0.000,37.18,61.75
82.333,0.000,0.000,37.18,61.54
82.334,0.000,0.000,37.18,61.40
82.335,0.000,0.000,37.18,61.30
82.357,0.000,0.000,36.54,60.55
82.358,0.000,0.000,36.54,60.02
82.363,0.000,0.000,36.05,59.07
82.364,0.000,0.000,36.05,58.41
82.385,0.000,0.000,35.75,57.39
82.386,0.000,0.000,35.75,56.67
82.387,0.000,0.000,35.75,56.17
82.388,0.000,0.000,35.75,55.81
82.394,0.000,0.000,35.60,54.86
82.395,0.000,0.000,35.60,54.19
82.409,0.000,0.000,35.59,52.94
82.414,0.000,0.000,35.59,52.07
82.416,0.000,0.000,35.59,51.46
82.417,0.000,0.000,35.59,51.03
82.439,0.000,0.000,35.75,50.03
82.440,0.000,0.000,35.75,49.33
82.441,0.000,0.000,35.75,48.84
82.442,0.000,0.000,35.75,48.50
82.449,0.000,0.000,36.16,47.43
82.450,0.000,0.000,36.16,46.68
82.454,0.000,0.000,36.79,45.36
82.457,0.000,0.000,36.79,44.44
82.459,0.000,0.000,36.79,43.79
82.463,0.000,0.000,36.79,43.34
82.485,0.000,0.000,37.44,42.57
82.486,0.000,0.000,37.44,42.03
82.489,0.000,0.000,38.08,41.20
82.492,0.000,0.000,38.08,40.62
82.494,0.000,0.000,38.08,40.22
82.495,0.000,0.000,38.08,39.93
82.502,0.000,0.000,38.76,39.41
82.503,0.000,0.000,38.76,39.05
82.504,0.000,0.000,38.76,38.79
82.507,0.000,0.000,38.76,38.62
82.531,0.000,0.000,39.43,38.44
82.532,0.000,0.000,39.43,38.31
82.535,0.000,0.000,40.20,38.25
82.536,0.000,0.000,40.20,38.20
82.551,0.000,0.000,41.15,37.99
82.552,0.000,0.000,41.15,37.84
82.553,0.000,0.000,41.15,37.73
82.554,0.000,0.000,41.15,37.66
82.580,0.000,0.000,42.16,37.61
82.581,0.000,0.000,42.16,37.57
82.584,0.000,0.000,43.10,37.51
82.585,0.000,0.000,43.10,37.47
82.598,0.000,0.000,44.02,37.22
82.599,0.000,0.000,44.02,37.05
82.600,0.000,0.000,44.02,36.93
82.601,0.000,0.000,44.02,36.84
82.626,0.000,0.000,44.94,36.83
82.627,0.000,0.000,44.94,36.83
82.641,0.000,0.000,45.91,36.88
82.642,0.000,0.000,45.91,36.92
82.648,0.000,0.000,46.91,36.86
82.649,0.000,0.000,46.91,36.82
82.682,0.000,0.000,47.91,36.88
82.683,0.000,0.000,47.91,36.93
82.686,0.000,0.000,48.84,37.11
82.687,0.000,0.000,48.84,37.23
82.696,0.000,0.000,49.60,37.26
82.697,0.000,0.000,49.60,37.27
82.713,0.000,0.000,50.35,37.39
82.714,0.000,0.000,50.35,37.47
82.738,0.000,0.000,51.21,37.64
82.740,0.000,0.000,51.21,37.76
82.742,0.000,0.000,51.21,37.85
82.747,0.000,0.000,51.21,37.91
82.750,0.000,0.000,51.21,37.95
82.751,0.000,0.000,51.21,37.98
82.752,0.000,0.000,51.21,38.00
82.753,0.000,0.000,51.21,38.01
82.758,0.000,0.000,52.96,37.99
82.759,0.000,0.000,52.96,37.98
82.764,0.000,0.000,52.96,37.97
82.765,0.000,0.000,52.96,37.96
82.789,0.000,0.000,53.69,38.12
82.790,0.000,0.000,53.69,38.23
82.798,0.000,0.000,54.30,38.46
82.799,0.000,0.000,54.30,38.62
82.808,0.000,0.000,54.92,38.79
82.810,0.000,0.000,54.92,38.91
82.813,0.000,0.000,54.92,38.99
82.814,0.000,0.000,54.92,39.05
82.837,0.000,0.000,55.72,39.29
82.838,0.000,0.000,55.72,39.46
82.845,0.000,0.000,56.65,39.23
82.846,0.000,0.000,56.65,39.06
82.847,0.000,0.000,56.65,38.95
82.850,0.000,0.000,56.65,38.87
82.854,0.000,0.000,57.67,38.58
82.858,0.000,0.000,57.67,38.37
82.862,0.000,0.000,57.67,38.23
82.863,0.000,0.000,57.67,38.13
82.887,0.000,0.000,58.64,37.87
82.887,0.000,0.000,58.64,37.70
82.888,0.000,0.000,58.64,37.57
82.895,0.000,0.000,58.64,37.49
82.898,0.000,0.000,59.57,37.36
82.899,0.000,0.000,59.57,37.27
82.902,0.000,0.000,60.54,37.00
82.903,0.000,0.000,60.54,36.81
82.904,0.000,0.000,60.54,36.67
82.906,0.000,0.000,60.54,36.58
82.931,0.000,0.000,61.72,36.66
82.932,0.000,0.000,61.72,36.72
82.935,0.000,0.000,62.94,36.59
82.936,0.000,0.000,62.94,36.50
82.937,0.000,0.000,62.94,36.44
82.938,0.000,0.000,62.94,36.40
82.950,0.000,0.000,63.96,36.37
82.950,0.000,0.000,63.96,36.34
82.952,0.000,0.000,63.96,36.33
82.953,0.000,0.000,63.96,36.32
82.982,0.000,0.000,64.81,36.37
82.983,0.000,0.000,64.81,36.40
82.986,0.000,0.000,65.59,36.48
82.987,0.000,0.000,65.59,36.54
82.988,0.000,0.000,65.59,36.58
82.992,0.000,0.000,65.59,36.60
82.998,0.000,0.000,66.38,36.78
82.999,0.000,0.000,66.38,36.91
83.000,0.000,0.000,66.38,36.99
83.001,0.000,0.000,66.38,37.05
83.031,0.000,0.000,67.22,37.50
83.032,0.000,0.000,67.22,37.82
83.035,0.000,0.000,68.26,37.80
83.036,0.000,0.000,68.26,37.79
83.046,0.000,0.000,69.42,37.51
83.047,0.000,0.000,69.42,37.31
83.049,0.000,0.000,69.42,37.17
83.050,0.000,0.000,69.42,37.07
83.081,0.000,0.000,70.78,36.92
83.082,0.000,0.000,70.78,36.81
83.084,0.000,0.000,72.18,36.27
83.085,0.000,0.000,72.18,35.90
83.088,0.000,0.000,72.18,35.64
83.089,0.000,0.000,72.18,35.45
83.098,0.000,0.000,73.52,35.10
83.099,0.000,0.000,73.52,34.85
83.099,0.000,0.000,73.52,34.67
83.100,0.000,0.000,73.52,34.55
83.112,0.000,0.000,74.87,34.48
83.113,0.000,0.000,74.87,34.44
83.115,0.000,0.000,74.87,34.40
83.116,0.000,0.000,74.87,34.38
83.140,0.000,0.000,76.24,34.36
83.142,0.000,0.000,76.24,34.34
83.146,0.000,0.000,77.51,34.24
83.147,0.000,0.000,77.51,34.17
83.148,0.000,0.000,77.51,34.11
83.149,0.000,0.000,77.51,34.08
83.158,0.000,0.000,78.72,34.26
83.163,0.000,0.000,78.72,34.38
83.164,0.000,0.000,78.72,34.47
83.165,0.000,0.000,78.72,34.53
83.189,0.000,0.000,79.75,34.73
83.190,0.000,0.000,79.75,34.87
83.197,0.000,0.000,80.53,35.19
83.198,0.000,0.000,80.53,35.41
83.207,0.000,0.000,80.91,35.98
83.208,0.000,0.000,80.91,36.38
83.232,0.000,0.000,80.94,37.50
83.233,0.000,0.000,80.94,38.28
83.238,0.000,0.000,80.68,39.99
83.239,0.000,0.000,80.68,41.18
83.243,0.000,0.000,80.68,42.02
83.247,0.000,0.000,80.68,42.60
83.254,0.000,0.000,80.03,44.43
83.256,0.000,0.000,80.03,45.71
83.259,0.000,0.000,80.03,46.61
83.264,0.000,0.000,80.03,47.24
83.286,0.000,0.000,78.98,49.82
83.287,0.000,0.000,78.98,51.62
83.290,0.000,0.000,78.98,52.89
83.292,0.000,0.000,78.98,53.77
83.295,0.000,0.000,77.56,56.72
83.298,0.000,0.000,77.56,58.79
83.299,0.000,0.000,77.56,60.23
83.300,0.000,0.000,77.56,61.25
83.301,0.000,0.000,75.87,64.65
83.302,0.000,0.000,75.87,67.04
83.303,0.000,0.000,75.87,68.71
83.304,0.000,0.000,75.87,69.87
83.331,0.000,0.000,73.93,73.17
83.332,0.000,0.000,73.93,75.48
83.335,0.000,0.000,71.71,80.53
83.336,0.000,0.000,71.71,84.06
83.337,0.000,0.000,71.71,86.54
83.338,0.000,0.000,71.71,88.27
83.349,0.000,0.000,69.35,91.79
83.350,0.000,0.000,69.35,94.25
83.352,0.000,0.000,69.35,95.98
83.353,0.000,0.000,69.35,97.18
83.383,0.000,0.000,66.94,98.03
83.384,0.000,0.000,66.94,98.62
83.385,0.000,0.000,66.94,99.03
83.386,0.000,0.000,66.94,99.32
83.389,0.000,0.000,65.00,99.53
83.390,0.000,0.000,65.00,99.67
83.398,0.000,0.000,63.86,99.77
83.399,0.000,0.000,63.86,99.84
83.400,0.000,0.000,63.86,99.89
83.401,0.000,0.000,63.86,99.92
83.433,0.000,0.000,62.98,97.95
83.438,0.000,0.000,62.98,96.57
83.445,0.000,0.000,62.03,92.89
83.449,0.000,0.000,62.03,90.32
83.451,0.000,0.000,60.82,86.26
83.452,0.000,0.000,60.82,83.41
83.479,0.000,0.000,59.27,81.40
83.480,0.000,0.000,59.27,79.99
83.486,0.000,0.000,59.27,79.01
83.487,0.000,0.000,59.27,78.32
83.489,0.000,0.000,57.31,78.52
83.492,0.000,0.000,57.31,78.66
83.497,0.000,0.000,55.13,82.33
83.498,0.000,0.000,55.13,84.90
83.498,0.000,0.000,55.13,86.70
83.499,0.000,0.000,55.13,87.96
83.514,0.000,0.000,52.98,91.21
83.515,0.000,0.000,52.98,93.49
83.516,0.000,0.000,52.98,95.08
83.516,0.000,0.000,52.98,96.19
83.546,0.000,0.000,51.30,97.34
83.548,0.000,0.000,51.30,98.13
83.551,0.000,0.000,50.07,98.21
83.552,0.000,0.000,50.07,98.26
83.562,0.000,0.000,49.00,97.20
83.563,0.000,0.000,49.00,96.46
83.564,0.000,0.000,49.00,95.94
83.565,0.000,0.000,49.00,95.57
83.566,0.000,0.000,49.00,95.32
83.567,0.000,0.000,49.00,95.14
83.590,0.000,0.000,47.71,91.63
83.591,0.000,0.000,47.71,89.18
83.596,0.000,0.000,46.14,86.60
83.597,0.000,0.000,46.14,84.79
83.606,0.000,0.000,44.45,84.39
83.609,0.000,0.000,44.45,84.11
83.633,0.000,0.000,42.70,83.79
83.634,0.000,0.000,42.70,83.58
83.638,0.000,0.000,40.96,84.91
83.640,0.000,0.000,40.96,85.84
83.641,0.000,0.000,40.96,86.50
83.644,0.000,0.000,40.96,86.95
83.654,0.000,0.000,39.24,88.22
83.656,0.000,0.000,39.24,89.11
83.663,0.000,0.000,39.24,89.73
83.664,0.000,0.000,39.24,90.17
83.689,0.000,0.000,37.76,89.41
83.690,0.000,0.000,37.76,88.87
83.698,0.000,0.000,36.57,86.42
83.700,0.000,0.000,36.57,84.71
83.702,0.000,0.000,35.43,82.88
83.703,0.000,0.000,35.43,81.59
83.704,0.000,0.000,35.43,80.69
83.705,0.000,0.000,35.43,80.06
83.731,0.000,0.000,34.27,77.43
83.732,0.000,0.000,34.27,75.58
83.735,0.000,0.000,33.16,72.97
83.736,0.000,0.000,33.16,71.14
83.750,0.000,0.000,32.30,68.83
83.751,0.000,0.000,32.30,67.21
83.752,0.000,0.000,32.30,66.07
83.753,0.000,0.000,32.30,65.28
83.784,0.000,0.000,31.59,63.83
83.785,0.000,0.000,31.59,62.82
83.788,0.000,0.000,30.91,61.02
83.788,0.000,0.000,30.91,59.76
83.798,0.000,0.000,30.36,58.16
83.799,0.000,0.000,30.36,57.05
83.800,0.000,0.000,30.36,56.26
83.801,0.000,0.000,30.36,55.72
83.801,0.000,0.000,30.36,55.33
83.802,0.000,0.000,30.36,55.07
83.830,0.000,0.000,29.93,53.85
83.831,0.000,0.000,29.93,53.01
83.837,0.000,0.000,29.59,51.68
83.837,0.000,0.000,29.59,50.74
83.838,0.000,0.000,29.59,50.09
83.839,0.000,0.000,29.59,49.63
83.848,0.000,0.000,29.28,48.87
83.849,0.000,0.000,29.28,48.34
83.850,0.000,0.000,29.28,47.97
83.851,0.000,0.000,29.28,47.71
83.882,0.000,0.000,29.11,46.93
83.883,0.000,0.000,29.11,46.39
83.883,0.000,0.000,29.11,46.01
83.884,0.000,0.000,29.11,45.74
83.887,0.000,0.000,29.11,44.93
83.888,0.000,0.000,29.11,44.36
83.894,0.000,0.000,29.17,43.55
83.895,0.000,0.000,29.17,42.98
83.896,0.000,0.000,29.17,42.58
83.897,0.000,0.000,29.17,42.30
83.910,0.000,0.000,29.27,41.74
83.911,0.000,0.000,29.27,41.35
83.916,0.000,0.000,29.27,41.07
83.917,0.000,0.000,29.27,40.88
83.943,0.000,0.000,29.38,40.42
83.944,0.000,0.000,29.38,40.10
83.948,0.000,0.000,29.38,39.88
83.949,0.000,0.000,29.38,39.72
83.952,0.000,0.000,29.68,39.33
83.953,0.000,0.000,29.68,39.06
83.954,0.000,0.000,29.68,38.87
83.956,0.000,0.000,29.68,38.74
83.964,0.000,0.000,30.10,38.41
83.965,0.000,0.000,30.10,38.19
83.991,0.000,0.000,30.55,37.89
83.992,0.000,0.000,30.55,37.68
83.997,0.000,0.000,31.14,37.24
83.998,0.000,0.000,31.14,36.94
83.999,0.000,0.000,31.14,36.72
84.000,0.000,0.000,31.14,36.58
84.007,0.000,0.000,31.78,36.27
84.008,0.000,0.000,31.78,36.06
84.011,0.000,0.000,31.78,35.91
84.013,0.000,0.000,31.78,35.81
84.037,0.000,0.000,32.47,35.67
84.038,0.000,0.000,32.47,35.56
84.044,0.000,0.000,33.21,35.47
84.047,0.000,0.000,33.21,35.41
84.054,0.000,0.000,34.06,35.13
84.058,0.000,0.000,34.06,34.93
84.062,0.000,0.000,34.06,34.79
84.063,0.000,0.000,34.06,34.70
84.087,0.000,0.000,34.91,34.70
84.088,0.000,0.000,34.91,34.69
84.092,0.000,0.000,34.91,34.69
84.094,0.000,0.000,34.91,34.69
84.099,0.000,0.000,35.71,34.74
84.100,0.000,0.000,35.71,34.78
84.102,0.000,0.000,36.60,34.77
84.102,0.000,0.000,36.60,34.77
84.104,0.000,0.000,36.60,34.77
84.104,0.000,0.000,36.60,34.77
84.133,0.000,0.000,37.56,34.82
84.134,0.000,0.000,37.56,34.85
84.137,0.000,0.000,38.59,34.94
84.138,0.000,0.000,38.59,35.01
84.139,0.000,0.000,38.59,35.05
84.140,0.000,0.000,38.59,35.09
84.150,0.000,0.000,39.68,35.14
84.151,0.000,0.000,39.68,35.18
84.152,0.000,0.000,39.68,35.21
84.153,0.000,0.000,39.68,35.23
84.183,0.000,0.000,40.71,35.26
84.184,0.000,0.000,40.71,35.28
84.187,0.000,0.000,41.66,35.37
84.188,0.000,0.000,41.66,35.44
84.198,0.000,0.000,42.62,35.47
84.199,0.000,0.000,42.62,35.48
84.200,0.000,0.000,42.62,35.50
84.201,0.000,0.000,42.62,35.51
84.230,0.000,0.000,43.69,35.76
84.231,0.000,0.000,43.69,35.94
84.234,0.000,0.000,44.83,35.88
84.235,0.000,0.000,44.83,35.84
84.236,0.000,0.000,44.83,35.81
84.237,0.000,0.000,44.83,35.79
84.247,0.000,0.000,45.93,35.81
84.248,0.000,0.000,45.93,35.82
84.280,0.000,0.000,46.92,35.84
84.281,0.000,0.000,46.92,35.85
84.284,0.000,0.000,47.78,35.99
84.285,0.000,0.000,47.78,36.09
84.294,0.000,0.000,48.64,36.14
84.298,0.000,0.000,48.64,36.17
84.299,0.000,0.000,48.64,36.20
84.300,0.000,0.000,48.64,36.21
84.314,0.000,0.000,49.53,36.59
84.315,0.000,0.000,49.53,36.85
84.338,0.000,0.000,50.47,37.08
84.341,0.000,0.000,50.47,37.24
84.347,0.000,0.000,51.30,37.43
84.348,0.000,0.000,51.30,37.56
84.349,0.000,0.000,51.30,37.66
84.350,0.000,0.000,51.30,37.72
84.359,0.000,0.000,52.04,37.81
84.363,0.000,0.000,52.04,37.88
84.364,0.000,0.000,52.04,37.92
84.365,0.000,0.000,52.04,37.95
84.365,0.000,0.000,52.04,37.97
84.366,0.000,0.000,52.04,37.99
84.391,0.000,0.000,52.79,38.11
84.392,0.000,0.000,52.79,38.19
84.393,0.000,0.000,52.79,38.25
84.395,0.000,0.000,52.79,38.30
84.398,0.000,0.000,53.67,38.32
84.402,0.000,0.000,53.67,38.33
84.403,0.000,0.000,53.67,38.34
84.404,0.000,0.000,53.67,38.35
84.408,0.000,0.000,54.71,38.29
84.412,0.000,0.000,54.71,38.25
84.413,0.000,0.000,54.71,38.23
84.414,0.000,0.000,54.71,38.21
84.438,0.000,0.000,55.85,38.18
84.439,0.000,0.000,55.85,38.16
84.452,0.000,0.000,56.99,37.70
84.453,0.000,0.000,56.99,37.38
84.454,0.000,0.000,56.99,37.16
84.457,0.000,0.000,56.99,37.00
84.459,0.000,0.000,58.05,36.76
84.463,0.000,0.000,58.05,36.59
84.493,0.000,0.000,59.06,36.48
84.497,0.000,0.000,59.06,36.39
84.500,0.000,0.000,60.04,36.31
84.501,0.000,0.000,60.04,36.25
84.502,0.000,0.000,61.05,36.10
84.503,0.000,0.000,61.05,35.99
84.504,0.000,0.000,61.05,35.92
84.505,0.000,0.000,61.05,35.87
84.532,0.000,0.000,62.10,36.08
84.533,0.000,0.000,62.10,36.23
84.536,0.000,0.000,63.41,36.17
84.537,0.000,0.000,63.41,36.12
84.538,0.000,0.000,63.41,36.09
84.539,0.000,0.000,63.41,36.06
84.550,0.000,0.000,64.80,35.86
84.551,0.000,0.000,64.80,35.71
84.553,0.000,0.000,64.80,35.61
84.553,0.000,0.000,64.80,35.54
84.583,0.000,0.000,66.15,35.39
84.584,0.000,0.000,66.15,35.29
84.585,0.000,0.000,66.15,35.22
84.586,0.000,0.000,66.15,35.17
84.589,0.000,0.000,67.27,35.15
84.592,0.000,0.000,67.27,35.13
84.598,0.000,0.000,68.17,35.16
84.599,0.000,0.000,68.17,35.19
84.600,0.000,0.000,68.17,35.20
84.601,0.000,0.000,68.17,35.22
84.615,0.000,0.000,68.95,35.48
84.616,0.000,0.000,68.95,35.67
84.626,0.000,0.000,68.95,35.81
84.631,0.000,0.000,68.95,35.90
84.648,0.000,0.000,69.62,36.26
84.649,0.000,0.000,69.62,36.52
84.650,0.000,0.000,69.62,36.70
84.651,0.000,0.000,69.62,36.83
84.654,0.000,0.000,70.35,37.26
84.657,0.000,0.000,70.35,37.56
84.658,0.000,0.000,70.35,37.77
84.659,0.000,0.000,70.35,37.91
84.671,0.000,0.000,70.98,38.30
84.672,0.000,0.000,70.98,38.57
84.689,0.000,0.000,70.98,38.76
84.696,0.000,0.000,70.98,38.89
84.698,0.000,0.000,71.48,39.30
84.699,0.000,0.000,71.48,39.58
84.701,0.000,0.000,71.84,40.08
84.702,0.000,0.000,71.84,40.43
84.713,0.000,0.000,72.17,40.92
84.728,0.000,0.000,72.17,41.26
84.732,0.000,0.000,72.17,41.49
84.733,0.000,0.000,72.17,41.66
84.747,0.000,0.000,72.53,42.08
84.748,0.000,0.000,72.53,42.37
84.750,0.000,0.000,72.85,42.85
84.750,0.000,0.000,72.85,43.19
84.762,0.000,0.000,73.02,43.67
84.763,0.000,0.000,73.02,44.00
84.786,0.000,0.000,73.00,44.55
84.787,0.000,0.000,73.00,44.94
84.796,0.000,0.000,72.90,45.67
84.797,0.000,0.000,72.90,46.18
84.798,0.000,0.000,72.90,46.54
84.799,0.000,0.000,72.90,46.79
84.807,0.000,0.000,72.72,47.49
84.809,0.000,0.000,72.72,47.98
84.813,0.000,0.000,72.72,48.32
84.814,0.000,0.000,72.72,48.56
84.815,0.000,0.000,72.72,48.73
84.815,0.000,0.000,72.72,48.84
84.847,0.000,0.000,72.47,49.52
84.848,0.000,0.000,72.47,50.00
84.849,0.000,0.000,72.47,50.33
84.850,0.000,0.000,72.47,50.56
84.853,0.000,0.000,72.16,51.25
84.854,0.000,0.000,72.16,51.74
84.856,0.000,0.000,71.84,52.42
84.860,0.000,0.000,71.84,52.91
84.883,0.000,0.000,71.56,53.46
84.884,0.000,0.000,71.56,53.84
84.885,0.000,0.000,71.56,54.12
84.886,0.000,0.000,71.56,54.31
84.892,0.000,0.000,71.31,54.51
84.893,0.000,0.000,71.31,54.65
84.902,0.000,0.000,71.04,54.78
84.904,0.000,0.000,71.04,54.87
84.908,0.000,0.000,71.04,54.93
84.913,0.000,0.000,71.04,54.97
84.936,0.000,0.000,70.66,55.14
84.938,0.000,0.000,70.66,55.25
84.941,0.000,0.000,70.66,55.33
84.945,0.000,0.000,70.66,55.39
84.946,0.000,0.000,70.12,55.69
84.949,0.000,0.000,70.12,55.90
84.950,0.000,0.000,70.12,56.05
84.951,0.000,0.000,70.12,56.16
84.952,0.000,0.000,69.53,56.55
84.953,0.000,0.000,69.53,56.83
84.954,0.000,0.000,69.53,57.02
84.956,0.000,0.000,69.53,57.16
84.983,0.000,0.000,68.91,57.75
84.984,0.000,0.000,68.91,58.17
84.987,0.000,0.000,68.21,58.96
84.988,0.000,0.000,68.21,59.52
85.007,0.000,0.000,67.21,60.87
85.012,0.000,0.000,67.21,61.82
85.014,0.000,0.000,67.21,62.49
85.015,0.000,0.000,67.21,62.95
85.017,0.000,0.000,65.82,64.55
85.018,0.000,0.000,65.82,65.67
85.018,0.000,0.000,65.82,66.45
85.019,0.000,0.000,65.82,66.99
85.050,0.000,0.000,63.94,69.49
85.051,0.000,0.000,63.94,71.24
85.052,0.000,0.000,63.94,72.47
85.053,0.000,0.000,63.94,73.33
85.063,0.000,0.000,61.70,76.31
85.064,0.000,0.000,61.70,78.41
85.066,0.000,0.000,59.85,82.57
85.067,0.000,0.000,59.85,85.49
85.068,0.000,0.000,59.85,87.53
85.069,0.000,0.000,59.85,88.96
85.104,0.000,0.000,58.54,90.23
85.106,0.000,0.000,58.54,91.13
85.113,0.000,0.000,57.29,90.98
85.114,0.000,0.000,57.29,90.88
85.116,0.000,0.000,55.99,90.42
85.117,0.000,0.000,55.99,90.10
85.139,0.000,0.000,54.43,89.04
85.140,0.000,0.000,54.43,88.30
85.144,0.000,0.000,52.45,87.45
85.148,0.000,0.000,52.45,86.86
85.159,0.000,0.000,50.12,89.04
85.160,0.000,0.000,50.12,90.56
85.163,0.000,0.000,50.12,91.63
85.164,0.000,0.000,50.12,92.38
85.187,0.000,0.000,47.81,94.59
85.187,0.000,0.000,47.81,96.14
85.194,0.000,0.000,45.84,97.05
85.195,0.000,0.000,45.84,97.68
85.209,0.000,0.000,44.22,97.88
85.213,0.000,0.000,44.22,98.02
85.214,0.000,0.000,44.22,98.12
85.214,0.000,0.000,44.22,98.19
85.241,0.000,0.000,42.75,97.96
85.242,0.000,0.000,42.75,97.80
85.247,0.000,0.000,41.25,96.28
85.248,0.000,0.000,41.25,95.22
85.253,0.000,0.000,39.60,93.24
85.255,0.000,0.000,39.60,91.86
85.259,0.000,0.000,39.60,90.89
85.263,0.000,0.000,39.60,90.22
85.307,0.000,0.000,37.94,88.30
85.312,0.000,0.000,37.94,86.95
85.316,0.000,0.000,36.29,85.90
85.317,0.000,0.000,36.29,85.17
85.318,0.000,0.000,36.29,84.65
85.318,0.000,0.000,36.29,84.29
85.319,0.000,0.000,34.74,84.34
85.320,0.000,0.000,34.74,84.38
85.321,0.000,0.000,34.74,84.40
85.324,0.000,0.000,34.74,84.42
85.329,0.000,0.000,33.32,82.64
85.330,0.000,0.000,33.32,81.39
85.331,0.000,0.000,33.32,80.52
85.332,0.000,0.000,33.32,79.91
85.347,0.000,0.000,32.04,78.02
85.352,0.000,0.000,32.04,76.70
85.364,0.000,0.000,32.04,75.78
85.365,0.000,0.000,32.04,75.13
85.366,0.000,0.000,30.77,73.73
85.367,0.000,0.000,30.77,72.75
85.369,0.000,0.000,29.53,70.54
85.370,0.000,0.000,29.53,68.99
85.373,0.000,0.000,29.53,67.91
85.375,0.000,0.000,29.53,67.15
85.398,0.000,0.000,28.38,65.21
85.399,0.000,0.000,28.38,63.85
85.400,0.000,0.000,28.38,62.91
85.401,0.000,0.000,28.38,62.24
85.404,0.000,0.000,27.31,61.19
85.405,0.000,0.000,27.31,60.45
85.434,0.000,0.000,26.38,58.75
85.435,0.000,0.000,26.38,57.57
85.438,0.000,0.000,25.53,56.37
85.439,0.000,0.000,25.53,55.53
85.451,0.000,0.000,24.79,53.69
85.452,0.000,0.000,24.79,52.41
85.480,0.000,0.000,24.13,50.82
85.481,0.000,0.000,24.13,49.71
85.484,0.000,0.000,23.61,48.10
85.485,0.000,0.000,23.61,46.98
85.494,0.000,0.000,23.22,45.76
85.495,0.000,0.000,23.22,44.91
85.498,0.000,0.000,23.22,44.31
85.499,0.000,0.000,23.22,43.90
85.520,0.000,0.000,23.00,42.62
85.521,0.000,0.000,23.00,41.73
85.536,0.000,0.000,22.84,40.66
85.537,0.000,0.000,22.84,39.91
85.546,0.000,0.000,22.62,39.00
85.547,0.000,0.000,22.62,38.37
85.548,0.000,0.000,22.62,37.93
85.549,0.000,0.000,22.62,37.61
85.559,0.000,0.000,22.41,36.90
85.563,0.000,0.000,22.41,36.40
85.564,0.000,0.000,22.41,36.05
85.565,0.000,0.000,22.41,35.81
85.589,0.000,0.000,22.34,35.32
85.590,0.000,0.000,22.34,34.98
85.594,0.000,0.000,22.53,34.53
85.599,0.000,0.000,22.53,34.21
85.607,0.000,0.000,22.92,33.71
85.612,0.000,0.000,22.92,33.36
85.613,0.000,0.000,22.92,33.11
85.614,0.000,0.000,22.92,32.94
85.640,0.000,0.000,23.43,32.59
85.643,0.000,0.000,23.43,32.35
85.648,0.000,0.000,24.12,31.64
85.649,0.000,0.000,24.12,31.14
85.654,0.000,0.000,24.93,30.51
85.655,0.000,0.000,24.93,30.07
85.659,0.000,0.000,24.93,29.76
85.663,0.000,0.000,24.93,29.54
85.688,0.000,0.000,25.90,29.38
85.689,0.000,0.000,25.90,29.26
85.696,0.000,0.000,26.91,29.00
85.697,0.000,0.000,26.91,28.81
85.701,0.000,0.000,27.99,28.59
85.702,0.000,0.000,27.99,28.43
85.704,0.000,0.000,27.99,28.33
85.706,0.000,0.000,27.99,28.25
85.736,0.000,0.000,29.25,28.46
85.737,0.000,0.000,29.25,28.61
85.741,0.000,0.000,30.67,28.73
85.745,0.000,0.000,30.67,28.81
85.750,0.000,0.000,32.07,28.92
85.751,0.000,0.000,32.07,28.99
85.752,0.000,0.000,32.07,29.04
85.753,0.000,0.000,32.07,29.08
85.781,0.000,0.000,33.42,29.40
85.782,0.000,0.000,33.42,29.62
85.785,0.000,0.000,34.71,29.96
85.786,0.000,0.000,34.71,30.19
85.798,0.000,0.000,35.85,30.43
85.799,0.000,0.000,35.85,30.59
85.800,0.000,0.000,35.85,30.71
85.801,0.000,0.000,35.85,30.79
85.830,0.000,0.000,36.99,31.23
85.831,0.000,0.000,36.99,31.54
85.834,0.000,0.000,38.13,31.84
85.835,0.000,0.000,38.13,32.05
85.835,0.000,0.000,38.13,32.20
85.836,0.000,0.000,38.13,32.30
85.837,0.000,0.000,38.13,32.37
85.839,0.000,0.000,38.13,32.42
85.847,0.000,0.000,39.20,32.63
85.848,0.000,0.000,39.20,32.77
85.849,0.000,0.000,39.20,32.87
85.850,0.000,0.000,39.20,32.94
85.863,0.000,0.000,40.21,33.20
85.864,0.000,0.000,40.21,33.38
85.890,0.000,0.000,41.14,33.78
85.891,0.000,0.000,41.14,34.06
85.898,0.000,0.000,42.07,34.33
85.899,0.000,0.000,42.07,34.52
85.915,0.000,0.000,43.00,35.06
85.916,0.000,0.000,43.00,35.43
85.942,0.000,0.000,43.88,35.79
85.947,0.000,0.000,43.88,36.05
85.948,0.000,0.000,43.88,36.22
85.949,0.000,0.000,43.88,36.35
85.952,0.000,0.000,44.79,36.57
85.953,0.000,0.000,44.79,36.72
85.954,0.000,0.000,44.79,36.83
85.957,0.000,0.000,44.79,36.90
85.963,0.000,0.000,45.68,37.04
85.964,0.000,0.000,45.68,37.13
85.989,0.000,0.000,46.57,37.33
85.990,0.000,0.000,46.57,37.47
85.997,0.000,0.000,47.36,37.60
85.998,0.000,0.000,47.36,37.69
86.006,0.000,0.000,48.05,37.85
86.013,0.000,0.000,48.05,37.96
86.014,0.000,0.000,48.05,38.04
86.015,0.000,0.000,48.05,38.09
86.037,0.000,0.000,48.63,38.40
86.038,0.000,0.000,48.63,38.61
86.046,0.000,0.000,49.22,38.95
86.047,0.000,0.000,49.22,39.19
86.053,0.000,0.000,49.94,39.17
86.054,0.000,0.000,49.94,39.15
86.056,0.000,0.000,49.94,39.14
86.059,0.000,0.000,49.94,39.14
86.084,0.000,0.000,50.86,39.16
86.085,0.000,0.000,50.86,39.18
86.086,0.000,0.000,50.86,39.19
86.087,0.000,0.000,50.86,39.20
86.092,0.000,0.000,51.94,39.11
86.097,0.000,0.000,51.94,39.04
86.102,0.000,0.000,52.93,38.61
86.103,0.000,0.000,52.93,38.32
86.130,0.000,0.000,53.79,37.96
86.131,0.000,0.000,53.79,37.71
86.134,0.000,0.000,54.68,37.59
86.135,0.000,0.000,54.68,37.52
86.136,0.000,0.000,54.68,37.46
86.137,0.000,0.000,54.68,37.43
86.150,0.000,0.000,55.60,37.36
86.151,0.000,0.000,55.60,37.32
86.152,0.000,0.000,55.60,37.29
86.153,0.000,0.000,55.60,37.27
86.183,0.000,0.000,56.59,37.29
86.184,0.000,0.000,56.59,37.31
86.187,0.000,0.000,57.67,37.34
86.188,0.000,0.000,57.67,37.37
86.198,0.000,0.000,58.83,37.14
86.199,0.000,0.000,58.83,36.98
86.200,0.000,0.000,58.83,36.87
86.200,0.000,0.000,58.83,36.79
86.230,0.000,0.000,59.97,36.62
86.231,0.000,0.000,59.97,36.50
86.232,0.000,0.000,59.97,36.42
86.233,0.000,0.000,59.97,36.36
86.236,0.000,0.000,61.00,36.31
86.237,0.000,0.000,61.00,36.28
86.248,0.000,0.000,61.83,36.27
86.249,0.000,0.000,61.83,36.27
86.250,0.000,0.000,61.83,36.26
86.251,0.000,0.000,61.83,36.26
86.276,0.000,0.000,62.45,36.47
86.284,0.000,0.000,62.45,36.62
86.285,0.000,0.000,62.45,36.72
86.286,0.000,0.000,62.45,36.80
86.295,0.000,0.000,62.97,37.39
86.297,0.000,0.000,62.97,37.80
86.298,0.000,0.000,63.53,38.35
86.299,0.000,0.000,63.53,38.74
86.313,0.000,0.000,64.23,39.13
86.314,0.000,0.000,64.23,39.41
86.316,0.000,0.000,64.23,39.60
86.317,0.000,0.000,64.23,39.73
86.340,0.000,0.000,64.98,39.90
86.341,0.000,0.000,64.98,40.02
86.343,0.000,0.000,64.98,40.10
86.347,0.000,0.000,64.98,40.16
86.350,0.000,0.000,65.64,40.18
86.351,0.000,0.000,65.64,40.19
86.352,0.000,0.000,65.64,40.20
86.353,0.000,0.000,65.64,40.20
86.359,0.000,0.000,66.14,40.13
86.362,0.000,0.000,66.14,40.08
86.363,0.000,0.000,66.14,40.04
86.365,0.000,0.000,66.14,40.01
86.395,0.000,0.000,66.56,40.27
86.396,0.000,0.000,66.56,40.46
86.400,0.000,0.000,66.98,40.80
86.401,0.000,0.000,66.98,41.05
86.408,0.000,0.000,67.50,41.33
86.413,0.000,0.000,67.50,41.52
86.436,0.000,0.000,68.22,41.66
86.437,0.000,0.000,68.22,41.76
86.442,0.000,0.000,69.01,41.62
86.446,0.000,0.000,69.01,41.53
86.454,0.000,0.000,69.72,41.09
86.458,0.000,0.000,69.72,40.79
86.459,0.000,0.000,69.72,40.57
86.461,0.000,0.000,69.72,40.42
86.484,0.000,0.000,70.23,40.33
86.485,0.000,0.000,70.23,40.26
86.489,0.000,0.000,70.54,40.44
86.492,0.000,0.000,70.54,40.56
86.502,0.000,0.000,70.70,40.98
86.503,0.000,0.000,70.70,41.28
86.503,0.000,0.000,70.70,41.49
86.504,0.000,0.000,70.70,41.63
86.532,0.000,0.000,70.72,42.35
86.533,0.000,0.000,70.72,42.86
86.536,0.000,0.000,70.69,44.00
86.537,0.000,0.000,70.69,44.79
86.550,0.000,0.000,70.60,45.91
86.551,0.000,0.000,70.60,46.69
86.552,0.000,0.000,70.60,47.24
86.553,0.000,0.000,70.60,47.62
86.581,0.000,0.000,70.37,48.39
86.581,0.000,0.000,70.37,48.93
86.584,0.000,0.000,69.98,49.95
86.585,0.000,0.000,69.98,50.66
86.598,0.000,0.000,69.38,52.03
86.599,0.000,0.000,69.38,52.99
86.600,0.000,0.000,69.38,53.66
86.601,0.000,0.000,69.38,54.13
86.630,0.000,0.000,68.44,55.51
86.631,0.000,0.000,68.44,56.49
86.635,0.000,0.000,67.07,59.00
86.636,0.000,0.000,67.07,60.76
86.637,0.000,0.000,67.07,61.99
86.638,0.000,0.000,67.07,62.85
86.648,0.000,0.000,65.41,65.68
86.650,0.000,0.000,65.41,67.67
86.650,0.000,0.000,65.41,69.05
86.651,0.000,0.000,65.41,70.03
86.669,0.000,0.000,63.74,72.99
86.670,0.000,0.000,63.74,75.07
86.679,0.000,0.000,63.74,76.52
86.680,0.000,0.000,63.74,77.54
86.690,0.000,0.000,62.09,79.68
86.691,0.000,0.000,62.09,81.18
86.697,0.000,0.000,60.36,83.70
86.698,0.000,0.000,60.36,85.47
86.717,0.000,0.000,58.56,87.77
86.718,0.000,0.000,58.56,89.38
86.727,0.000,0.000,58.56,90.50
86.732,0.000,0.000,58.56,91.29
86.761,0.000,0.000,56.97,90.86
86.764,0.000,0.000,56.97,90.56
86.781,0.000,0.000,55.42,90.64
86.782,0.000,0.000,55.42,90.70
86.782,0.000,0.000,53.84,91.51
86.783,0.000,0.000,53.84,92.07
86.784,0.000,0.000,53.84,92.46
86.785,0.000,0.000,53.84,92.74
86.787,0.000,0.000,52.03,92.67
86.788,0.000,0.000,52.03,92.62
86.802,0.000,0.000,50.15,92.32
86.803,0.000,0.000,50.15,92.10
86.818,0.000,0.000,48.21,93.58
86.819,0.000,0.000,48.21,94.61
86.826,0.000,0.000,46.29,96.02
86.829,0.000,0.000,46.29,97.01
86.840,0.000,0.000,46.29,97.71
86.846,0.000,0.000,46.29,98.19
86.863,0.000,0.000,44.51,97.95
86.864,0.000,0.000,44.51,97.79
86.865,0.000,0.000,42.83,97.47
86.866,0.000,0.000,42.83,97.24
86.880,0.000,0.000,41.20,96.59
86.881,0.000,0.000,41.20,96.14
86.897,0.000,0.000,41.20,95.82
86.898,0.000,0.000,41.20,95.59
86.899,0.000,0.000,39.62,94.32
86.899,0.000,0.000,39.62,93.42
86.901,0.000,0.000,39.62,92.80
86.902,0.000,0.000,39.62,92.36
86.905,0.000,0.000,38.10,89.78
86.911,0.000,0.000,38.10,87.97
86.936,0.000,0.000,36.77,85.87
86.937,0.000,0.000,36.77,84.40
86.938,0.000,0.000,36.77,83.38
86.939,0.000,0.000,36.77,82.66
86.947,0.000,0.000,35.58,80.98
86.948,0.000,0.000,35.58,79.80
86.953,0.000,0.000,34.43,77.53
86.954,0.000,0.000,34.43,75.94
86.962,0.000,0.000,34.43,74.83
86.963,0.000,0.000,34.43,74.05
86.979,0.000,0.000,33.29,72.38
86.981,0.000,0.000,33.29,71.21
86.996,0.000,0.000,33.29,70.40
86.997,0.000,0.000,33.29,69.82
86.998,0.000,0.000,32.17,68.64
86.999,0.000,0.000,32.17,67.81
87.000,0.000,0.000,32.17,67.23
87.001,0.000,0.000,32.17,66.83
87.004,0.000,0.000,31.06,65.43
87.005,0.000,0.000,31.06,64.46
87.031,0.000,0.000,30.05,63.32
87.032,0.000,0.000,30.05,62.52
87.033,0.000,0.000,30.05,61.96
87.034,0.000,0.000,30.05,61.57
87.037,0.000,0.000,29.22,60.42
87.038,0.000,0.000,29.22,59.61
87.047,0.000,0.000,28.64,58.12
87.047,0.000,0.000,28.64,57.07
87.049,0.000,0.000,28.64,56.34
87.050,0.000,0.000,28.64,55.83
87.080,0.000,0.000,28.09,54.52
87.081,0.000,0.000,28.09,53.60
87.084,0.000,0.000,27.64,52.13
87.084,0.000,0.000,27.64,51.11
87.096,0.000,0.000,27.24,49.57
87.097,0.000,0.000,27.24,48.50
87.098,0.000,0.000,27.24,47.75
87.099,0.000,0.000,27.24,47.22
87.113,0.000,0.000,26.98,46.27
87.114,0.000,0.000,26.98,45.60
87.130,0.000,0.000,26.98,45.14
87.131,0.000,0.000,26.98,44.81
87.148,0.000,0.000,26.85,44.06
87.149,0.000,0.000,26.85,43.53
87.150,0.000,0.000,26.85,43.17
87.151,0.000,0.000,26.85,42.91
87.152,0.000,0.000,26.77,42.29
87.153,0.000,0.000,26.77,41.85
87.159,0.000,0.000,26.75,41.19
87.160,0.000,0.000,26.75,40.73
87.164,0.000,0.000,26.75,40.41
87.165,0.000,0.000,26.75,40.18
87.193,0.000,0.000,26.79,39.62
87.194,0.000,0.000,26.79,39.23
87.198,0.000,0.000,26.89,38.68
87.199,0.000,0.000,26.89,38.30
87.206,0.000,0.000,27.11,37.80
87.208,0.000,0.000,27.11,37.44
87.212,0.000,0.000,27.11,37.19
87.213,0.000,0.000,27.11,37.02
87.236,0.000,0.000,27.52,36.68
87.237,0.000,0.000,27.52,36.44
87.243,0.000,0.000,28.18,35.96
87.245,0.000,0.000,28.18,35.62
87.254,0.000,0.000,29.00,35.05
87.257,0.000,0.000,29.00,34.65
87.261,0.000,0.000,29.00,34.36
87.264,0.000,0.000,29.00,34.17
87.286,0.000,0.000,30.26,33.65
87.287,0.000,0.000,30.26,33.28
87.288,0.000,0.000,30.26,33.03
87.293,0.000,0.000,30.26,32.85
87.296,0.000,0.000,31.68,32.44
87.297,0.000,0.000,31.68,32.16
87.298,0.000,0.000,31.68,31.96
87.299,0.000,0.000,31.68,31.82
87.302,0.000,0.000,33.01,31.58
87.303,0.000,0.000,33.01,31.41
87.330,0.000,0.000,34.17,31.31
87.331,0.000,0.000,34.17,31.24
87.334,0.000,0.000,35.28,31.28
87.335,0.000,0.000,35.28,31.31
87.351,0.000,0.000,36.38,31.53
87.352,0.000,0.000,36.38,31.69
87.353,0.000,0.000,36.38,31.80
87.354,0.000,0.000,36.38,31.88
87.379,0.000,0.000,37.47,32.17
87.380,0.000,0.000,37.47,32.38
87.381,0.000,0.000,37.47,32.52
87.382,0.000,0.000,37.47,32.62
87.385,0.000,0.000,38.58,32.94
87.386,0.000,0.000,38.58,33.16
87.398,0.000,0.000,39.62,33.46
87.399,0.000,0.000,39.62,33.67
87.400,0.000,0.000,39.62,33.81
87.401,0.000,0.000,39.62,33.92
87.429,0.000,0.000,40.51,34.19
87.430,0.000,0.000,40.51,34.38
87.433,0.000,0.000,41.37,34.70
87.434,0.000,0.000,41.37,34.91
87.435,0.000,0.000,41.37,35.07
87.436,0.000,0.000,41.37,35.17
87.448,0.000,0.000,42.35,35.43
87.449,0.000,0.000,42.35,35.60
87.449,0.000,0.000,42.35,35.73
87.450,0.000,0.000,42.35,35.82
87.470,0.000,0.000,43.43,35.92
87.471,0.000,0.000,43.43,36.00
87.484,0.000,0.000,43.43,36.05
87.485,0.000,0.000,43.43,36.09
87.494,0.000,0.000,44.70,36.18
87.498,0.000,0.000,44.70,36.24
87.501,0.000,0.000,46.02,36.12
87.502,0.000,0.000,46.02,36.03
87.519,0.000,0.000,47.35,35.83
87.520,0.000,0.000,47.35,35.69
87.537,0.000,0.000,48.56,35.60
87.541,0.000,0.000,48.56,35.53
87.545,0.000,0.000,49.59,35.41
87.547,0.000,0.000,49.59,35.32
87.548,0.000,0.000,49.59,35.26
87.548,0.000,0.000,49.59,35.22
87.564,0.000,0.000,50.62,35.22
87.565,0.000,0.000,50.62,35.22
87.565,0.000,0.000,50.62,35.21
87.566,0.000,0.000,50.62,35.21
87.591,0.000,0.000,51.69,35.44
87.592,0.000,0.000,51.69,35.60
87.598,0.000,0.000,52.75,35.68
87.599,0.000,0.000,52.75,35.74
87.609,0.000,0.000,53.71,35.78
87.613,0.000,0.000,53.71,35.81
87.615,0.000,0.000,53.71,35.83
87.615,0.000,0.000,53.71,35.84
87.640,0.000,0.000,54.64,35.99
87.641,0.000,0.000,54.64,36.09
87.642,0.000,0.000,54.64,36.16
87.645,0.000,0.000,54.64,36.21
87.650,0.000,0.000,55.44,36.43
87.651,0.000,0.000,55.44,36.58
87.658,0.000,0.000,56.19,36.73
87.663,0.000,0.000,56.19,36.84
87.687,0.000,0.000,56.88,37.37
87.689,0.000,0.000,56.88,37.74
87.695,0.000,0.000,57.64,38.04
87.696,0.000,0.000,57.64,38.25
87.707,0.000,0.000,58.36,38.63
87.713,0.000,0.000,58.36,38.90
87.737,0.000,0.000,59.06,39.00
87.738,0.000,0.000,59.06,39.07
87.739,0.000,0.000,59.06,39.12
87.742,0.000,0.000,59.06,39.16
87.746,0.000,0.000,59.77,39.13
87.748,0.000,0.000,59.77,39.11
87.751,0.000,0.000,59.77,39.10
87.752,0.000,0.000,59.77,39.09
87.752,0.000,0.000,60.57,39.01
87.753,0.000,0.000,60.57,38.95
87.783,0.000,0.000,61.44,38.98
87.784,0.000,0.000,61.44,38.99
87.785,0.000,0.000,61.44,39.00
87.786,0.000,0.000,61.44,39.01
87.789,0.000,0.000,62.27,38.88
87.790,0.000,0.000,62.27,38.79
87.798,0.000,0.000,63.00,38.77
87.799,0.000,0.000,63.00,38.75
87.800,0.000,0.000,63.00,38.74
87.801,0.000,0.000,63.00,38.73
87.830,0.000,0.000,63.71,38.81
87.831,0.000,0.000,63.71,38.86
87.832,0.000,0.000,63.71,38.90
87.832,0.000,0.000,63.71,38.92
87.835,0.000,0.000,64.37,38.96
87.836,0.000,0.000,64.37,38.98
87.837,0.000,0.000,64.37,39.00
87.838,0.000,0.000,64.37,39.02
87.848,0.000,0.000,65.04,39.16
87.849,0.000,0.000,65.04,39.25
87.879,0.000,0.000,65.79,39.37
87.880,0.000,0.000,65.79,39.46
87.885,0.000,0.000,65.79,39.52
87.886,0.000,0.000,65.79,39.56
87.888,0.000,0.000,66.68,39.50
87.889,0.000,0.000,66.68,39.45
87.890,0.000,0.000,66.68,39.42
87.895,0.000,0.000,66.68,39.40
87.898,0.000,0.000,67.67,39.20
87.899,0.000,0.000,67.67,39.06
87.913,0.000,0.000,68.77,38.70
87.914,0.000,0.000,68.77,38.45
87.916,0.000,0.000,68.77,38.28
87.917,0.000,0.000,68.77,38.15
87.941,0.000,0.000,69.85,37.82
87.942,0.000,0.000,69.85,37.59
87.943,0.000,0.000,69.85,37.42
87.948,0.000,0.000,69.85,37.31
87.951,0.000,0.000,70.82,37.20
87.952,0.000,0.000,70.82,37.12
87.959,0.000,0.000,71.68,37.00
87.963,0.000,0.000,71.68,36.92
87.964,0.000,0.000,71.68,36.86
87.965,0.000,0.000,71.68,36.82
87.990,0.000,0.000,72.35,36.97
87.992,0.000,0.000,72.35,37.08
87.997,0.000,0.000,72.89,37.50
87.998,0.000,0.000,72.89,37.79
88.009,0.000,0.000,73.33,38.39
88.013,0.000,0.000,73.33,38.82
88.014,0.000,0.000,73.33,39.11
88.014,0.000,0.000,73.33,39.32
88.038,0.000,0.000,73.78,39.80
88.039,0.000,0.000,73.78,40.14
88.042,0.000,0.000,74.20,40.69
88.049,0.000,0.000,74.20,41.08
88.050,0.000,0.000,74.20,41.35
88.051,0.000,0.000,74.20,41.53
88.054,0.000,0.000,74.52,41.88
88.057,0.000,0.000,74.52,42.12
88.081,0.000,0.000,74.61,42.68
88.082,0.000,0.000,74.61,43.08
88.086,0.000,0.000,74.53,43.85
88.087,0.000,0.000,74.53,44.38
88.088,0.000,0.000,74.53,44.75
88.089,0.000,0.000,74.53,45.02
88.102,0.000,0.000,74.36,45.69
88.103,0.000,0.000,74.36,46.16
88.106,0.000,0.000,74.36,46.49
88.108,0.000,0.000,74.36,46.72
88.136,0.000,0.000,74.05,47.81
88.137,0.000,0.000,74.05,48.58
88.138,0.000,0.000,74.05,49.12
88.138,0.000,0.000,74.05,49.50
88.144,0.000,0.000,73.58,50.57
88.148,0.000,0.000,73.58,51.32
88.150,0.000,0.000,72.93,52.85
88.151,0.000,0.000,72.93,53.91
88.152,0.000,0.000,72.93,54.66
88.153,0.000,0.000,72.93,55.18
88.181,0.000,0.000,71.94,56.50
88.182,0.000,0.000,71.94,57.43
88.185,0.000,0.000,70.36,60.46
88.186,0.000,0.000,70.36,62.58
88.187,0.000,0.000,70.36,64.07
88.188,0.000,0.000,70.36,65.11
88.198,0.000,0.000,68.29,68.87
88.199,0.000,0.000,68.29,71.51
88.200,0.000,0.000,68.29,73.36
88.201,0.000,0.000,68.29,74.65
88.201,0.000,0.000,68.29,75.55
88.202,0.000,0.000,68.29,76.18
88.230,0.000,0.000,65.87,80.03
88.231,0.000,0.000,65.87,82.73
88.232,0.000,0.000,65.87,84.61
88.233,0.000,0.000,65.87,85.93
88.238,0.000,0.000,63.36,90.15
88.239,0.000,0.000,63.36,93.11
88.253,0.000,0.000,60.93,95.17
88.254,0.000,0.000,60.93,96.62
88.272,0.000,0.000,58.95,97.64
88.273,0.000,0.000,58.95,98.34
88.279,0.000,0.000,58.95,98.84
88.281,0.000,0.000,58.95,99.19
88.298,0.000,0.000,56.98,99.43
88.299,0.000,0.000,56.98,99.60
88.300,0.000,0.000,56.98,99.72
88.301,0.000,0.000,56.98,99.81
88.304,0.000,0.000,54.55,99.86
88.307,0.000,0.000,54.55,99.90
88.310,0.000,0.000,51.81,99.93
88.313,0.000,0.000,51.81,99.95
88.316,0.000,0.000,51.81,99.97
88.317,0.000,0.000,51.81,99.98
88.346,0.000,0.000,49.05,99.97
88.347,0.000,0.000,49.05,99.97
88.350,0.000,0.000,46.58,99.80
88.351,0.000,0.000,46.58,99.69
88.358,0.000,0.000,44.35,99.31
88.363,0.000,0.000,44.35,99.05
88.365,0.000,0.000,44.35,98.86
88.365,0.000,0.000,44.35,98.73
88.389,0.000,0.000,42.37,98.26
88.390,0.000,0.000,42.37,97.92
88.398,0.000,0.000,40.47,97.21
88.399,0.000,0.000,40.47,96.71
88.400,0.000,0.000,40.47,96.36
88.400,0.000,0.000,40.47,96.12
88.409,0.000,0.000,38.60,95.38
88.413,0.000,0.000,38.60,94.86
88.414,0.000,0.000,38.60,94.50
88.415,0.000,0.000,38.60,94.24
88.437,0.000,0.000,36.76,93.41
88.440,0.000,0.000,36.76,92.83
88.445,0.000,0.000,35.03,91.72
88.447,0.000,0.000,35.03,90.95
88.448,0.000,0.000,35.03,90.41
88.449,0.000,0.000,35.03,90.03
88.454,0.000,0.000,33.52,89.09
88.457,0.000,0.000,33.52,88.43
88.459,0.000,0.000,33.52,87.97
88.462,0.000,0.000,33.52,87.65
88.486,0.000,0.000,32.19,84.27
88.487,0.000,0.000,32.19,81.90
88.492,0.000,0.000,30.96,78.98
88.493,0.000,0.000,30.96,76.93
88.495,0.000,0.000,30.96,75.50
88.498,0.000,0.000,30.96,74.49
88.501,0.000,0.000,29.85,72.67
88.502,0.000,0.000,29.85,71.39
88.504,0.000,0.000,29.85,70.50
88.505,0.000,0.000,29.85,69.87
88.530,0.000,0.000,28.92,67.55
88.531,0.000,0.000,28.92,65.93
88.534,0.000,0.000,28.00,63.42
88.535,0.000,0.000,28.00,61.67
88.550,0.000,0.000,27.03,59.79
88.551,0.000,0.000,27.03,58.48
88.553,0.000,0.000,27.03,57.55
88.553,0.000,0.000,27.03,56.91
88.581,0.000,0.000,26.12,55.24
88.582,0.000,0.000,26.12,54.07
88.585,0.000,0.000,25.37,52.49
88.586,0.000,0.000,25.37,51.38
88.598,0.000,0.000,24.82,50.13
88.599,0.000,0.000,24.82,49.25
88.630,0.000,0.000,24.35,47.97
88.631,0.000,0.000,24.35,47.08
88.632,0.000,0.000,24.35,46.46
88.632,0.000,0.000,24.35,46.02
88.635,0.000,0.000,24.00,44.94
88.636,0.000,0.000,24.00,44.18
88.637,0.000,0.000,24.00,43.65
88.639,0.000,0.000,24.00,43.28
88.646,0.000,0.000,23.77,42.42
88.647,0.000,0.000,23.77,41.81
88.649,0.000,0.000,23.77,41.39
88.651,0.000,0.000,23.77,41.10
88.671,0.000,0.000,23.66,40.30
88.674,0.000,0.000,23.66,39.74
88.679,0.000,0.000,23.66,39.35
88.680,0.000,0.000,23.66,39.07
88.698,0.000,0.000,23.63,38.35
88.699,0.000,0.000,23.63,37.85
88.700,0.000,0.000,23.63,37.49
88.701,0.000,0.000,23.63,37.24
88.704,0.000,0.000,23.72,36.65
88.706,0.000,0.000,23.72,36.24
88.714,0.000,0.000,23.99,35.62
88.715,0.000,0.000,23.99,35.19
88.730,0.000,0.000,23.99,24.63
88.732,0.000,0.000,23.99,17.24
88.749,0.000,0.000,24.35,12.07
88.750,0.000,0.000,24.35,18.34
88.751,0.000,0.000,24.35,22.73
88.752,0.000,0.000,24.35,25.81
88.753,0.000,0.000,24.88,27.69
88.754,0.000,0.000,24.88,29.00
88.761,0.000,0.000,24.88,29.92
88.764,0.000,0.000,24.88,30.57
88.766,0.000,0.000,25.67,30.75
88.767,0.000,0.000,25.67,30.88
88.767,0.000,0.000,25.67,30.97
88.768,0.000,0.000,25.67,31.03
88.798,0.000,0.000,26.76,30.82
88.799,0.000,0.000,26.76,30.68
88.800,0.000,0.000,26.76,30.58
88.801,0.000,0.000,26.76,30.51
88.802,0.000,0.000,28.03,30.26
88.803,0.000,0.000,28.03,30.09
88.804,0.000,0.000,28.03,29.96
88.805,0.000,0.000,28.03,29.88
88.813,0.000,0.000,29.32,29.74
88.814,0.000,0.000,29.32,29.65
88.815,0.000,0.000,29.32,29.58
88.816,0.000,0.000,29.32,29.54
88.840,0.000,0.000,30.73,29.45
88.841,0.000,0.000,30.73,29.38
88.843,0.000,0.000,30.73,29.34
88.844,0.000,0.000,30.73,29.31
88.848,0.000,0.000,32.50,29.34
88.849,0.000,0.000,32.50,29.36
88.854,0.000,0.000,34.56,29.46
88.855,0.000,0.000,34.56,29.53
88.859,0.000,0.000,34.56,29.58
88.863,0.000,0.000,34.56,29.61
88.886,0.000,0.000,36.84,29.85
88.887,0.000,0.000,36.84,30.02
88.890,0.000,0.000,39.00,30.33
88.891,0.000,0.000,39.00,30.54
88.894,0.000,0.000,39.00,30.69
88.898,0.000,0.000,39.00,30.80
88.899,0.000,0.000,39.00,30.88
88.900,0.000,0.000,39.00,30.93
88.902,0.000,0.000,40.83,31.14
88.903,0.000,0.000,40.83,31.29
88.903,0.000,0.000,40.83,31.39
88.904,0.000,0.000,40.83,31.47
88.931,0.000,0.000,42.39,31.65
88.932,0.000,0.000,42.39,31.77
88.935,0.000,0.000,43.75,31.96
88.936,0.000,0.000,43.75,32.09
88.950,0.000,0.000,45.02,32.30
88.951,0.000,0.000,45.02,32.44
88.953,0.000,0.000,45.02,32.54
88.953,0.000,0.000,45.02,32.61
88.982,0.000,0.000,46.18,33.04
88.983,0.000,0.000,46.18,33.33
88.984,0.000,0.000,46.18,33.54
88.984,0.000,0.000,46.18,33.68
88.987,0.000,0.000,47.26,33.96
88.988,0.000,0.000,47.26,34.16
88.989,0.000,0.000,47.26,34.29
88.992,0.000,0.000,47.26,34.39
89.000,0.000,0.000,48.41,34.57
89.001,0.000,0.000,48.41,34.70
89.002,0.000,0.000,48.41,34.79
89.002,0.000,0.000,48.41,34.85
89.031,0.000,0.000,49.60,34.96
89.032,0.000,0.000,49.60,35.04
89.033,0.000,0.000,49.60,35.10
89.034,0.000,0.000,49.60,35.14
89.036,0.000,0.000,50.86,35.25
89.037,0.000,0.000,50.86,35.33
89.046,0.000,0.000,52.02,35.27
89.047,0.000,0.000,52.02,35.22
89.048,0.000,0.000,52.02,35.19
89.049,0.000,0.000,52.02,35.17
89.081,0.000,0.000,52.86,35.42
89.082,0.000,0.000,52.86,35.61
89.085,0.000,0.000,53.52,35.99
89.086,0.000,0.000,53.52,36.26
89.096,0.000,0.000,54.17,36.70
89.097,0.000,0.000,54.17,37.01
89.112,0.000,0.000,54.90,37.43
89.114,0.000,0.000,54.90,37.72
89.115,0.000,0.000,54.90,37.93
89.116,0.000,0.000,54.90,38.07
89.138,0.000,0.000,55.91,38.35
89.139,0.000,0.000,55.91,38.54
89.140,0.000,0.000,55.91,38.67
89.143,0.000,0.000,55.91,38.77
89.149,0.000,0.000,57.14,38.60
89.152,0.000,0.000,57.14,38.49
89.162,0.000,0.000,58.30,38.04
89.163,0.000,0.000,58.30,37.74
89.164,0.000,0.000,58.30,37.52
89.165,0.000,0.000,58.30,37.37
89.192,0.000,0.000,59.20,37.23
89.193,0.000,0.000,59.20,37.14
89.198,0.000,0.000,59.97,37.05
89.199,0.000,0.000,59.97,36.98
89.206,0.000,0.000,60.71,37.00
89.210,0.000,0.000,60.71,37.02
89.211,0.000,0.000,60.71,37.04
89.212,0.000,0.000,60.71,37.04
89.236,0.000,0.000,61.56,37.21
89.237,0.000,0.000,61.56,37.33
89.240,0.000,0.000,62.66,37.52
89.241,0.000,0.000,62.66,37.65
89.255,0.000,0.000,63.82,37.51
89.258,0.000,0.000,63.82,37.41
89.262,0.000,0.000,63.82,37.34
89.263,0.000,0.000,63.82,37.29
89.287,0.000,0.000,64.85,37.31
89.288,0.000,0.000,64.85,37.32
89.296,0.000,0.000,65.81,37.09
89.297,0.000,0.000,65.81,36.92
89.302,0.000,0.000,66.75,36.70
89.303,0.000,0.000,66.75,36.55
89.304,0.000,0.000,66.75,36.45
89.308,0.000,0.000,66.75,36.37
89.335,0.000,0.000,67.61,36.51
89.336,0.000,0.000,67.61,36.61
89.339,0.000,0.000,68.51,36.71
89.345,0.000,0.000,68.51,36.78
89.347,0.000,0.000,68.51,36.84
89.348,0.000,0.000,68.51,36.87
89.350,0.000,0.000,69.49,36.77
89.351,0.000,0.000,69.49,36.69
89.351,0.000,0.000,69.49,36.64
89.352,0.000,0.000,69.49,36.61
89.380,0.000,0.000,70.64,36.74
89.381,0.000,0.000,70.64,36.84
89.384,0.000,0.000,71.75,36.79
89.385,0.000,0.000,71.75,36.75
89.386,0.000,0.000,71.75,36.73
89.387,0.000,0.000,71.75,36.71
89.398,0.000,0.000,72.76,36.53
89.399,0.000,0.000,72.76,36.40
89.400,0.000,0.000,72.76,36.31
89.401,0.000,0.000,72.76,36.24
89.430,0.000,0.000,73.56,36.37
89.431,0.000,0.000,73.56,36.46
89.434,0.000,0.000,74.10,36.77
89.435,0.000,0.000,74.10,37.00
89.436,0.000,0.000,74.10,37.15
89.437,0.000,0.000,74.10,37.26
89.447,0.000,0.000,74.40,37.74
89.448,0.000,0.000,74.40,38.08
89.450,0.000,0.000,74.40,38.32
89.451,0.000,0.000,74.40,38.48
89.474,0.000,0.000,74.66,39.27
89.475,0.000,0.000,74.66,39.82
89.487,0.000,0.000,74.66,40.21
89.490,0.000,0.000,74.66,40.48
89.496,0.000,0.000,75.03,41.26
89.497,0.000,0.000,75.03,41.81
89.500,0.000,0.000,75.03,42.20
89.501,0.000,0.000,75.03,42.47
89.502,0.000,0.000,75.03,42.66
89.502,0.000,0.000,75.03,42.79
89.513,0.000,0.000,75.03,42.88
89.514,0.000,0.000,75.03,42.95
89.516,0.000,0.000,75.03,42.99
89.517,0.000,0.000,75.03,43.02
89.541,0.000,0.000,76.33,43.29
89.542,0.000,0.000,76.33,43.49
89.548,0.000,0.000,76.51,43.94
89.549,0.000,0.000,76.51,44.25
89.559,0.000,0.000,76.54,44.71
89.562,0.000,0.000,76.54,45.04
89.564,0.000,0.000,76.54,45.26
89.565,0.000,0.000,76.54,45.42
89.595,0.000,0.000,76.47,45.82
89.599,0.000,0.000,76.47,46.11
89.602,0.000,0.000,76.36,46.73
89.603,0.000,0.000,76.36,47.17
89.607,0.000,0.000,76.24,48.07
89.608,0.000,0.000,76.24,48.70
89.609,0.000,0.000,76.24,49.14
89.614,0.000,0.000,76.24,49.45
89.637,0.000,0.000,76.03,50.03
89.639,0.000,0.000,76.03,50.43
89.647,0.000,0.000,75.54,51.35
89.648,0.000,0.000,75.54,52.00
89.654,0.000,0.000,74.46,54.01
89.657,0.000,0.000,74.46,55.42
89.659,0.000,0.000,74.46,56.41
89.663,0.000,0.000,74.46,57.10
89.687,0.000,0.000,72.76,59.17
89.688,0.000,0.000,72.76,60.62
89.696,0.000,0.000,70.52,66.07
89.697,0.000,0.000,70.52,69.89
89.702,0.000,0.000,67.83,77.52
89.703,0.000,0.000,67.83,82.86
89.704,0.000,0.000,67.83,86.60
89.706,0.000,0.000,67.83,89.22
89.732,0.000,0.000,64.95,92.45
89.733,0.000,0.000,64.95,94.72
89.737,0.000,0.000,62.23,96.30
89.738,0.000,0.000,62.23,97.41
89.739,0.000,0.000,62.23,98.19
89.740,0.000,0.000,62.23,98.73
89.750,0.000,0.000,60.07,99.11
89.751,0.000,0.000,60.07,99.38
89.783,0.000,0.000,58.29,99.56
89.784,0.000,0.000,58.29,99.70
89.785,0.000,0.000,58.29,99.79
89.786,0.000,0.000,58.29,99.85
89.788,0.000,0.000,56.32,99.90
89.792,0.000,0.000,56.32,99.93
89.796,0.000,0.000,56.32,99.95
89.797,0.000,0.000,56.32,99.96
89.799,0.000,0.000,53.93,99.97
89.800,0.000,0.000,53.93,99.98
89.833,0.000,0.000,51.28,99.99
89.834,0.000,0.000,51.28,99.99
89.835,0.000,0.000,51.28,99.99
89.836,0.000,0.000,51.28,100.00
89.837,0.000,0.000,48.69,99.97
89.838,0.000,0.000,48.69,99.95
89.847,0.000,0.000,48.69,99.94
89.848,0.000,0.000,48.69,99.93
89.849,0.000,0.000,46.48,99.77
89.849,0.000,0.000,46.48,99.66
89.850,0.000,0.000,46.48,99.58
89.851,0.000,0.000,46.48,99.52
89.871,0.000,0.000,44.50,99.22
89.873,0.000,0.000,44.50,99.01
89.886,0.000,0.000,44.50,98.86
89.895,0.000,0.000,44.50,98.75
89.898,0.000,0.000,42.62,98.32
89.899,0.000,0.000,42.62,98.02
89.902,0.000,0.000,40.69,97.34
89.903,0.000,0.000,40.69,96.87
89.913,0.000,0.000,38.63,95.91
89.914,0.000,0.000,38.63,95.25
89.916,0.000,0.000,38.63,94.78
89.916,0.000,0.000,38.63,94.45
89.940,0.000,0.000,36.35,93.40
89.942,0.000,0.000,36.35,92.66
89.943,0.000,0.000,36.35,92.15
89.946,0.000,0.000,36.35,91.79
89.950,0.000,0.000,34.08,90.58
89.951,0.000,0.000,34.08,89.73
89.952,0.000,0.000,34.08,89.14
89.953,0.000,0.000,34.08,88.72
89.962,0.000,0.000,31.96,87.41
89.963,0.000,0.000,31.96,86.50
89.986,0.000,0.000,30.16,84.91
89.987,0.000,0.000,30.16,83.79
89.992,0.000,0.000,28.72,82.20
89.996,0.000,0.000,28.72,81.08
90.007,0.000,0.000,27.50,78.41
90.008,0.000,0.000,27.50,76.55
90.009,0.000,0.000,27.50,75.24
90.011,0.000,0.000,27.50,74.33
90.036,0.000,0.000,26.39,71.35
90.037,0.000,0.000,26.39,69.27
90.039,0.000,0.000,26.39,67.81
90.041,0.000,0.000,26.39,66.79
90.046,0.000,0.000,25.32,63.99
90.048,0.000,0.000,25.32,62.04
90.054,0.000,0.000,24.44,59.38
90.057,0.000,0.000,24.44,57.51
90.059,0.000,0.000,24.44,56.21
90.063,0.000,0.000,24.44,55.30
90.086,0.000,0.000,23.74,53.26
90.087,0.000,0.000,23.74,51.83
90.091,0.000,0.000,23.17,49.92
90.092,0.000,0.000,23.17,48.59
90.094,0.000,0.000,23.17,47.65
90.095,0.000,0.000,23.17,47.00
90.102,0.000,0.000,22.57,45.76
90.102,0.000,0.000,22.57,44.89
90.104,0.000,0.000,22.57,44.28
90.105,0.000,0.000,22.57,43.86
90.134,0.000,0.000,22.17,42.84
90.135,0.000,0.000,22.17,42.12
90.138,0.000,0.000,21.90,40.90
90.139,0.000,0.000,21.90,40.05
90.140,0.000,0.000,21.90,39.45
90.142,0.000,0.000,21.90,39.03
90.147,0.000,0.000,21.90,38.74
90.149,0.000,0.000,21.90,38.53
90.150,0.000,0.000,21.73,37.97
90.151,0.000,0.000,21.73,37.58
90.152,0.000,0.000,21.73,37.30
90.153,0.000,0.000,21.73,37.11
90.181,0.000,0.000,21.60,36.44
90.182,0.000,0.000,21.60,35.98
90.185,0.000,0.000,21.58,35.21
90.186,0.000,0.000,21.58,34.67
90.198,0.000,0.000,21.55,34.07
90.199,0.000,0.000,21.55,33.65
90.200,0.000,0.000,21.55,33.36
90.201,0.000,0.000,21.55,33.16
90.230,0.000,0.000,21.56,23.21
90.231,0.000,0.000,21.56,16.25
90.234,0.000,0.000,21.70,11.37
90.235,0.000,0.000,21.70,7.96
90.235,0.000,0.000,21.70,5.57
90.236,0.000,0.000,21.70,3.90
90.247,0.000,0.000,22.17,2.73
90.248,0.000,0.000,22.17,11.12
90.249,0.000,0.000,22.17,16.99
90.249,0.000,0.000,22.17,21.10
90.271,0.000,0.000,23.05,23.70
90.272,0.000,0.000,23.05,25.52
90.293,0.000,0.000,23.05,26.80
90.297,0.000,0.000,23.05,27.69
90.299,0.000,0.000,24.17,28.16
90.299,0.000,0.000,24.17,28.49
90.302,0.000,0.000,25.39,28.31
90.303,0.000,0.000,25.39,28.18
90.313,0.000,0.000,26.59,27.90
90.314,0.000,0.000,26.59,27.71
90.330,0.000,0.000,26.59,27.57
90.331,0.000,0.000,26.59,27.47
90.348,0.000,0.000,27.59,27.46
90.349,0.000,0.000,27.59,27.45
90.351,0.000,0.000,28.43,27.62
90.351,0.000,0.000,28.43,27.74
90.354,0.000,0.000,28.43,27.82
90.359,0.000,0.000,28.43,27.88
90.365,0.000,0.000,29.32,28.11
90.366,0.000,0.000,29.32,28.28
90.389,0.000,0.000,30.47,28.79
90.393,0.000,0.000,30.47,29.14
90.399,0.000,0.000,31.86,29.65
90.400,0.000,0.000,31.86,30.00
90.409,0.000,0.000,33.38,30.19
90.413,0.000,0.000,33.38,30.32
90.414,0.000,0.000,33.38,30.41
90.415,0.000,0.000,33.38,30.48
90.441,0.000,0.000,34.78,30.74
90.442,0.000,0.000,34.78,30.93
90.447,0.000,0.000,36.00,30.94
90.448,0.000,0.000,36.00,30.96
90.454,0.000,0.000,36.99,31.08
90.457,0.000,0.000,36.99,31.16
90.459,0.000,0.000,36.99,31.22
90.464,0.000,0.000,36.99,31.26
90.482,0.000,0.000,37.90,31.53
90.483,0.000,0.000,37.90,31.71
90.500,0.000,0.000,37.90,31.84
90.501,0.000,0.000,37.90,31.93
90.502,0.000,0.000,38.87,32.46
90.503,0.000,0.000,38.87,32.83
90.509,0.000,0.000,40.17,33.08
90.511,0.000,0.000,40.17,33.25
90.537,0.000,0.000,41.88,33.60
90.538,0.000,0.000,41.88,33.84
90.546,0.000,0.000,43.94,33.77
90.547,0.000,0.000,43.94,33.72
90.551,0.000,0.000,45.85,33.53
90.552,0.000,0.000,45.85,33.40
90.552,0.000,0.000,45.85,33.30
90.553,0.000,0.000,45.85,33.24
90.584,0.000,0.000,47.66,33.15
90.585,0.000,0.000,47.66,33.08
90.586,0.000,0.000,47.66,33.04
90.587,0.000,0.000,47.66,33.01
90.590,0.000,0.000,49.47,33.00
90.596,0.000,0.000,49.47,33.00
90.598,0.000,0.000,49.47,33.00
90.599,0.000,0.000,49.47,33.00
90.600,0.000,0.000,51.18,33.00
90.600,0.000,0.000,51.18,33.00
90.601,0.000,0.000,51.18,33.00
90.602,0.000,0.000,51.18,33.00
90.633,0.000,0.000,52.67,33.02
90.634,0.000,0.000,52.67,33.03
90.635,0.000,0.000,52.67,33.04
90.636,0.000,0.000,52.67,33.05
90.644,0.000,0.000,54.22,33.11
90.648,0.000,0.000,54.22,33.15
90.649,0.000,0.000,54.22,33.18
90.650,0.000,0.000,54.22,33.20
90.651,0.000,0.000,56.05,33.23
90.652,0.000,0.000,56.05,33.26
90.680,0.000,0.000,57.95,33.25
90.681,0.000,0.000,57.95,33.24
90.686,0.000,0.000,57.95,33.23
90.687,0.000,0.000,57.95,33.23
90.689,0.000,0.000,59.55,33.27
90.690,0.000,0.000,59.55,33.30
90.699,0.000,0.000,60.79,33.38
90.700,0.000,0.000,60.79,33.43
90.716,0.000,0.000,61.80,33.54
90.718,0.000,0.000,61.80,33.62
90.718,0.000,0.000,61.80,33.67
90.719,0.000,0.000,61.80,33.71
90.747,0.000,0.000,62.68,34.08
90.748,0.000,0.000,62.68,34.33
90.750,0.000,0.000,63.69,34.51
90.751,0.000,0.000,63.69,34.63
90.758,0.000,0.000,65.02,34.70
90.762,0.000,0.000,65.02,34.75
90.764,0.000,0.000,65.02,34.78
90.766,0.000,0.000,65.02,34.81
90.790,0.000,0.000,66.64,34.79
90.791,0.000,0.000,66.64,34.78
90.796,0.000,0.000,68.39,34.43
90.800,0.000,0.000,68.39,34.19
90.801,0.000,0.000,68.39,34.01
90.802,0.000,0.000,68.39,33.89
90.806,0.000,0.000,70.02,33.65
90.813,0.000,0.000,70.02,33.49
90.814,0.000,0.000,70.02,33.37
90.815,0.000,0.000,70.02,33.29
90.841,0.000,0.000,71.40,33.29
90.842,0.000,0.000,71.40,33.30
90.843,0.000,0.000,71.40,33.30
90.843,0.000,0.000,71.40,33.30
90.849,0.000,0.000,72.44,33.42
90.850,0.000,0.000,72.44,33.50
90.854,0.000,0.000,73.19,33.64
90.855,0.000,0.000,73.19,33.74
90.859,0.000,0.000,73.19,33.80
90.861,0.000,0.000,73.19,33.85
90.886,0.000,0.000,73.83,34.58
90.887,0.000,0.000,73.83,35.09
90.892,0.000,0.000,74.48,35.91
90.894,0.000,0.000,74.48,36.48
90.897,0.000,0.000,74.48,36.89
90.898,0.000,0.000,74.48,37.17
90.902,0.000,0.000,75.07,37.84
90.903,0.000,0.000,75.07,38.31
90.904,0.000,0.000,75.07,38.63
90.907,0.000,0.000,75.07,38.86
90.932,0.000,0.000,75.56,39.33
90.933,0.000,0.000,75.56,39.65
90.936,0.000,0.000,75.93,40.26
90.938,0.000,0.000,75.93,40.68
90.950,0.000,0.000,76.24,41.12
90.951,0.000,0.000,76.24,41.42
90.952,0.000,0.000,76.24,41.63
90.953,0.000,0.000,76.24,41.78
90.994,0.000,0.000,76.61,42.17
90.997,0.000,0.000,76.61,42.45
90.998,0.000,0.000,76.61,42.64
90.999,0.000,0.000,76.61,42.78
91.002,0.000,0.000,76.99,43.06
91.003,0.000,0.000,76.99,43.25
91.004,0.000,0.000,76.99,43.39
91.005,0.000,0.000,76.99,43.48
91.008,0.000,0.000,77.38,43.61
91.013,0.000,0.000,77.38,43.69
91.015,0.000,0.000,77.38,43.76
91.016,0.000,0.000,77.38,43.80
91.017,0.000,0.000,77.66,43.89
91.030,0.000,0.000,77.66,43.95
91.031,0.000,0.000,77.66,43.99
91.032,0.000,0.000,77.66,44.02
91.048,0.000,0.000,77.77,44.27
91.049,0.000,0.000,77.77,44.45
91.050,0.000,0.000,77.77,44.57
91.050,0.000,0.000,77.77,44.66
91.053,0.000,0.000,77.82,45.02
91.054,0.000,0.000,77.82,45.27
91.079,0.000,0.000,77.81,45.80
91.085,0.000,0.000,77.81,46.17
91.086,0.000,0.000,77.81,46.43
91.087,0.000,0.000,77.81,46.61
91.088,0.000,0.000,77.80,47.13
91.089,0.000,0.000,77.80,47.50
91.090,0.000,0.000,77.80,47.76
91.097,0.000,0.000,77.80,47.93
91.099,0.000,0.000,77.86,48.28
91.100,0.000,0.000,77.86,48.52
91.113,0.000,0.000,77.97,48.68
91.114,0.000,0.000,77.97,48.79
91.137,0.000,0.000,78.05,48.83
91.138,0.000,0.000,78.05,48.86
91.139,0.000,0.000,78.05,48.87
91.142,0.000,0.000,78.05,48.89
91.147,0.000,0.000,78.06,48.88
91.148,0.000,0.000,78.06,48.88
91.149,0.000,0.000,78.06,48.88
91.150,0.000,0.000,78.06,48.88
91.159,0.000,0.000,77.99,48.94
91.163,0.000,0.000,77.99,48.98
91.164,0.000,0.000,77.99,49.01
91.164,0.000,0.000,77.99,49.03
91.188,0.000,0.000,77.83,49.25
91.189,0.000,0.000,77.83,49.40
91.197,0.000,0.000,77.64,49.84
91.198,0.000,0.000,77.64,50.15
91.209,0.000,0.000,77.42,50.74
91.212,0.000,0.000,77.42,51.16
91.214,0.000,0.000,77.42,51.46
91.215,0.000,0.000,77.42,51.66
91.240,0.000,0.000,77.28,51.93
91.241,0.000,0.000,77.28,52.12
91.246,0.000,0.000,77.16,52.33
91.248,0.000,0.000,77.16,52.47
